ISO-10303-21;
HEADER;
/* Generated by software containing ST-Developer
 * from STEP Tools, Inc. (www.steptools.com) 
 */
/* OPTION: using custom renumber hook */

FILE_DESCRIPTION(
/* description */ ('STEP AP242 Edition 2',
'CAx-IF Rec.Pracs.---Representation and Presentation of Product Manufa
cturing Information (PMI)---4.0---2014-10-13',
'CAx-IF Rec.Pracs.---3D Tessellated Geometry---0.4---2014-09-14','2;1',
'CAx-IF Rec.Pracs.---User Defined Attributes---1.5---2016-08-15'),
/* implementation_level */ '2;1');

FILE_NAME(
/* name */ 'Part Studio 1',
/* time_stamp */ '2026-09-08T11:44:45Z',
/* author */ (''),
/* organization */ (''),
/* preprocessor_version */ 'ST-DEVELOPER v20',
/* originating_system */ 'ONSHAPE BY PTC INC, 1.220',
/* authorisation */ '  ');

FILE_SCHEMA (('AP242_MANAGED_MODEL_BASED_3D_ENGINEERING_MIM_LF { 1 0 10303 442 3 1 4 }'));
ENDSEC;

DATA;
#10=SHAPE_REPRESENTATION_RELATIONSHIP('','',#5722,#11);
#11=ADVANCED_BREP_SHAPE_REPRESENTATION('',(#5720),#9890);
#12=B_SPLINE_SURFACE_WITH_KNOTS('',3,1,((#7711,#7712),(#7713,#7714),(#7715,
#7716),(#7717,#7718)),.SURF_OF_LINEAR_EXTRUSION.,.F.,.F.,.F.,(4,4),(2,2),
(0.,1.),(0.,1.),.PIECEWISE_BEZIER_KNOTS.);
#13=B_SPLINE_SURFACE_WITH_KNOTS('',3,1,((#7724,#7725),(#7726,#7727),(#7728,
#7729),(#7730,#7731)),.SURF_OF_LINEAR_EXTRUSION.,.F.,.F.,.F.,(4,4),(2,2),
(0.,1.),(0.,1.),.PIECEWISE_BEZIER_KNOTS.);
#14=B_SPLINE_SURFACE_WITH_KNOTS('',3,1,((#7737,#7738),(#7739,#7740),(#7741,
#7742),(#7743,#7744)),.SURF_OF_LINEAR_EXTRUSION.,.F.,.F.,.F.,(4,4),(2,2),
(0.,1.),(0.,1.),.PIECEWISE_BEZIER_KNOTS.);
#15=B_SPLINE_SURFACE_WITH_KNOTS('',3,1,((#7750,#7751),(#7752,#7753),(#7754,
#7755),(#7756,#7757)),.SURF_OF_LINEAR_EXTRUSION.,.F.,.F.,.F.,(4,4),(2,2),
(0.,1.),(0.,1.),.PIECEWISE_BEZIER_KNOTS.);
#16=B_SPLINE_SURFACE_WITH_KNOTS('',3,1,((#7775,#7776),(#7777,#7778),(#7779,
#7780),(#7781,#7782)),.SURF_OF_LINEAR_EXTRUSION.,.F.,.F.,.F.,(4,4),(2,2),
(0.,1.),(0.,1.),.PIECEWISE_BEZIER_KNOTS.);
#17=B_SPLINE_SURFACE_WITH_KNOTS('',3,1,((#7788,#7789),(#7790,#7791),(#7792,
#7793),(#7794,#7795)),.SURF_OF_LINEAR_EXTRUSION.,.F.,.F.,.F.,(4,4),(2,2),
(0.,1.),(0.,1.),.PIECEWISE_BEZIER_KNOTS.);
#18=B_SPLINE_SURFACE_WITH_KNOTS('',3,1,((#7805,#7806),(#7807,#7808),(#7809,
#7810),(#7811,#7812)),.SURF_OF_LINEAR_EXTRUSION.,.F.,.F.,.F.,(4,4),(2,2),
(0.,1.),(0.,1.),.PIECEWISE_BEZIER_KNOTS.);
#19=B_SPLINE_SURFACE_WITH_KNOTS('',3,1,((#7818,#7819),(#7820,#7821),(#7822,
#7823),(#7824,#7825)),.SURF_OF_LINEAR_EXTRUSION.,.F.,.F.,.F.,(4,4),(2,2),
(0.,1.),(0.,1.),.PIECEWISE_BEZIER_KNOTS.);
#20=B_SPLINE_SURFACE_WITH_KNOTS('',3,1,((#7851,#7852),(#7853,#7854),(#7855,
#7856),(#7857,#7858)),.SURF_OF_LINEAR_EXTRUSION.,.F.,.F.,.F.,(4,4),(2,2),
(0.,1.),(0.,1.),.PIECEWISE_BEZIER_KNOTS.);
#21=B_SPLINE_SURFACE_WITH_KNOTS('',3,1,((#7868,#7869),(#7870,#7871),(#7872,
#7873),(#7874,#7875)),.SURF_OF_LINEAR_EXTRUSION.,.F.,.F.,.F.,(4,4),(2,2),
(0.,1.),(0.,1.),.PIECEWISE_BEZIER_KNOTS.);
#22=B_SPLINE_SURFACE_WITH_KNOTS('',3,1,((#7885,#7886),(#7887,#7888),(#7889,
#7890),(#7891,#7892)),.SURF_OF_LINEAR_EXTRUSION.,.F.,.F.,.F.,(4,4),(2,2),
(0.,1.),(0.,1.),.PIECEWISE_BEZIER_KNOTS.);
#23=B_SPLINE_SURFACE_WITH_KNOTS('',3,1,((#7917,#7918),(#7919,#7920),(#7921,
#7922),(#7923,#7924)),.SURF_OF_LINEAR_EXTRUSION.,.F.,.F.,.F.,(4,4),(2,2),
(0.,1.),(0.,1.),.PIECEWISE_BEZIER_KNOTS.);
#24=B_SPLINE_SURFACE_WITH_KNOTS('',3,1,((#7934,#7935),(#7936,#7937),(#7938,
#7939),(#7940,#7941)),.SURF_OF_LINEAR_EXTRUSION.,.F.,.F.,.F.,(4,4),(2,2),
(0.,1.),(0.,1.),.PIECEWISE_BEZIER_KNOTS.);
#25=B_SPLINE_SURFACE_WITH_KNOTS('',3,1,((#7951,#7952),(#7953,#7954),(#7955,
#7956),(#7957,#7958)),.SURF_OF_LINEAR_EXTRUSION.,.F.,.F.,.F.,(4,4),(2,2),
(0.,1.),(0.,1.),.PIECEWISE_BEZIER_KNOTS.);
#26=B_SPLINE_SURFACE_WITH_KNOTS('',3,1,((#7978,#7979),(#7980,#7981),(#7982,
#7983),(#7984,#7985)),.SURF_OF_LINEAR_EXTRUSION.,.F.,.F.,.F.,(4,4),(2,2),
(0.,1.),(0.,1.),.PIECEWISE_BEZIER_KNOTS.);
#27=B_SPLINE_SURFACE_WITH_KNOTS('',3,1,((#7991,#7992),(#7993,#7994),(#7995,
#7996),(#7997,#7998)),.SURF_OF_LINEAR_EXTRUSION.,.F.,.F.,.F.,(4,4),(2,2),
(0.,1.),(0.,1.),.PIECEWISE_BEZIER_KNOTS.);
#28=B_SPLINE_SURFACE_WITH_KNOTS('',3,1,((#8004,#8005),(#8006,#8007),(#8008,
#8009),(#8010,#8011)),.SURF_OF_LINEAR_EXTRUSION.,.F.,.F.,.F.,(4,4),(2,2),
(0.,1.),(0.,1.),.PIECEWISE_BEZIER_KNOTS.);
#29=B_SPLINE_SURFACE_WITH_KNOTS('',3,1,((#8017,#8018),(#8019,#8020),(#8021,
#8022),(#8023,#8024)),.SURF_OF_LINEAR_EXTRUSION.,.F.,.F.,.F.,(4,4),(2,2),
(0.,1.),(0.,1.),.PIECEWISE_BEZIER_KNOTS.);
#30=B_SPLINE_SURFACE_WITH_KNOTS('',3,1,((#8030,#8031),(#8032,#8033),(#8034,
#8035),(#8036,#8037)),.SURF_OF_LINEAR_EXTRUSION.,.F.,.F.,.F.,(4,4),(2,2),
(0.,1.),(0.,1.),.PIECEWISE_BEZIER_KNOTS.);
#31=B_SPLINE_SURFACE_WITH_KNOTS('',3,1,((#8043,#8044),(#8045,#8046),(#8047,
#8048),(#8049,#8050)),.SURF_OF_LINEAR_EXTRUSION.,.F.,.F.,.F.,(4,4),(2,2),
(0.,1.),(0.,1.),.PIECEWISE_BEZIER_KNOTS.);
#32=B_SPLINE_SURFACE_WITH_KNOTS('',3,1,((#8056,#8057),(#8058,#8059),(#8060,
#8061),(#8062,#8063)),.SURF_OF_LINEAR_EXTRUSION.,.F.,.F.,.F.,(4,4),(2,2),
(0.,1.),(0.,1.),.PIECEWISE_BEZIER_KNOTS.);
#33=B_SPLINE_SURFACE_WITH_KNOTS('',3,1,((#8069,#8070),(#8071,#8072),(#8073,
#8074),(#8075,#8076)),.SURF_OF_LINEAR_EXTRUSION.,.F.,.F.,.F.,(4,4),(2,2),
(0.,1.),(0.,1.),.PIECEWISE_BEZIER_KNOTS.);
#34=B_SPLINE_SURFACE_WITH_KNOTS('',3,1,((#8087,#8088),(#8089,#8090),(#8091,
#8092),(#8093,#8094)),.SURF_OF_LINEAR_EXTRUSION.,.F.,.F.,.F.,(4,4),(2,2),
(0.,1.),(0.,1.),.PIECEWISE_BEZIER_KNOTS.);
#35=B_SPLINE_SURFACE_WITH_KNOTS('',3,1,((#8124,#8125),(#8126,#8127),(#8128,
#8129),(#8130,#8131)),.SURF_OF_LINEAR_EXTRUSION.,.F.,.F.,.F.,(4,4),(2,2),
(0.,1.),(0.,1.),.PIECEWISE_BEZIER_KNOTS.);
#36=B_SPLINE_SURFACE_WITH_KNOTS('',3,1,((#8141,#8142),(#8143,#8144),(#8145,
#8146),(#8147,#8148)),.SURF_OF_LINEAR_EXTRUSION.,.F.,.F.,.F.,(4,4),(2,2),
(0.,1.),(0.,1.),.PIECEWISE_BEZIER_KNOTS.);
#37=B_SPLINE_SURFACE_WITH_KNOTS('',3,1,((#8158,#8159),(#8160,#8161),(#8162,
#8163),(#8164,#8165)),.SURF_OF_LINEAR_EXTRUSION.,.F.,.F.,.F.,(4,4),(2,2),
(0.,1.),(0.,1.),.PIECEWISE_BEZIER_KNOTS.);
#38=B_SPLINE_SURFACE_WITH_KNOTS('',3,1,((#8197,#8198),(#8199,#8200),(#8201,
#8202),(#8203,#8204)),.SURF_OF_LINEAR_EXTRUSION.,.F.,.F.,.F.,(4,4),(2,2),
(0.,1.),(0.,1.),.PIECEWISE_BEZIER_KNOTS.);
#39=B_SPLINE_SURFACE_WITH_KNOTS('',3,1,((#8210,#8211),(#8212,#8213),(#8214,
#8215),(#8216,#8217)),.SURF_OF_LINEAR_EXTRUSION.,.F.,.F.,.F.,(4,4),(2,2),
(0.,1.),(0.,1.),.PIECEWISE_BEZIER_KNOTS.);
#40=B_SPLINE_SURFACE_WITH_KNOTS('',3,1,((#8223,#8224),(#8225,#8226),(#8227,
#8228),(#8229,#8230)),.SURF_OF_LINEAR_EXTRUSION.,.F.,.F.,.F.,(4,4),(2,2),
(0.,1.),(0.,1.),.PIECEWISE_BEZIER_KNOTS.);
#41=B_SPLINE_SURFACE_WITH_KNOTS('',3,1,((#8236,#8237),(#8238,#8239),(#8240,
#8241),(#8242,#8243)),.SURF_OF_LINEAR_EXTRUSION.,.F.,.F.,.F.,(4,4),(2,2),
(0.,1.),(0.,1.),.PIECEWISE_BEZIER_KNOTS.);
#42=B_SPLINE_SURFACE_WITH_KNOTS('',3,1,((#8263,#8264),(#8265,#8266),(#8267,
#8268),(#8269,#8270)),.SURF_OF_LINEAR_EXTRUSION.,.F.,.F.,.F.,(4,4),(2,2),
(0.,1.),(0.,1.),.PIECEWISE_BEZIER_KNOTS.);
#43=B_SPLINE_SURFACE_WITH_KNOTS('',3,1,((#8307,#8308),(#8309,#8310),(#8311,
#8312),(#8313,#8314)),.SURF_OF_LINEAR_EXTRUSION.,.F.,.F.,.F.,(4,4),(2,2),
(0.,1.),(0.,1.),.PIECEWISE_BEZIER_KNOTS.);
#44=B_SPLINE_SURFACE_WITH_KNOTS('',3,1,((#8346,#8347),(#8348,#8349),(#8350,
#8351),(#8352,#8353)),.SURF_OF_LINEAR_EXTRUSION.,.F.,.F.,.F.,(4,4),(2,2),
(0.,1.),(0.,1.),.PIECEWISE_BEZIER_KNOTS.);
#45=B_SPLINE_SURFACE_WITH_KNOTS('',3,1,((#8359,#8360),(#8361,#8362),(#8363,
#8364),(#8365,#8366)),.SURF_OF_LINEAR_EXTRUSION.,.F.,.F.,.F.,(4,4),(2,2),
(0.,1.),(0.,1.),.PIECEWISE_BEZIER_KNOTS.);
#46=B_SPLINE_SURFACE_WITH_KNOTS('',3,1,((#8372,#8373),(#8374,#8375),(#8376,
#8377),(#8378,#8379)),.SURF_OF_LINEAR_EXTRUSION.,.F.,.F.,.F.,(4,4),(2,2),
(0.,1.),(0.,1.),.PIECEWISE_BEZIER_KNOTS.);
#47=B_SPLINE_SURFACE_WITH_KNOTS('',3,1,((#8397,#8398),(#8399,#8400),(#8401,
#8402),(#8403,#8404)),.SURF_OF_LINEAR_EXTRUSION.,.F.,.F.,.F.,(4,4),(2,2),
(0.,1.),(0.,1.),.PIECEWISE_BEZIER_KNOTS.);
#48=B_SPLINE_SURFACE_WITH_KNOTS('',3,1,((#8439,#8440),(#8441,#8442),(#8443,
#8444),(#8445,#8446)),.SURF_OF_LINEAR_EXTRUSION.,.F.,.F.,.F.,(4,4),(2,2),
(0.,1.),(0.,1.),.PIECEWISE_BEZIER_KNOTS.);
#49=B_SPLINE_SURFACE_WITH_KNOTS('',3,1,((#8452,#8453),(#8454,#8455),(#8456,
#8457),(#8458,#8459)),.SURF_OF_LINEAR_EXTRUSION.,.F.,.F.,.F.,(4,4),(2,2),
(0.,1.),(0.,1.),.PIECEWISE_BEZIER_KNOTS.);
#50=B_SPLINE_SURFACE_WITH_KNOTS('',3,1,((#8473,#8474),(#8475,#8476),(#8477,
#8478),(#8479,#8480)),.SURF_OF_LINEAR_EXTRUSION.,.F.,.F.,.F.,(4,4),(2,2),
(0.,1.),(0.,1.),.PIECEWISE_BEZIER_KNOTS.);
#51=B_SPLINE_SURFACE_WITH_KNOTS('',3,1,((#8486,#8487),(#8488,#8489),(#8490,
#8491),(#8492,#8493)),.SURF_OF_LINEAR_EXTRUSION.,.F.,.F.,.F.,(4,4),(2,2),
(0.,1.),(0.,1.),.PIECEWISE_BEZIER_KNOTS.);
#52=B_SPLINE_SURFACE_WITH_KNOTS('',3,1,((#8499,#8500),(#8501,#8502),(#8503,
#8504),(#8505,#8506)),.SURF_OF_LINEAR_EXTRUSION.,.F.,.F.,.F.,(4,4),(2,2),
(0.,1.),(0.,1.),.PIECEWISE_BEZIER_KNOTS.);
#53=B_SPLINE_SURFACE_WITH_KNOTS('',3,1,((#8527,#8528),(#8529,#8530),(#8531,
#8532),(#8533,#8534)),.SURF_OF_LINEAR_EXTRUSION.,.F.,.F.,.F.,(4,4),(2,2),
(0.,1.),(0.,1.),.PIECEWISE_BEZIER_KNOTS.);
#54=B_SPLINE_SURFACE_WITH_KNOTS('',3,1,((#8542,#8543),(#8544,#8545),(#8546,
#8547),(#8548,#8549)),.SURF_OF_LINEAR_EXTRUSION.,.F.,.F.,.F.,(4,4),(2,2),
(0.,1.),(0.,1.),.PIECEWISE_BEZIER_KNOTS.);
#55=B_SPLINE_SURFACE_WITH_KNOTS('',3,1,((#8555,#8556),(#8557,#8558),(#8559,
#8560),(#8561,#8562)),.SURF_OF_LINEAR_EXTRUSION.,.F.,.F.,.F.,(4,4),(2,2),
(0.,1.),(0.,1.),.PIECEWISE_BEZIER_KNOTS.);
#56=B_SPLINE_SURFACE_WITH_KNOTS('',3,1,((#8568,#8569),(#8570,#8571),(#8572,
#8573),(#8574,#8575)),.SURF_OF_LINEAR_EXTRUSION.,.F.,.F.,.F.,(4,4),(2,2),
(0.,1.),(0.,1.),.PIECEWISE_BEZIER_KNOTS.);
#57=B_SPLINE_SURFACE_WITH_KNOTS('',3,1,((#8581,#8582),(#8583,#8584),(#8585,
#8586),(#8587,#8588)),.SURF_OF_LINEAR_EXTRUSION.,.F.,.F.,.F.,(4,4),(2,2),
(0.,1.),(0.,1.),.PIECEWISE_BEZIER_KNOTS.);
#58=B_SPLINE_SURFACE_WITH_KNOTS('',3,1,((#8594,#8595),(#8596,#8597),(#8598,
#8599),(#8600,#8601)),.SURF_OF_LINEAR_EXTRUSION.,.F.,.F.,.F.,(4,4),(2,2),
(0.,1.),(0.,1.),.PIECEWISE_BEZIER_KNOTS.);
#59=B_SPLINE_SURFACE_WITH_KNOTS('',3,1,((#8607,#8608),(#8609,#8610),(#8611,
#8612),(#8613,#8614)),.SURF_OF_LINEAR_EXTRUSION.,.F.,.F.,.F.,(4,4),(2,2),
(0.,1.),(0.,1.),.PIECEWISE_BEZIER_KNOTS.);
#60=B_SPLINE_SURFACE_WITH_KNOTS('',3,1,((#8620,#8621),(#8622,#8623),(#8624,
#8625),(#8626,#8627)),.SURF_OF_LINEAR_EXTRUSION.,.F.,.F.,.F.,(4,4),(2,2),
(0.,1.),(0.,1.),.PIECEWISE_BEZIER_KNOTS.);
#61=B_SPLINE_SURFACE_WITH_KNOTS('',3,1,((#8654,#8655),(#8656,#8657),(#8658,
#8659),(#8660,#8661)),.SURF_OF_LINEAR_EXTRUSION.,.F.,.F.,.F.,(4,4),(2,2),
(0.,1.),(0.,1.),.PIECEWISE_BEZIER_KNOTS.);
#62=B_SPLINE_SURFACE_WITH_KNOTS('',3,1,((#8667,#8668),(#8669,#8670),(#8671,
#8672),(#8673,#8674)),.SURF_OF_LINEAR_EXTRUSION.,.F.,.F.,.F.,(4,4),(2,2),
(0.,1.),(0.,1.),.PIECEWISE_BEZIER_KNOTS.);
#63=B_SPLINE_SURFACE_WITH_KNOTS('',3,1,((#8696,#8697),(#8698,#8699),(#8700,
#8701),(#8702,#8703)),.SURF_OF_LINEAR_EXTRUSION.,.F.,.F.,.F.,(4,4),(2,2),
(0.,1.),(0.,1.),.PIECEWISE_BEZIER_KNOTS.);
#64=B_SPLINE_SURFACE_WITH_KNOTS('',3,1,((#8716,#8717),(#8718,#8719),(#8720,
#8721),(#8722,#8723)),.SURF_OF_LINEAR_EXTRUSION.,.F.,.F.,.F.,(4,4),(2,2),
(0.,1.),(0.,1.),.PIECEWISE_BEZIER_KNOTS.);
#65=B_SPLINE_SURFACE_WITH_KNOTS('',3,1,((#8731,#8732),(#8733,#8734),(#8735,
#8736),(#8737,#8738)),.SURF_OF_LINEAR_EXTRUSION.,.F.,.F.,.F.,(4,4),(2,2),
(0.,1.),(0.,1.),.PIECEWISE_BEZIER_KNOTS.);
#66=B_SPLINE_SURFACE_WITH_KNOTS('',3,1,((#8744,#8745),(#8746,#8747),(#8748,
#8749),(#8750,#8751)),.SURF_OF_LINEAR_EXTRUSION.,.F.,.F.,.F.,(4,4),(2,2),
(0.,1.),(0.,1.),.PIECEWISE_BEZIER_KNOTS.);
#67=B_SPLINE_SURFACE_WITH_KNOTS('',3,1,((#8757,#8758),(#8759,#8760),(#8761,
#8762),(#8763,#8764)),.SURF_OF_LINEAR_EXTRUSION.,.F.,.F.,.F.,(4,4),(2,2),
(0.,1.),(0.,1.),.PIECEWISE_BEZIER_KNOTS.);
#68=B_SPLINE_SURFACE_WITH_KNOTS('',3,1,((#8770,#8771),(#8772,#8773),(#8774,
#8775),(#8776,#8777)),.SURF_OF_LINEAR_EXTRUSION.,.F.,.F.,.F.,(4,4),(2,2),
(0.,1.),(0.,1.),.PIECEWISE_BEZIER_KNOTS.);
#69=B_SPLINE_SURFACE_WITH_KNOTS('',3,1,((#8783,#8784),(#8785,#8786),(#8787,
#8788),(#8789,#8790)),.SURF_OF_LINEAR_EXTRUSION.,.F.,.F.,.F.,(4,4),(2,2),
(0.,1.),(0.,1.),.PIECEWISE_BEZIER_KNOTS.);
#70=B_SPLINE_SURFACE_WITH_KNOTS('',3,1,((#8796,#8797),(#8798,#8799),(#8800,
#8801),(#8802,#8803)),.SURF_OF_LINEAR_EXTRUSION.,.F.,.F.,.F.,(4,4),(2,2),
(0.,1.),(0.,1.),.PIECEWISE_BEZIER_KNOTS.);
#71=B_SPLINE_SURFACE_WITH_KNOTS('',3,1,((#8809,#8810),(#8811,#8812),(#8813,
#8814),(#8815,#8816)),.SURF_OF_LINEAR_EXTRUSION.,.F.,.F.,.F.,(4,4),(2,2),
(0.,1.),(0.,1.),.PIECEWISE_BEZIER_KNOTS.);
#72=B_SPLINE_SURFACE_WITH_KNOTS('',3,1,((#8821,#8822),(#8823,#8824),(#8825,
#8826),(#8827,#8828)),.SURF_OF_LINEAR_EXTRUSION.,.F.,.F.,.F.,(4,4),(2,2),
(0.,1.),(0.,1.),.PIECEWISE_BEZIER_KNOTS.);
#73=B_SPLINE_SURFACE_WITH_KNOTS('',3,1,((#8836,#8837),(#8838,#8839),(#8840,
#8841),(#8842,#8843)),.SURF_OF_LINEAR_EXTRUSION.,.F.,.F.,.F.,(4,4),(2,2),
(0.,1.),(0.,1.),.PIECEWISE_BEZIER_KNOTS.);
#74=B_SPLINE_SURFACE_WITH_KNOTS('',3,1,((#8849,#8850),(#8851,#8852),(#8853,
#8854),(#8855,#8856)),.SURF_OF_LINEAR_EXTRUSION.,.F.,.F.,.F.,(4,4),(2,2),
(0.,1.),(0.,1.),.PIECEWISE_BEZIER_KNOTS.);
#75=B_SPLINE_SURFACE_WITH_KNOTS('',3,1,((#8862,#8863),(#8864,#8865),(#8866,
#8867),(#8868,#8869)),.SURF_OF_LINEAR_EXTRUSION.,.F.,.F.,.F.,(4,4),(2,2),
(0.,1.),(0.,1.),.PIECEWISE_BEZIER_KNOTS.);
#76=B_SPLINE_SURFACE_WITH_KNOTS('',3,1,((#8875,#8876),(#8877,#8878),(#8879,
#8880),(#8881,#8882)),.SURF_OF_LINEAR_EXTRUSION.,.F.,.F.,.F.,(4,4),(2,2),
(0.,1.),(0.,1.),.PIECEWISE_BEZIER_KNOTS.);
#77=B_SPLINE_SURFACE_WITH_KNOTS('',3,1,((#8888,#8889),(#8890,#8891),(#8892,
#8893),(#8894,#8895)),.SURF_OF_LINEAR_EXTRUSION.,.F.,.F.,.F.,(4,4),(2,2),
(0.,1.),(0.,1.),.PIECEWISE_BEZIER_KNOTS.);
#78=B_SPLINE_SURFACE_WITH_KNOTS('',3,1,((#8901,#8902),(#8903,#8904),(#8905,
#8906),(#8907,#8908)),.SURF_OF_LINEAR_EXTRUSION.,.F.,.F.,.F.,(4,4),(2,2),
(0.,1.),(0.,1.),.PIECEWISE_BEZIER_KNOTS.);
#79=B_SPLINE_SURFACE_WITH_KNOTS('',3,1,((#8914,#8915),(#8916,#8917),(#8918,
#8919),(#8920,#8921)),.SURF_OF_LINEAR_EXTRUSION.,.F.,.F.,.F.,(4,4),(2,2),
(0.,1.),(0.,1.),.PIECEWISE_BEZIER_KNOTS.);
#80=B_SPLINE_SURFACE_WITH_KNOTS('',3,1,((#8943,#8944),(#8945,#8946),(#8947,
#8948),(#8949,#8950)),.SURF_OF_LINEAR_EXTRUSION.,.F.,.F.,.F.,(4,4),(2,2),
(0.,1.),(0.,1.),.PIECEWISE_BEZIER_KNOTS.);
#81=B_SPLINE_SURFACE_WITH_KNOTS('',3,1,((#8958,#8959),(#8960,#8961),(#8962,
#8963),(#8964,#8965)),.SURF_OF_LINEAR_EXTRUSION.,.F.,.F.,.F.,(4,4),(2,2),
(0.,1.),(0.,1.),.PIECEWISE_BEZIER_KNOTS.);
#82=B_SPLINE_SURFACE_WITH_KNOTS('',3,1,((#8971,#8972),(#8973,#8974),(#8975,
#8976),(#8977,#8978)),.SURF_OF_LINEAR_EXTRUSION.,.F.,.F.,.F.,(4,4),(2,2),
(0.,1.),(0.,1.),.PIECEWISE_BEZIER_KNOTS.);
#83=B_SPLINE_SURFACE_WITH_KNOTS('',3,1,((#8984,#8985),(#8986,#8987),(#8988,
#8989),(#8990,#8991)),.SURF_OF_LINEAR_EXTRUSION.,.F.,.F.,.F.,(4,4),(2,2),
(0.,1.),(0.,1.),.PIECEWISE_BEZIER_KNOTS.);
#84=B_SPLINE_SURFACE_WITH_KNOTS('',3,1,((#8997,#8998),(#8999,#9000),(#9001,
#9002),(#9003,#9004)),.SURF_OF_LINEAR_EXTRUSION.,.F.,.F.,.F.,(4,4),(2,2),
(0.,1.),(0.,1.),.PIECEWISE_BEZIER_KNOTS.);
#85=B_SPLINE_SURFACE_WITH_KNOTS('',3,1,((#9010,#9011),(#9012,#9013),(#9014,
#9015),(#9016,#9017)),.SURF_OF_LINEAR_EXTRUSION.,.F.,.F.,.F.,(4,4),(2,2),
(0.,1.),(0.,1.),.PIECEWISE_BEZIER_KNOTS.);
#86=B_SPLINE_SURFACE_WITH_KNOTS('',3,1,((#9023,#9024),(#9025,#9026),(#9027,
#9028),(#9029,#9030)),.SURF_OF_LINEAR_EXTRUSION.,.F.,.F.,.F.,(4,4),(2,2),
(0.,1.),(0.,1.),.PIECEWISE_BEZIER_KNOTS.);
#87=B_SPLINE_SURFACE_WITH_KNOTS('',3,1,((#9036,#9037),(#9038,#9039),(#9040,
#9041),(#9042,#9043)),.SURF_OF_LINEAR_EXTRUSION.,.F.,.F.,.F.,(4,4),(2,2),
(0.,1.),(0.,1.),.PIECEWISE_BEZIER_KNOTS.);
#88=B_SPLINE_SURFACE_WITH_KNOTS('',3,1,((#9120,#9121),(#9122,#9123),(#9124,
#9125),(#9126,#9127)),.SURF_OF_LINEAR_EXTRUSION.,.F.,.F.,.F.,(4,4),(2,2),
(0.,1.),(0.,1.),.PIECEWISE_BEZIER_KNOTS.);
#89=B_SPLINE_SURFACE_WITH_KNOTS('',3,1,((#9137,#9138),(#9139,#9140),(#9141,
#9142),(#9143,#9144)),.SURF_OF_LINEAR_EXTRUSION.,.F.,.F.,.F.,(4,4),(2,2),
(0.,1.),(0.,1.),.PIECEWISE_BEZIER_KNOTS.);
#90=B_SPLINE_SURFACE_WITH_KNOTS('',3,1,((#9154,#9155),(#9156,#9157),(#9158,
#9159),(#9160,#9161)),.SURF_OF_LINEAR_EXTRUSION.,.F.,.F.,.F.,(4,4),(2,2),
(0.,1.),(0.,1.),.PIECEWISE_BEZIER_KNOTS.);
#91=B_SPLINE_SURFACE_WITH_KNOTS('',3,1,((#9193,#9194),(#9195,#9196),(#9197,
#9198),(#9199,#9200)),.SURF_OF_LINEAR_EXTRUSION.,.F.,.F.,.F.,(4,4),(2,2),
(0.,1.),(0.,1.),.PIECEWISE_BEZIER_KNOTS.);
#92=B_SPLINE_SURFACE_WITH_KNOTS('',3,1,((#9206,#9207),(#9208,#9209),(#9210,
#9211),(#9212,#9213)),.SURF_OF_LINEAR_EXTRUSION.,.F.,.F.,.F.,(4,4),(2,2),
(0.,1.),(0.,1.),.PIECEWISE_BEZIER_KNOTS.);
#93=B_SPLINE_SURFACE_WITH_KNOTS('',3,1,((#9219,#9220),(#9221,#9222),(#9223,
#9224),(#9225,#9226)),.SURF_OF_LINEAR_EXTRUSION.,.F.,.F.,.F.,(4,4),(2,2),
(0.,1.),(0.,1.),.PIECEWISE_BEZIER_KNOTS.);
#94=B_SPLINE_SURFACE_WITH_KNOTS('',3,1,((#9232,#9233),(#9234,#9235),(#9236,
#9237),(#9238,#9239)),.SURF_OF_LINEAR_EXTRUSION.,.F.,.F.,.F.,(4,4),(2,2),
(0.,1.),(0.,1.),.PIECEWISE_BEZIER_KNOTS.);
#95=B_SPLINE_SURFACE_WITH_KNOTS('',3,1,((#9259,#9260),(#9261,#9262),(#9263,
#9264),(#9265,#9266)),.SURF_OF_LINEAR_EXTRUSION.,.F.,.F.,.F.,(4,4),(2,2),
(0.,1.),(0.,1.),.PIECEWISE_BEZIER_KNOTS.);
#96=B_SPLINE_SURFACE_WITH_KNOTS('',3,1,((#9325,#9326),(#9327,#9328),(#9329,
#9330),(#9331,#9332)),.SURF_OF_LINEAR_EXTRUSION.,.F.,.F.,.F.,(4,4),(2,2),
(0.,1.),(0.,1.),.PIECEWISE_BEZIER_KNOTS.);
#97=B_SPLINE_SURFACE_WITH_KNOTS('',3,1,((#9340,#9341),(#9342,#9343),(#9344,
#9345),(#9346,#9347)),.SURF_OF_LINEAR_EXTRUSION.,.F.,.F.,.F.,(4,4),(2,2),
(0.,1.),(0.,1.),.PIECEWISE_BEZIER_KNOTS.);
#98=B_SPLINE_SURFACE_WITH_KNOTS('',3,1,((#9353,#9354),(#9355,#9356),(#9357,
#9358),(#9359,#9360)),.SURF_OF_LINEAR_EXTRUSION.,.F.,.F.,.F.,(4,4),(2,2),
(0.,1.),(0.,1.),.PIECEWISE_BEZIER_KNOTS.);
#99=B_SPLINE_SURFACE_WITH_KNOTS('',3,1,((#9366,#9367),(#9368,#9369),(#9370,
#9371),(#9372,#9373)),.SURF_OF_LINEAR_EXTRUSION.,.F.,.F.,.F.,(4,4),(2,2),
(0.,1.),(0.,1.),.PIECEWISE_BEZIER_KNOTS.);
#100=B_SPLINE_SURFACE_WITH_KNOTS('',3,1,((#9379,#9380),(#9381,#9382),(#9383,
#9384),(#9385,#9386)),.SURF_OF_LINEAR_EXTRUSION.,.F.,.F.,.F.,(4,4),(2,2),
(0.,1.),(0.,1.),.PIECEWISE_BEZIER_KNOTS.);
#101=B_SPLINE_SURFACE_WITH_KNOTS('',3,1,((#9392,#9393),(#9394,#9395),(#9396,
#9397),(#9398,#9399)),.SURF_OF_LINEAR_EXTRUSION.,.F.,.F.,.F.,(4,4),(2,2),
(0.,1.),(0.,1.),.PIECEWISE_BEZIER_KNOTS.);
#102=B_SPLINE_SURFACE_WITH_KNOTS('',3,1,((#9405,#9406),(#9407,#9408),(#9409,
#9410),(#9411,#9412)),.SURF_OF_LINEAR_EXTRUSION.,.F.,.F.,.F.,(4,4),(2,2),
(0.,1.),(0.,1.),.PIECEWISE_BEZIER_KNOTS.);
#103=B_SPLINE_SURFACE_WITH_KNOTS('',3,1,((#9422,#9423),(#9424,#9425),(#9426,
#9427),(#9428,#9429)),.SURF_OF_LINEAR_EXTRUSION.,.F.,.F.,.F.,(4,4),(2,2),
(0.,1.),(0.,1.),.PIECEWISE_BEZIER_KNOTS.);
#104=B_SPLINE_SURFACE_WITH_KNOTS('',3,1,((#9435,#9436),(#9437,#9438),(#9439,
#9440),(#9441,#9442)),.SURF_OF_LINEAR_EXTRUSION.,.F.,.F.,.F.,(4,4),(2,2),
(0.,1.),(0.,1.),.PIECEWISE_BEZIER_KNOTS.);
#105=B_SPLINE_SURFACE_WITH_KNOTS('',3,1,((#9448,#9449),(#9450,#9451),(#9452,
#9453),(#9454,#9455)),.SURF_OF_LINEAR_EXTRUSION.,.F.,.F.,.F.,(4,4),(2,2),
(0.,1.),(0.,1.),.PIECEWISE_BEZIER_KNOTS.);
#106=B_SPLINE_SURFACE_WITH_KNOTS('',3,1,((#9461,#9462),(#9463,#9464),(#9465,
#9466),(#9467,#9468)),.SURF_OF_LINEAR_EXTRUSION.,.F.,.F.,.F.,(4,4),(2,2),
(0.,1.),(0.,1.),.PIECEWISE_BEZIER_KNOTS.);
#107=B_SPLINE_SURFACE_WITH_KNOTS('',3,1,((#9474,#9475),(#9476,#9477),(#9478,
#9479),(#9480,#9481)),.SURF_OF_LINEAR_EXTRUSION.,.F.,.F.,.F.,(4,4),(2,2),
(0.,1.),(0.,1.),.PIECEWISE_BEZIER_KNOTS.);
#108=B_SPLINE_SURFACE_WITH_KNOTS('',3,1,((#9487,#9488),(#9489,#9490),(#9491,
#9492),(#9493,#9494)),.SURF_OF_LINEAR_EXTRUSION.,.F.,.F.,.F.,(4,4),(2,2),
(0.,1.),(0.,1.),.PIECEWISE_BEZIER_KNOTS.);
#109=B_SPLINE_SURFACE_WITH_KNOTS('',3,1,((#9500,#9501),(#9502,#9503),(#9504,
#9505),(#9506,#9507)),.SURF_OF_LINEAR_EXTRUSION.,.F.,.F.,.F.,(4,4),(2,2),
(0.,1.),(0.,1.),.PIECEWISE_BEZIER_KNOTS.);
#110=B_SPLINE_SURFACE_WITH_KNOTS('',3,1,((#9513,#9514),(#9515,#9516),(#9517,
#9518),(#9519,#9520)),.SURF_OF_LINEAR_EXTRUSION.,.F.,.F.,.F.,(4,4),(2,2),
(0.,1.),(0.,1.),.PIECEWISE_BEZIER_KNOTS.);
#111=B_SPLINE_SURFACE_WITH_KNOTS('',3,1,((#9526,#9527),(#9528,#9529),(#9530,
#9531),(#9532,#9533)),.SURF_OF_LINEAR_EXTRUSION.,.F.,.F.,.F.,(4,4),(2,2),
(0.,1.),(0.,1.),.PIECEWISE_BEZIER_KNOTS.);
#112=B_SPLINE_SURFACE_WITH_KNOTS('',3,1,((#9539,#9540),(#9541,#9542),(#9543,
#9544),(#9545,#9546)),.SURF_OF_LINEAR_EXTRUSION.,.F.,.F.,.F.,(4,4),(2,2),
(0.,1.),(0.,1.),.PIECEWISE_BEZIER_KNOTS.);
#113=B_SPLINE_SURFACE_WITH_KNOTS('',3,1,((#9552,#9553),(#9554,#9555),(#9556,
#9557),(#9558,#9559)),.SURF_OF_LINEAR_EXTRUSION.,.F.,.F.,.F.,(4,4),(2,2),
(0.,1.),(0.,1.),.PIECEWISE_BEZIER_KNOTS.);
#114=B_SPLINE_SURFACE_WITH_KNOTS('',3,1,((#9565,#9566),(#9567,#9568),(#9569,
#9570),(#9571,#9572)),.SURF_OF_LINEAR_EXTRUSION.,.F.,.F.,.F.,(4,4),(2,2),
(0.,1.),(0.,1.),.PIECEWISE_BEZIER_KNOTS.);
#115=B_SPLINE_SURFACE_WITH_KNOTS('',3,1,((#9578,#9579),(#9580,#9581),(#9582,
#9583),(#9584,#9585)),.SURF_OF_LINEAR_EXTRUSION.,.F.,.F.,.F.,(4,4),(2,2),
(0.,1.),(0.,1.),.PIECEWISE_BEZIER_KNOTS.);
#116=B_SPLINE_SURFACE_WITH_KNOTS('',3,1,((#9591,#9592),(#9593,#9594),(#9595,
#9596),(#9597,#9598)),.SURF_OF_LINEAR_EXTRUSION.,.F.,.F.,.F.,(4,4),(2,2),
(0.,1.),(0.,1.),.PIECEWISE_BEZIER_KNOTS.);
#117=B_SPLINE_SURFACE_WITH_KNOTS('',3,1,((#9612,#9613),(#9614,#9615),(#9616,
#9617),(#9618,#9619)),.SURF_OF_LINEAR_EXTRUSION.,.F.,.F.,.F.,(4,4),(2,2),
(0.,1.),(0.,1.),.PIECEWISE_BEZIER_KNOTS.);
#118=B_SPLINE_SURFACE_WITH_KNOTS('',3,1,((#9625,#9626),(#9627,#9628),(#9629,
#9630),(#9631,#9632)),.SURF_OF_LINEAR_EXTRUSION.,.F.,.F.,.F.,(4,4),(2,2),
(0.,1.),(0.,1.),.PIECEWISE_BEZIER_KNOTS.);
#119=B_SPLINE_SURFACE_WITH_KNOTS('',3,1,((#9638,#9639),(#9640,#9641),(#9642,
#9643),(#9644,#9645)),.SURF_OF_LINEAR_EXTRUSION.,.F.,.F.,.F.,(4,4),(2,2),
(0.,1.),(0.,1.),.PIECEWISE_BEZIER_KNOTS.);
#120=B_SPLINE_SURFACE_WITH_KNOTS('',3,1,((#9651,#9652),(#9653,#9654),(#9655,
#9656),(#9657,#9658)),.SURF_OF_LINEAR_EXTRUSION.,.F.,.F.,.F.,(4,4),(2,2),
(0.,1.),(0.,1.),.PIECEWISE_BEZIER_KNOTS.);
#121=B_SPLINE_SURFACE_WITH_KNOTS('',3,1,((#9664,#9665),(#9666,#9667),(#9668,
#9669),(#9670,#9671)),.SURF_OF_LINEAR_EXTRUSION.,.F.,.F.,.F.,(4,4),(2,2),
(0.,1.),(0.,1.),.PIECEWISE_BEZIER_KNOTS.);
#122=B_SPLINE_SURFACE_WITH_KNOTS('',3,1,((#9729,#9730),(#9731,#9732),(#9733,
#9734),(#9735,#9736)),.SURF_OF_LINEAR_EXTRUSION.,.F.,.F.,.F.,(4,4),(2,2),
(0.,1.),(0.,1.),.PIECEWISE_BEZIER_KNOTS.);
#123=B_SPLINE_SURFACE_WITH_KNOTS('',3,1,((#9744,#9745),(#9746,#9747),(#9748,
#9749),(#9750,#9751)),.SURF_OF_LINEAR_EXTRUSION.,.F.,.F.,.F.,(4,4),(2,2),
(0.,1.),(0.,1.),.PIECEWISE_BEZIER_KNOTS.);
#124=B_SPLINE_SURFACE_WITH_KNOTS('',3,1,((#9757,#9758),(#9759,#9760),(#9761,
#9762),(#9763,#9764)),.SURF_OF_LINEAR_EXTRUSION.,.F.,.F.,.F.,(4,4),(2,2),
(0.,1.),(0.,1.),.PIECEWISE_BEZIER_KNOTS.);
#125=B_SPLINE_SURFACE_WITH_KNOTS('',3,1,((#9770,#9771),(#9772,#9773),(#9774,
#9775),(#9776,#9777)),.SURF_OF_LINEAR_EXTRUSION.,.F.,.F.,.F.,(4,4),(2,2),
(0.,1.),(0.,1.),.PIECEWISE_BEZIER_KNOTS.);
#126=B_SPLINE_SURFACE_WITH_KNOTS('',3,1,((#9783,#9784),(#9785,#9786),(#9787,
#9788),(#9789,#9790)),.SURF_OF_LINEAR_EXTRUSION.,.F.,.F.,.F.,(4,4),(2,2),
(0.,1.),(0.,1.),.PIECEWISE_BEZIER_KNOTS.);
#127=B_SPLINE_SURFACE_WITH_KNOTS('',3,1,((#9796,#9797),(#9798,#9799),(#9800,
#9801),(#9802,#9803)),.SURF_OF_LINEAR_EXTRUSION.,.F.,.F.,.F.,(4,4),(2,2),
(0.,1.),(0.,1.),.PIECEWISE_BEZIER_KNOTS.);
#128=B_SPLINE_SURFACE_WITH_KNOTS('',3,1,((#9809,#9810),(#9811,#9812),(#9813,
#9814),(#9815,#9816)),.SURF_OF_LINEAR_EXTRUSION.,.F.,.F.,.F.,(4,4),(2,2),
(0.,1.),(0.,1.),.PIECEWISE_BEZIER_KNOTS.);
#129=B_SPLINE_SURFACE_WITH_KNOTS('',3,1,((#9822,#9823),(#9824,#9825),(#9826,
#9827),(#9828,#9829)),.SURF_OF_LINEAR_EXTRUSION.,.F.,.F.,.F.,(4,4),(2,2),
(0.,1.),(0.,1.),.PIECEWISE_BEZIER_KNOTS.);
#130=ELLIPSE('',#5748,0.00282842712474619,0.002);
#131=ELLIPSE('',#5749,0.00282842712474619,0.002);
#132=ELLIPSE('',#5751,0.00282842712474619,0.002);
#133=ELLIPSE('',#5753,0.00282842712474619,0.002);
#134=ELLIPSE('',#5922,0.00282842712474619,0.002);
#135=ELLIPSE('',#5923,0.00282842712474619,0.002);
#136=ELLIPSE('',#5925,0.00282842712474619,0.002);
#137=ELLIPSE('',#5927,0.00282842712474619,0.002);
#138=CYLINDRICAL_SURFACE('',#5746,0.002);
#139=CYLINDRICAL_SURFACE('',#5747,0.002);
#140=CYLINDRICAL_SURFACE('',#5750,0.002);
#141=CYLINDRICAL_SURFACE('',#5752,0.002);
#142=CYLINDRICAL_SURFACE('',#5754,0.002);
#143=CYLINDRICAL_SURFACE('',#5800,0.00219749793675588);
#144=CYLINDRICAL_SURFACE('',#5813,0.00361711937693181);
#145=CYLINDRICAL_SURFACE('',#5881,0.00277578763635804);
#146=CYLINDRICAL_SURFACE('',#5921,0.002);
#147=CYLINDRICAL_SURFACE('',#5924,0.002);
#148=CYLINDRICAL_SURFACE('',#5926,0.002);
#149=CYLINDRICAL_SURFACE('',#5928,0.002);
#150=CYLINDRICAL_SURFACE('',#5929,0.002);
#151=CIRCLE('',#5727,0.00361711937693181);
#152=CIRCLE('',#5728,0.00219749793675588);
#153=CIRCLE('',#5729,0.00277578763635804);
#154=CIRCLE('',#5739,0.002);
#155=CIRCLE('',#5740,0.002);
#156=CIRCLE('',#5741,0.002);
#157=CIRCLE('',#5743,0.002);
#158=CIRCLE('',#5744,0.002);
#159=CIRCLE('',#5745,0.002);
#160=CIRCLE('',#5801,0.00219749793675588);
#161=CIRCLE('',#5814,0.00361711937693181);
#162=CIRCLE('',#5882,0.00277578763635804);
#163=B_SPLINE_CURVE_WITH_KNOTS('',2,(#6994,#6995,#6996),.UNSPECIFIED.,.F.,
 .F.,(3,3),(0.,1.),.PIECEWISE_BEZIER_KNOTS.);
#164=B_SPLINE_CURVE_WITH_KNOTS('',2,(#6998,#6999,#7000),.UNSPECIFIED.,.F.,
 .F.,(3,3),(0.,1.),.PIECEWISE_BEZIER_KNOTS.);
#165=B_SPLINE_CURVE_WITH_KNOTS('',2,(#7002,#7003,#7004),.UNSPECIFIED.,.F.,
 .F.,(3,3),(0.,1.),.PIECEWISE_BEZIER_KNOTS.);
#166=B_SPLINE_CURVE_WITH_KNOTS('',2,(#7006,#7007,#7008),.UNSPECIFIED.,.F.,
 .F.,(3,3),(0.,1.),.PIECEWISE_BEZIER_KNOTS.);
#167=B_SPLINE_CURVE_WITH_KNOTS('',2,(#7015,#7016,#7017),.UNSPECIFIED.,.F.,
 .F.,(3,3),(0.,1.),.PIECEWISE_BEZIER_KNOTS.);
#168=B_SPLINE_CURVE_WITH_KNOTS('',2,(#7020,#7021,#7022),.UNSPECIFIED.,.F.,
 .F.,(3,3),(0.,1.),.PIECEWISE_BEZIER_KNOTS.);
#169=B_SPLINE_CURVE_WITH_KNOTS('',2,(#7024,#7025,#7026),.UNSPECIFIED.,.F.,
 .F.,(3,3),(0.,1.),.PIECEWISE_BEZIER_KNOTS.);
#170=B_SPLINE_CURVE_WITH_KNOTS('',2,(#7028,#7029,#7030),.UNSPECIFIED.,.F.,
 .F.,(3,3),(0.,1.),.PIECEWISE_BEZIER_KNOTS.);
#171=B_SPLINE_CURVE_WITH_KNOTS('',2,(#7032,#7033,#7034),.UNSPECIFIED.,.F.,
 .F.,(3,3),(0.,1.),.PIECEWISE_BEZIER_KNOTS.);
#172=B_SPLINE_CURVE_WITH_KNOTS('',2,(#7036,#7037,#7038),.UNSPECIFIED.,.F.,
 .F.,(3,3),(0.,1.),.PIECEWISE_BEZIER_KNOTS.);
#173=B_SPLINE_CURVE_WITH_KNOTS('',2,(#7040,#7041,#7042),.UNSPECIFIED.,.F.,
 .F.,(3,3),(0.,1.),.PIECEWISE_BEZIER_KNOTS.);
#174=B_SPLINE_CURVE_WITH_KNOTS('',2,(#7044,#7045,#7046),.UNSPECIFIED.,.F.,
 .F.,(3,3),(0.,1.),.PIECEWISE_BEZIER_KNOTS.);
#175=B_SPLINE_CURVE_WITH_KNOTS('',2,(#7055,#7056,#7057),.UNSPECIFIED.,.F.,
 .F.,(3,3),(0.,1.),.PIECEWISE_BEZIER_KNOTS.);
#176=B_SPLINE_CURVE_WITH_KNOTS('',2,(#7060,#7061,#7062),.UNSPECIFIED.,.F.,
 .F.,(3,3),(0.,1.),.PIECEWISE_BEZIER_KNOTS.);
#177=B_SPLINE_CURVE_WITH_KNOTS('',2,(#7064,#7065,#7066),.UNSPECIFIED.,.F.,
 .F.,(3,3),(0.,1.),.PIECEWISE_BEZIER_KNOTS.);
#178=B_SPLINE_CURVE_WITH_KNOTS('',2,(#7068,#7069,#7070),.UNSPECIFIED.,.F.,
 .F.,(3,3),(0.,1.),.PIECEWISE_BEZIER_KNOTS.);
#179=B_SPLINE_CURVE_WITH_KNOTS('',2,(#7072,#7073,#7074),.UNSPECIFIED.,.F.,
 .F.,(3,3),(0.,1.),.PIECEWISE_BEZIER_KNOTS.);
#180=B_SPLINE_CURVE_WITH_KNOTS('',2,(#7076,#7077,#7078),.UNSPECIFIED.,.F.,
 .F.,(3,3),(0.,1.),.PIECEWISE_BEZIER_KNOTS.);
#181=B_SPLINE_CURVE_WITH_KNOTS('',2,(#7080,#7081,#7082),.UNSPECIFIED.,.F.,
 .F.,(3,3),(0.,1.),.PIECEWISE_BEZIER_KNOTS.);
#182=B_SPLINE_CURVE_WITH_KNOTS('',2,(#7084,#7085,#7086),.UNSPECIFIED.,.F.,
 .F.,(3,3),(0.,1.),.PIECEWISE_BEZIER_KNOTS.);
#183=B_SPLINE_CURVE_WITH_KNOTS('',2,(#7087,#7088,#7089),.UNSPECIFIED.,.F.,
 .F.,(3,3),(0.,1.),.PIECEWISE_BEZIER_KNOTS.);
#184=B_SPLINE_CURVE_WITH_KNOTS('',2,(#7092,#7093,#7094),.UNSPECIFIED.,.F.,
 .F.,(3,3),(0.,1.),.PIECEWISE_BEZIER_KNOTS.);
#185=B_SPLINE_CURVE_WITH_KNOTS('',2,(#7096,#7097,#7098),.UNSPECIFIED.,.F.,
 .F.,(3,3),(0.,1.),.PIECEWISE_BEZIER_KNOTS.);
#186=B_SPLINE_CURVE_WITH_KNOTS('',2,(#7100,#7101,#7102),.UNSPECIFIED.,.F.,
 .F.,(3,3),(0.,1.),.PIECEWISE_BEZIER_KNOTS.);
#187=B_SPLINE_CURVE_WITH_KNOTS('',2,(#7104,#7105,#7106),.UNSPECIFIED.,.F.,
 .F.,(3,3),(0.,1.),.PIECEWISE_BEZIER_KNOTS.);
#188=B_SPLINE_CURVE_WITH_KNOTS('',2,(#7108,#7109,#7110),.UNSPECIFIED.,.F.,
 .F.,(3,3),(0.,1.),.PIECEWISE_BEZIER_KNOTS.);
#189=B_SPLINE_CURVE_WITH_KNOTS('',2,(#7112,#7113,#7114),.UNSPECIFIED.,.F.,
 .F.,(3,3),(0.,1.),.PIECEWISE_BEZIER_KNOTS.);
#190=B_SPLINE_CURVE_WITH_KNOTS('',2,(#7116,#7117,#7118),.UNSPECIFIED.,.F.,
 .F.,(3,3),(0.,1.),.PIECEWISE_BEZIER_KNOTS.);
#191=B_SPLINE_CURVE_WITH_KNOTS('',2,(#7128,#7129,#7130),.UNSPECIFIED.,.F.,
 .F.,(3,3),(0.,1.),.PIECEWISE_BEZIER_KNOTS.);
#192=B_SPLINE_CURVE_WITH_KNOTS('',2,(#7140,#7141,#7142),.UNSPECIFIED.,.F.,
 .F.,(3,3),(0.,1.),.PIECEWISE_BEZIER_KNOTS.);
#193=B_SPLINE_CURVE_WITH_KNOTS('',2,(#7144,#7145,#7146),.UNSPECIFIED.,.F.,
 .F.,(3,3),(0.,1.),.PIECEWISE_BEZIER_KNOTS.);
#194=B_SPLINE_CURVE_WITH_KNOTS('',2,(#7153,#7154,#7155),.UNSPECIFIED.,.F.,
 .F.,(3,3),(0.,1.),.PIECEWISE_BEZIER_KNOTS.);
#195=B_SPLINE_CURVE_WITH_KNOTS('',2,(#7158,#7159,#7160),.UNSPECIFIED.,.F.,
 .F.,(3,3),(0.,1.),.PIECEWISE_BEZIER_KNOTS.);
#196=B_SPLINE_CURVE_WITH_KNOTS('',2,(#7162,#7163,#7164),.UNSPECIFIED.,.F.,
 .F.,(3,3),(0.,1.),.PIECEWISE_BEZIER_KNOTS.);
#197=B_SPLINE_CURVE_WITH_KNOTS('',2,(#7166,#7167,#7168),.UNSPECIFIED.,.F.,
 .F.,(3,3),(0.,1.),.PIECEWISE_BEZIER_KNOTS.);
#198=B_SPLINE_CURVE_WITH_KNOTS('',2,(#7170,#7171,#7172),.UNSPECIFIED.,.F.,
 .F.,(3,3),(0.,1.),.PIECEWISE_BEZIER_KNOTS.);
#199=B_SPLINE_CURVE_WITH_KNOTS('',2,(#7174,#7175,#7176),.UNSPECIFIED.,.F.,
 .F.,(3,3),(0.,1.),.PIECEWISE_BEZIER_KNOTS.);
#200=B_SPLINE_CURVE_WITH_KNOTS('',2,(#7178,#7179,#7180),.UNSPECIFIED.,.F.,
 .F.,(3,3),(0.,1.),.PIECEWISE_BEZIER_KNOTS.);
#201=B_SPLINE_CURVE_WITH_KNOTS('',2,(#7182,#7183,#7184),.UNSPECIFIED.,.F.,
 .F.,(3,3),(0.,1.),.PIECEWISE_BEZIER_KNOTS.);
#202=B_SPLINE_CURVE_WITH_KNOTS('',2,(#7198,#7199,#7200),.UNSPECIFIED.,.F.,
 .F.,(3,3),(0.,1.),.PIECEWISE_BEZIER_KNOTS.);
#203=B_SPLINE_CURVE_WITH_KNOTS('',2,(#7202,#7203,#7204),.UNSPECIFIED.,.F.,
 .F.,(3,3),(0.,1.),.PIECEWISE_BEZIER_KNOTS.);
#204=B_SPLINE_CURVE_WITH_KNOTS('',2,(#7206,#7207,#7208),.UNSPECIFIED.,.F.,
 .F.,(3,3),(0.,1.),.PIECEWISE_BEZIER_KNOTS.);
#205=B_SPLINE_CURVE_WITH_KNOTS('',2,(#7214,#7215,#7216),.UNSPECIFIED.,.F.,
 .F.,(3,3),(0.,1.),.PIECEWISE_BEZIER_KNOTS.);
#206=B_SPLINE_CURVE_WITH_KNOTS('',2,(#7218,#7219,#7220),.UNSPECIFIED.,.F.,
 .F.,(3,3),(0.,1.),.PIECEWISE_BEZIER_KNOTS.);
#207=B_SPLINE_CURVE_WITH_KNOTS('',2,(#7234,#7235,#7236),.UNSPECIFIED.,.F.,
 .F.,(3,3),(0.,1.),.PIECEWISE_BEZIER_KNOTS.);
#208=B_SPLINE_CURVE_WITH_KNOTS('',2,(#7238,#7239,#7240),.UNSPECIFIED.,.F.,
 .F.,(3,3),(0.,1.),.PIECEWISE_BEZIER_KNOTS.);
#209=B_SPLINE_CURVE_WITH_KNOTS('',2,(#7248,#7249,#7250),.UNSPECIFIED.,.F.,
 .F.,(3,3),(0.,1.),.PIECEWISE_BEZIER_KNOTS.);
#210=B_SPLINE_CURVE_WITH_KNOTS('',2,(#7252,#7253,#7254),.UNSPECIFIED.,.F.,
 .F.,(3,3),(0.,1.),.PIECEWISE_BEZIER_KNOTS.);
#211=B_SPLINE_CURVE_WITH_KNOTS('',2,(#7256,#7257,#7258),.UNSPECIFIED.,.F.,
 .F.,(3,3),(0.,1.),.PIECEWISE_BEZIER_KNOTS.);
#212=B_SPLINE_CURVE_WITH_KNOTS('',2,(#7296,#7297,#7298),.UNSPECIFIED.,.F.,
 .F.,(3,3),(0.,1.),.PIECEWISE_BEZIER_KNOTS.);
#213=B_SPLINE_CURVE_WITH_KNOTS('',2,(#7300,#7301,#7302),.UNSPECIFIED.,.F.,
 .F.,(3,3),(0.,1.),.PIECEWISE_BEZIER_KNOTS.);
#214=B_SPLINE_CURVE_WITH_KNOTS('',2,(#7304,#7305,#7306),.UNSPECIFIED.,.F.,
 .F.,(3,3),(0.,1.),.PIECEWISE_BEZIER_KNOTS.);
#215=B_SPLINE_CURVE_WITH_KNOTS('',2,(#7308,#7309,#7310),.UNSPECIFIED.,.F.,
 .F.,(3,3),(0.,1.),.PIECEWISE_BEZIER_KNOTS.);
#216=B_SPLINE_CURVE_WITH_KNOTS('',2,(#7322,#7323,#7324),.UNSPECIFIED.,.F.,
 .F.,(3,3),(0.,1.),.PIECEWISE_BEZIER_KNOTS.);
#217=B_SPLINE_CURVE_WITH_KNOTS('',2,(#7326,#7327,#7328),.UNSPECIFIED.,.F.,
 .F.,(3,3),(0.,1.),.PIECEWISE_BEZIER_KNOTS.);
#218=B_SPLINE_CURVE_WITH_KNOTS('',2,(#7332,#7333,#7334),.UNSPECIFIED.,.F.,
 .F.,(3,3),(0.,1.),.PIECEWISE_BEZIER_KNOTS.);
#219=B_SPLINE_CURVE_WITH_KNOTS('',2,(#7336,#7337,#7338),.UNSPECIFIED.,.F.,
 .F.,(3,3),(0.,1.),.PIECEWISE_BEZIER_KNOTS.);
#220=B_SPLINE_CURVE_WITH_KNOTS('',2,(#7346,#7347,#7348),.UNSPECIFIED.,.F.,
 .F.,(3,3),(0.,1.),.PIECEWISE_BEZIER_KNOTS.);
#221=B_SPLINE_CURVE_WITH_KNOTS('',2,(#7350,#7351,#7352),.UNSPECIFIED.,.F.,
 .F.,(3,3),(0.,1.),.PIECEWISE_BEZIER_KNOTS.);
#222=B_SPLINE_CURVE_WITH_KNOTS('',2,(#7354,#7355,#7356),.UNSPECIFIED.,.F.,
 .F.,(3,3),(0.,1.),.PIECEWISE_BEZIER_KNOTS.);
#223=B_SPLINE_CURVE_WITH_KNOTS('',2,(#7358,#7359,#7360),.UNSPECIFIED.,.F.,
 .F.,(3,3),(0.,1.),.PIECEWISE_BEZIER_KNOTS.);
#224=B_SPLINE_CURVE_WITH_KNOTS('',2,(#7378,#7379,#7380),.UNSPECIFIED.,.F.,
 .F.,(3,3),(0.,1.),.PIECEWISE_BEZIER_KNOTS.);
#225=B_SPLINE_CURVE_WITH_KNOTS('',2,(#7382,#7383,#7384),.UNSPECIFIED.,.F.,
 .F.,(3,3),(0.,1.),.PIECEWISE_BEZIER_KNOTS.);
#226=B_SPLINE_CURVE_WITH_KNOTS('',2,(#7386,#7387,#7388),.UNSPECIFIED.,.F.,
 .F.,(3,3),(0.,1.),.PIECEWISE_BEZIER_KNOTS.);
#227=B_SPLINE_CURVE_WITH_KNOTS('',2,(#7390,#7391,#7392),.UNSPECIFIED.,.F.,
 .F.,(3,3),(0.,1.),.PIECEWISE_BEZIER_KNOTS.);
#228=B_SPLINE_CURVE_WITH_KNOTS('',2,(#7394,#7395,#7396),.UNSPECIFIED.,.F.,
 .F.,(3,3),(0.,1.),.PIECEWISE_BEZIER_KNOTS.);
#229=B_SPLINE_CURVE_WITH_KNOTS('',2,(#7398,#7399,#7400),.UNSPECIFIED.,.F.,
 .F.,(3,3),(0.,1.),.PIECEWISE_BEZIER_KNOTS.);
#230=B_SPLINE_CURVE_WITH_KNOTS('',2,(#7402,#7403,#7404),.UNSPECIFIED.,.F.,
 .F.,(3,3),(0.,1.),.PIECEWISE_BEZIER_KNOTS.);
#231=B_SPLINE_CURVE_WITH_KNOTS('',2,(#7406,#7407,#7408),.UNSPECIFIED.,.F.,
 .F.,(3,3),(0.,1.),.PIECEWISE_BEZIER_KNOTS.);
#232=B_SPLINE_CURVE_WITH_KNOTS('',2,(#7441,#7442,#7443),.UNSPECIFIED.,.F.,
 .F.,(3,3),(0.,1.),.PIECEWISE_BEZIER_KNOTS.);
#233=B_SPLINE_CURVE_WITH_KNOTS('',2,(#7446,#7447,#7448),.UNSPECIFIED.,.F.,
 .F.,(3,3),(0.,1.),.PIECEWISE_BEZIER_KNOTS.);
#234=B_SPLINE_CURVE_WITH_KNOTS('',2,(#7450,#7451,#7452),.UNSPECIFIED.,.F.,
 .F.,(3,3),(0.,1.),.PIECEWISE_BEZIER_KNOTS.);
#235=B_SPLINE_CURVE_WITH_KNOTS('',2,(#7454,#7455,#7456),.UNSPECIFIED.,.F.,
 .F.,(3,3),(0.,1.),.PIECEWISE_BEZIER_KNOTS.);
#236=B_SPLINE_CURVE_WITH_KNOTS('',2,(#7458,#7459,#7460),.UNSPECIFIED.,.F.,
 .F.,(3,3),(0.,1.),.PIECEWISE_BEZIER_KNOTS.);
#237=B_SPLINE_CURVE_WITH_KNOTS('',2,(#7462,#7463,#7464),.UNSPECIFIED.,.F.,
 .F.,(3,3),(0.,1.),.PIECEWISE_BEZIER_KNOTS.);
#238=B_SPLINE_CURVE_WITH_KNOTS('',2,(#7466,#7467,#7468),.UNSPECIFIED.,.F.,
 .F.,(3,3),(0.,1.),.PIECEWISE_BEZIER_KNOTS.);
#239=B_SPLINE_CURVE_WITH_KNOTS('',2,(#7474,#7475,#7476),.UNSPECIFIED.,.F.,
 .F.,(3,3),(0.,1.),.PIECEWISE_BEZIER_KNOTS.);
#240=B_SPLINE_CURVE_WITH_KNOTS('',2,(#7478,#7479,#7480),.UNSPECIFIED.,.F.,
 .F.,(3,3),(0.,1.),.PIECEWISE_BEZIER_KNOTS.);
#241=B_SPLINE_CURVE_WITH_KNOTS('',2,(#7482,#7483,#7484),.UNSPECIFIED.,.F.,
 .F.,(3,3),(0.,1.),.PIECEWISE_BEZIER_KNOTS.);
#242=B_SPLINE_CURVE_WITH_KNOTS('',2,(#7486,#7487,#7488),.UNSPECIFIED.,.F.,
 .F.,(3,3),(0.,1.),.PIECEWISE_BEZIER_KNOTS.);
#243=B_SPLINE_CURVE_WITH_KNOTS('',2,(#7490,#7491,#7492),.UNSPECIFIED.,.F.,
 .F.,(3,3),(0.,1.),.PIECEWISE_BEZIER_KNOTS.);
#244=B_SPLINE_CURVE_WITH_KNOTS('',2,(#7494,#7495,#7496),.UNSPECIFIED.,.F.,
 .F.,(3,3),(0.,1.),.PIECEWISE_BEZIER_KNOTS.);
#245=B_SPLINE_CURVE_WITH_KNOTS('',2,(#7498,#7499,#7500),.UNSPECIFIED.,.F.,
 .F.,(3,3),(0.,1.),.PIECEWISE_BEZIER_KNOTS.);
#246=B_SPLINE_CURVE_WITH_KNOTS('',2,(#7502,#7503,#7504),.UNSPECIFIED.,.F.,
 .F.,(3,3),(0.,1.),.PIECEWISE_BEZIER_KNOTS.);
#247=B_SPLINE_CURVE_WITH_KNOTS('',2,(#7506,#7507,#7508),.UNSPECIFIED.,.F.,
 .F.,(3,3),(0.,1.),.PIECEWISE_BEZIER_KNOTS.);
#248=B_SPLINE_CURVE_WITH_KNOTS('',2,(#7510,#7511,#7512),.UNSPECIFIED.,.F.,
 .F.,(3,3),(0.,1.),.PIECEWISE_BEZIER_KNOTS.);
#249=B_SPLINE_CURVE_WITH_KNOTS('',2,(#7514,#7515,#7516),.UNSPECIFIED.,.F.,
 .F.,(3,3),(0.,1.),.PIECEWISE_BEZIER_KNOTS.);
#250=B_SPLINE_CURVE_WITH_KNOTS('',2,(#7518,#7519,#7520),.UNSPECIFIED.,.F.,
 .F.,(3,3),(0.,1.),.PIECEWISE_BEZIER_KNOTS.);
#251=B_SPLINE_CURVE_WITH_KNOTS('',2,(#7522,#7523,#7524),.UNSPECIFIED.,.F.,
 .F.,(3,3),(0.,1.),.PIECEWISE_BEZIER_KNOTS.);
#252=B_SPLINE_CURVE_WITH_KNOTS('',2,(#7526,#7527,#7528),.UNSPECIFIED.,.F.,
 .F.,(3,3),(0.,1.),.PIECEWISE_BEZIER_KNOTS.);
#253=B_SPLINE_CURVE_WITH_KNOTS('',2,(#7532,#7533,#7534),.UNSPECIFIED.,.F.,
 .F.,(3,3),(0.,1.),.PIECEWISE_BEZIER_KNOTS.);
#254=B_SPLINE_CURVE_WITH_KNOTS('',2,(#7536,#7537,#7538),.UNSPECIFIED.,.F.,
 .F.,(3,3),(0.,1.),.PIECEWISE_BEZIER_KNOTS.);
#255=B_SPLINE_CURVE_WITH_KNOTS('',2,(#7540,#7541,#7542),.UNSPECIFIED.,.F.,
 .F.,(3,3),(0.,1.),.PIECEWISE_BEZIER_KNOTS.);
#256=B_SPLINE_CURVE_WITH_KNOTS('',2,(#7544,#7545,#7546),.UNSPECIFIED.,.F.,
 .F.,(3,3),(0.,1.),.PIECEWISE_BEZIER_KNOTS.);
#257=B_SPLINE_CURVE_WITH_KNOTS('',2,(#7548,#7549,#7550),.UNSPECIFIED.,.F.,
 .F.,(3,3),(0.,1.),.PIECEWISE_BEZIER_KNOTS.);
#258=B_SPLINE_CURVE_WITH_KNOTS('',2,(#7577,#7578,#7579),.UNSPECIFIED.,.F.,
 .F.,(3,3),(0.,1.),.PIECEWISE_BEZIER_KNOTS.);
#259=B_SPLINE_CURVE_WITH_KNOTS('',2,(#7582,#7583,#7584),.UNSPECIFIED.,.F.,
 .F.,(3,3),(0.,1.),.PIECEWISE_BEZIER_KNOTS.);
#260=B_SPLINE_CURVE_WITH_KNOTS('',2,(#7586,#7587,#7588),.UNSPECIFIED.,.F.,
 .F.,(3,3),(0.,1.),.PIECEWISE_BEZIER_KNOTS.);
#261=B_SPLINE_CURVE_WITH_KNOTS('',2,(#7590,#7591,#7592),.UNSPECIFIED.,.F.,
 .F.,(3,3),(0.,1.),.PIECEWISE_BEZIER_KNOTS.);
#262=B_SPLINE_CURVE_WITH_KNOTS('',2,(#7594,#7595,#7596),.UNSPECIFIED.,.F.,
 .F.,(3,3),(0.,1.),.PIECEWISE_BEZIER_KNOTS.);
#263=B_SPLINE_CURVE_WITH_KNOTS('',2,(#7598,#7599,#7600),.UNSPECIFIED.,.F.,
 .F.,(3,3),(0.,1.),.PIECEWISE_BEZIER_KNOTS.);
#264=B_SPLINE_CURVE_WITH_KNOTS('',2,(#7602,#7603,#7604),.UNSPECIFIED.,.F.,
 .F.,(3,3),(0.,1.),.PIECEWISE_BEZIER_KNOTS.);
#265=B_SPLINE_CURVE_WITH_KNOTS('',2,(#7606,#7607,#7608),.UNSPECIFIED.,.F.,
 .F.,(3,3),(0.,1.),.PIECEWISE_BEZIER_KNOTS.);
#266=B_SPLINE_CURVE_WITH_KNOTS('',2,(#7721,#7722,#7723),.UNSPECIFIED.,.F.,
 .F.,(3,3),(0.,1.),.PIECEWISE_BEZIER_KNOTS.);
#267=B_SPLINE_CURVE_WITH_KNOTS('',2,(#7734,#7735,#7736),.UNSPECIFIED.,.F.,
 .F.,(3,3),(0.,1.),.PIECEWISE_BEZIER_KNOTS.);
#268=B_SPLINE_CURVE_WITH_KNOTS('',2,(#7747,#7748,#7749),.UNSPECIFIED.,.F.,
 .F.,(3,3),(0.,1.),.PIECEWISE_BEZIER_KNOTS.);
#269=B_SPLINE_CURVE_WITH_KNOTS('',2,(#7760,#7761,#7762),.UNSPECIFIED.,.F.,
 .F.,(3,3),(0.,1.),.PIECEWISE_BEZIER_KNOTS.);
#270=B_SPLINE_CURVE_WITH_KNOTS('',2,(#7785,#7786,#7787),.UNSPECIFIED.,.F.,
 .F.,(3,3),(0.,1.),.PIECEWISE_BEZIER_KNOTS.);
#271=B_SPLINE_CURVE_WITH_KNOTS('',2,(#7798,#7799,#7800),.UNSPECIFIED.,.F.,
 .F.,(3,3),(0.,1.),.PIECEWISE_BEZIER_KNOTS.);
#272=B_SPLINE_CURVE_WITH_KNOTS('',2,(#7815,#7816,#7817),.UNSPECIFIED.,.F.,
 .F.,(3,3),(0.,1.),.PIECEWISE_BEZIER_KNOTS.);
#273=B_SPLINE_CURVE_WITH_KNOTS('',2,(#7826,#7827,#7828),.UNSPECIFIED.,.F.,
 .F.,(3,3),(0.,1.),.PIECEWISE_BEZIER_KNOTS.);
#274=B_SPLINE_CURVE_WITH_KNOTS('',2,(#7859,#7860,#7861),.UNSPECIFIED.,.F.,
 .F.,(3,3),(0.,1.),.PIECEWISE_BEZIER_KNOTS.);
#275=B_SPLINE_CURVE_WITH_KNOTS('',2,(#7865,#7866,#7867),.UNSPECIFIED.,.F.,
 .F.,(3,3),(0.,1.),.PIECEWISE_BEZIER_KNOTS.);
#276=B_SPLINE_CURVE_WITH_KNOTS('',2,(#7876,#7877,#7878),.UNSPECIFIED.,.F.,
 .F.,(3,3),(0.,1.),.PIECEWISE_BEZIER_KNOTS.);
#277=B_SPLINE_CURVE_WITH_KNOTS('',2,(#7882,#7883,#7884),.UNSPECIFIED.,.F.,
 .F.,(3,3),(0.,1.),.PIECEWISE_BEZIER_KNOTS.);
#278=B_SPLINE_CURVE_WITH_KNOTS('',2,(#7893,#7894,#7895),.UNSPECIFIED.,.F.,
 .F.,(3,3),(0.,1.),.PIECEWISE_BEZIER_KNOTS.);
#279=B_SPLINE_CURVE_WITH_KNOTS('',2,(#7899,#7900,#7901),.UNSPECIFIED.,.F.,
 .F.,(3,3),(0.,1.),.PIECEWISE_BEZIER_KNOTS.);
#280=B_SPLINE_CURVE_WITH_KNOTS('',2,(#7925,#7926,#7927),.UNSPECIFIED.,.F.,
 .F.,(3,3),(0.,1.),.PIECEWISE_BEZIER_KNOTS.);
#281=B_SPLINE_CURVE_WITH_KNOTS('',2,(#7931,#7932,#7933),.UNSPECIFIED.,.F.,
 .F.,(3,3),(0.,1.),.PIECEWISE_BEZIER_KNOTS.);
#282=B_SPLINE_CURVE_WITH_KNOTS('',2,(#7942,#7943,#7944),.UNSPECIFIED.,.F.,
 .F.,(3,3),(0.,1.),.PIECEWISE_BEZIER_KNOTS.);
#283=B_SPLINE_CURVE_WITH_KNOTS('',2,(#7948,#7949,#7950),.UNSPECIFIED.,.F.,
 .F.,(3,3),(0.,1.),.PIECEWISE_BEZIER_KNOTS.);
#284=B_SPLINE_CURVE_WITH_KNOTS('',2,(#7959,#7960,#7961),.UNSPECIFIED.,.F.,
 .F.,(3,3),(0.,1.),.PIECEWISE_BEZIER_KNOTS.);
#285=B_SPLINE_CURVE_WITH_KNOTS('',2,(#7965,#7966,#7967),.UNSPECIFIED.,.F.,
 .F.,(3,3),(0.,1.),.PIECEWISE_BEZIER_KNOTS.);
#286=B_SPLINE_CURVE_WITH_KNOTS('',2,(#7988,#7989,#7990),.UNSPECIFIED.,.F.,
 .F.,(3,3),(0.,1.),.PIECEWISE_BEZIER_KNOTS.);
#287=B_SPLINE_CURVE_WITH_KNOTS('',2,(#8001,#8002,#8003),.UNSPECIFIED.,.F.,
 .F.,(3,3),(0.,1.),.PIECEWISE_BEZIER_KNOTS.);
#288=B_SPLINE_CURVE_WITH_KNOTS('',2,(#8014,#8015,#8016),.UNSPECIFIED.,.F.,
 .F.,(3,3),(0.,1.),.PIECEWISE_BEZIER_KNOTS.);
#289=B_SPLINE_CURVE_WITH_KNOTS('',2,(#8027,#8028,#8029),.UNSPECIFIED.,.F.,
 .F.,(3,3),(0.,1.),.PIECEWISE_BEZIER_KNOTS.);
#290=B_SPLINE_CURVE_WITH_KNOTS('',2,(#8040,#8041,#8042),.UNSPECIFIED.,.F.,
 .F.,(3,3),(0.,1.),.PIECEWISE_BEZIER_KNOTS.);
#291=B_SPLINE_CURVE_WITH_KNOTS('',2,(#8053,#8054,#8055),.UNSPECIFIED.,.F.,
 .F.,(3,3),(0.,1.),.PIECEWISE_BEZIER_KNOTS.);
#292=B_SPLINE_CURVE_WITH_KNOTS('',2,(#8066,#8067,#8068),.UNSPECIFIED.,.F.,
 .F.,(3,3),(0.,1.),.PIECEWISE_BEZIER_KNOTS.);
#293=B_SPLINE_CURVE_WITH_KNOTS('',2,(#8079,#8080,#8081),.UNSPECIFIED.,.F.,
 .F.,(3,3),(0.,1.),.PIECEWISE_BEZIER_KNOTS.);
#294=B_SPLINE_CURVE_WITH_KNOTS('',2,(#8095,#8096,#8097),.UNSPECIFIED.,.F.,
 .F.,(3,3),(0.,1.),.PIECEWISE_BEZIER_KNOTS.);
#295=B_SPLINE_CURVE_WITH_KNOTS('',2,(#8098,#8099,#8100),.UNSPECIFIED.,.F.,
 .F.,(3,3),(0.,1.),.PIECEWISE_BEZIER_KNOTS.);
#296=B_SPLINE_CURVE_WITH_KNOTS('',2,(#8132,#8133,#8134),.UNSPECIFIED.,.F.,
 .F.,(3,3),(0.,1.),.PIECEWISE_BEZIER_KNOTS.);
#297=B_SPLINE_CURVE_WITH_KNOTS('',2,(#8138,#8139,#8140),.UNSPECIFIED.,.F.,
 .F.,(3,3),(0.,1.),.PIECEWISE_BEZIER_KNOTS.);
#298=B_SPLINE_CURVE_WITH_KNOTS('',2,(#8149,#8150,#8151),.UNSPECIFIED.,.F.,
 .F.,(3,3),(0.,1.),.PIECEWISE_BEZIER_KNOTS.);
#299=B_SPLINE_CURVE_WITH_KNOTS('',2,(#8155,#8156,#8157),.UNSPECIFIED.,.F.,
 .F.,(3,3),(0.,1.),.PIECEWISE_BEZIER_KNOTS.);
#300=B_SPLINE_CURVE_WITH_KNOTS('',2,(#8166,#8167,#8168),.UNSPECIFIED.,.F.,
 .F.,(3,3),(0.,1.),.PIECEWISE_BEZIER_KNOTS.);
#301=B_SPLINE_CURVE_WITH_KNOTS('',2,(#8172,#8173,#8174),.UNSPECIFIED.,.F.,
 .F.,(3,3),(0.,1.),.PIECEWISE_BEZIER_KNOTS.);
#302=B_SPLINE_CURVE_WITH_KNOTS('',2,(#8207,#8208,#8209),.UNSPECIFIED.,.F.,
 .F.,(3,3),(0.,1.),.PIECEWISE_BEZIER_KNOTS.);
#303=B_SPLINE_CURVE_WITH_KNOTS('',2,(#8220,#8221,#8222),.UNSPECIFIED.,.F.,
 .F.,(3,3),(0.,1.),.PIECEWISE_BEZIER_KNOTS.);
#304=B_SPLINE_CURVE_WITH_KNOTS('',2,(#8233,#8234,#8235),.UNSPECIFIED.,.F.,
 .F.,(3,3),(0.,1.),.PIECEWISE_BEZIER_KNOTS.);
#305=B_SPLINE_CURVE_WITH_KNOTS('',2,(#8246,#8247,#8248),.UNSPECIFIED.,.F.,
 .F.,(3,3),(0.,1.),.PIECEWISE_BEZIER_KNOTS.);
#306=B_SPLINE_CURVE_WITH_KNOTS('',2,(#8271,#8272,#8273),.UNSPECIFIED.,.F.,
 .F.,(3,3),(0.,1.),.PIECEWISE_BEZIER_KNOTS.);
#307=B_SPLINE_CURVE_WITH_KNOTS('',2,(#8274,#8275,#8276),.UNSPECIFIED.,.F.,
 .F.,(3,3),(0.,1.),.PIECEWISE_BEZIER_KNOTS.);
#308=B_SPLINE_CURVE_WITH_KNOTS('',2,(#8317,#8318,#8319),.UNSPECIFIED.,.F.,
 .F.,(3,3),(0.,1.),.PIECEWISE_BEZIER_KNOTS.);
#309=B_SPLINE_CURVE_WITH_KNOTS('',2,(#8356,#8357,#8358),.UNSPECIFIED.,.F.,
 .F.,(3,3),(0.,1.),.PIECEWISE_BEZIER_KNOTS.);
#310=B_SPLINE_CURVE_WITH_KNOTS('',2,(#8369,#8370,#8371),.UNSPECIFIED.,.F.,
 .F.,(3,3),(0.,1.),.PIECEWISE_BEZIER_KNOTS.);
#311=B_SPLINE_CURVE_WITH_KNOTS('',2,(#8382,#8383,#8384),.UNSPECIFIED.,.F.,
 .F.,(3,3),(0.,1.),.PIECEWISE_BEZIER_KNOTS.);
#312=B_SPLINE_CURVE_WITH_KNOTS('',2,(#8405,#8406,#8407),.UNSPECIFIED.,.F.,
 .F.,(3,3),(0.,1.),.PIECEWISE_BEZIER_KNOTS.);
#313=B_SPLINE_CURVE_WITH_KNOTS('',2,(#8449,#8450,#8451),.UNSPECIFIED.,.F.,
 .F.,(3,3),(0.,1.),.PIECEWISE_BEZIER_KNOTS.);
#314=B_SPLINE_CURVE_WITH_KNOTS('',2,(#8462,#8463,#8464),.UNSPECIFIED.,.F.,
 .F.,(3,3),(0.,1.),.PIECEWISE_BEZIER_KNOTS.);
#315=B_SPLINE_CURVE_WITH_KNOTS('',2,(#8483,#8484,#8485),.UNSPECIFIED.,.F.,
 .F.,(3,3),(0.,1.),.PIECEWISE_BEZIER_KNOTS.);
#316=B_SPLINE_CURVE_WITH_KNOTS('',2,(#8496,#8497,#8498),.UNSPECIFIED.,.F.,
 .F.,(3,3),(0.,1.),.PIECEWISE_BEZIER_KNOTS.);
#317=B_SPLINE_CURVE_WITH_KNOTS('',2,(#8509,#8510,#8511),.UNSPECIFIED.,.F.,
 .F.,(3,3),(0.,1.),.PIECEWISE_BEZIER_KNOTS.);
#318=B_SPLINE_CURVE_WITH_KNOTS('',2,(#8537,#8538,#8539),.UNSPECIFIED.,.F.,
 .F.,(3,3),(0.,1.),.PIECEWISE_BEZIER_KNOTS.);
#319=B_SPLINE_CURVE_WITH_KNOTS('',2,(#8552,#8553,#8554),.UNSPECIFIED.,.F.,
 .F.,(3,3),(0.,1.),.PIECEWISE_BEZIER_KNOTS.);
#320=B_SPLINE_CURVE_WITH_KNOTS('',2,(#8565,#8566,#8567),.UNSPECIFIED.,.F.,
 .F.,(3,3),(0.,1.),.PIECEWISE_BEZIER_KNOTS.);
#321=B_SPLINE_CURVE_WITH_KNOTS('',2,(#8578,#8579,#8580),.UNSPECIFIED.,.F.,
 .F.,(3,3),(0.,1.),.PIECEWISE_BEZIER_KNOTS.);
#322=B_SPLINE_CURVE_WITH_KNOTS('',2,(#8591,#8592,#8593),.UNSPECIFIED.,.F.,
 .F.,(3,3),(0.,1.),.PIECEWISE_BEZIER_KNOTS.);
#323=B_SPLINE_CURVE_WITH_KNOTS('',2,(#8604,#8605,#8606),.UNSPECIFIED.,.F.,
 .F.,(3,3),(0.,1.),.PIECEWISE_BEZIER_KNOTS.);
#324=B_SPLINE_CURVE_WITH_KNOTS('',2,(#8617,#8618,#8619),.UNSPECIFIED.,.F.,
 .F.,(3,3),(0.,1.),.PIECEWISE_BEZIER_KNOTS.);
#325=B_SPLINE_CURVE_WITH_KNOTS('',2,(#8628,#8629,#8630),.UNSPECIFIED.,.F.,
 .F.,(3,3),(0.,1.),.PIECEWISE_BEZIER_KNOTS.);
#326=B_SPLINE_CURVE_WITH_KNOTS('',2,(#8664,#8665,#8666),.UNSPECIFIED.,.F.,
 .F.,(3,3),(0.,1.),.PIECEWISE_BEZIER_KNOTS.);
#327=B_SPLINE_CURVE_WITH_KNOTS('',2,(#8677,#8678,#8679),.UNSPECIFIED.,.F.,
 .F.,(3,3),(0.,1.),.PIECEWISE_BEZIER_KNOTS.);
#328=B_SPLINE_CURVE_WITH_KNOTS('',2,(#8706,#8707,#8708),.UNSPECIFIED.,.F.,
 .F.,(3,3),(0.,1.),.PIECEWISE_BEZIER_KNOTS.);
#329=B_SPLINE_CURVE_WITH_KNOTS('',2,(#8726,#8727,#8728),.UNSPECIFIED.,.F.,
 .F.,(3,3),(0.,1.),.PIECEWISE_BEZIER_KNOTS.);
#330=B_SPLINE_CURVE_WITH_KNOTS('',2,(#8741,#8742,#8743),.UNSPECIFIED.,.F.,
 .F.,(3,3),(0.,1.),.PIECEWISE_BEZIER_KNOTS.);
#331=B_SPLINE_CURVE_WITH_KNOTS('',2,(#8754,#8755,#8756),.UNSPECIFIED.,.F.,
 .F.,(3,3),(0.,1.),.PIECEWISE_BEZIER_KNOTS.);
#332=B_SPLINE_CURVE_WITH_KNOTS('',2,(#8767,#8768,#8769),.UNSPECIFIED.,.F.,
 .F.,(3,3),(0.,1.),.PIECEWISE_BEZIER_KNOTS.);
#333=B_SPLINE_CURVE_WITH_KNOTS('',2,(#8780,#8781,#8782),.UNSPECIFIED.,.F.,
 .F.,(3,3),(0.,1.),.PIECEWISE_BEZIER_KNOTS.);
#334=B_SPLINE_CURVE_WITH_KNOTS('',2,(#8793,#8794,#8795),.UNSPECIFIED.,.F.,
 .F.,(3,3),(0.,1.),.PIECEWISE_BEZIER_KNOTS.);
#335=B_SPLINE_CURVE_WITH_KNOTS('',2,(#8806,#8807,#8808),.UNSPECIFIED.,.F.,
 .F.,(3,3),(0.,1.),.PIECEWISE_BEZIER_KNOTS.);
#336=B_SPLINE_CURVE_WITH_KNOTS('',2,(#8817,#8818,#8819),.UNSPECIFIED.,.F.,
 .F.,(3,3),(0.,1.),.PIECEWISE_BEZIER_KNOTS.);
#337=B_SPLINE_CURVE_WITH_KNOTS('',2,(#8831,#8832,#8833),.UNSPECIFIED.,.F.,
 .F.,(3,3),(0.,1.),.PIECEWISE_BEZIER_KNOTS.);
#338=B_SPLINE_CURVE_WITH_KNOTS('',2,(#8846,#8847,#8848),.UNSPECIFIED.,.F.,
 .F.,(3,3),(0.,1.),.PIECEWISE_BEZIER_KNOTS.);
#339=B_SPLINE_CURVE_WITH_KNOTS('',2,(#8859,#8860,#8861),.UNSPECIFIED.,.F.,
 .F.,(3,3),(0.,1.),.PIECEWISE_BEZIER_KNOTS.);
#340=B_SPLINE_CURVE_WITH_KNOTS('',2,(#8872,#8873,#8874),.UNSPECIFIED.,.F.,
 .F.,(3,3),(0.,1.),.PIECEWISE_BEZIER_KNOTS.);
#341=B_SPLINE_CURVE_WITH_KNOTS('',2,(#8885,#8886,#8887),.UNSPECIFIED.,.F.,
 .F.,(3,3),(0.,1.),.PIECEWISE_BEZIER_KNOTS.);
#342=B_SPLINE_CURVE_WITH_KNOTS('',2,(#8898,#8899,#8900),.UNSPECIFIED.,.F.,
 .F.,(3,3),(0.,1.),.PIECEWISE_BEZIER_KNOTS.);
#343=B_SPLINE_CURVE_WITH_KNOTS('',2,(#8911,#8912,#8913),.UNSPECIFIED.,.F.,
 .F.,(3,3),(0.,1.),.PIECEWISE_BEZIER_KNOTS.);
#344=B_SPLINE_CURVE_WITH_KNOTS('',2,(#8922,#8923,#8924),.UNSPECIFIED.,.F.,
 .F.,(3,3),(0.,1.),.PIECEWISE_BEZIER_KNOTS.);
#345=B_SPLINE_CURVE_WITH_KNOTS('',2,(#8953,#8954,#8955),.UNSPECIFIED.,.F.,
 .F.,(3,3),(0.,1.),.PIECEWISE_BEZIER_KNOTS.);
#346=B_SPLINE_CURVE_WITH_KNOTS('',2,(#8968,#8969,#8970),.UNSPECIFIED.,.F.,
 .F.,(3,3),(0.,1.),.PIECEWISE_BEZIER_KNOTS.);
#347=B_SPLINE_CURVE_WITH_KNOTS('',2,(#8981,#8982,#8983),.UNSPECIFIED.,.F.,
 .F.,(3,3),(0.,1.),.PIECEWISE_BEZIER_KNOTS.);
#348=B_SPLINE_CURVE_WITH_KNOTS('',2,(#8994,#8995,#8996),.UNSPECIFIED.,.F.,
 .F.,(3,3),(0.,1.),.PIECEWISE_BEZIER_KNOTS.);
#349=B_SPLINE_CURVE_WITH_KNOTS('',2,(#9007,#9008,#9009),.UNSPECIFIED.,.F.,
 .F.,(3,3),(0.,1.),.PIECEWISE_BEZIER_KNOTS.);
#350=B_SPLINE_CURVE_WITH_KNOTS('',2,(#9020,#9021,#9022),.UNSPECIFIED.,.F.,
 .F.,(3,3),(0.,1.),.PIECEWISE_BEZIER_KNOTS.);
#351=B_SPLINE_CURVE_WITH_KNOTS('',2,(#9033,#9034,#9035),.UNSPECIFIED.,.F.,
 .F.,(3,3),(0.,1.),.PIECEWISE_BEZIER_KNOTS.);
#352=B_SPLINE_CURVE_WITH_KNOTS('',2,(#9044,#9045,#9046),.UNSPECIFIED.,.F.,
 .F.,(3,3),(0.,1.),.PIECEWISE_BEZIER_KNOTS.);
#353=B_SPLINE_CURVE_WITH_KNOTS('',2,(#9128,#9129,#9130),.UNSPECIFIED.,.F.,
 .F.,(3,3),(0.,1.),.PIECEWISE_BEZIER_KNOTS.);
#354=B_SPLINE_CURVE_WITH_KNOTS('',2,(#9134,#9135,#9136),.UNSPECIFIED.,.F.,
 .F.,(3,3),(0.,1.),.PIECEWISE_BEZIER_KNOTS.);
#355=B_SPLINE_CURVE_WITH_KNOTS('',2,(#9145,#9146,#9147),.UNSPECIFIED.,.F.,
 .F.,(3,3),(0.,1.),.PIECEWISE_BEZIER_KNOTS.);
#356=B_SPLINE_CURVE_WITH_KNOTS('',2,(#9151,#9152,#9153),.UNSPECIFIED.,.F.,
 .F.,(3,3),(0.,1.),.PIECEWISE_BEZIER_KNOTS.);
#357=B_SPLINE_CURVE_WITH_KNOTS('',2,(#9162,#9163,#9164),.UNSPECIFIED.,.F.,
 .F.,(3,3),(0.,1.),.PIECEWISE_BEZIER_KNOTS.);
#358=B_SPLINE_CURVE_WITH_KNOTS('',2,(#9168,#9169,#9170),.UNSPECIFIED.,.F.,
 .F.,(3,3),(0.,1.),.PIECEWISE_BEZIER_KNOTS.);
#359=B_SPLINE_CURVE_WITH_KNOTS('',2,(#9203,#9204,#9205),.UNSPECIFIED.,.F.,
 .F.,(3,3),(0.,1.),.PIECEWISE_BEZIER_KNOTS.);
#360=B_SPLINE_CURVE_WITH_KNOTS('',2,(#9216,#9217,#9218),.UNSPECIFIED.,.F.,
 .F.,(3,3),(0.,1.),.PIECEWISE_BEZIER_KNOTS.);
#361=B_SPLINE_CURVE_WITH_KNOTS('',2,(#9229,#9230,#9231),.UNSPECIFIED.,.F.,
 .F.,(3,3),(0.,1.),.PIECEWISE_BEZIER_KNOTS.);
#362=B_SPLINE_CURVE_WITH_KNOTS('',2,(#9242,#9243,#9244),.UNSPECIFIED.,.F.,
 .F.,(3,3),(0.,1.),.PIECEWISE_BEZIER_KNOTS.);
#363=B_SPLINE_CURVE_WITH_KNOTS('',2,(#9267,#9268,#9269),.UNSPECIFIED.,.F.,
 .F.,(3,3),(0.,1.),.PIECEWISE_BEZIER_KNOTS.);
#364=B_SPLINE_CURVE_WITH_KNOTS('',2,(#9270,#9271,#9272),.UNSPECIFIED.,.F.,
 .F.,(3,3),(0.,1.),.PIECEWISE_BEZIER_KNOTS.);
#365=B_SPLINE_CURVE_WITH_KNOTS('',2,(#9335,#9336,#9337),.UNSPECIFIED.,.F.,
 .F.,(3,3),(0.,1.),.PIECEWISE_BEZIER_KNOTS.);
#366=B_SPLINE_CURVE_WITH_KNOTS('',2,(#9350,#9351,#9352),.UNSPECIFIED.,.F.,
 .F.,(3,3),(0.,1.),.PIECEWISE_BEZIER_KNOTS.);
#367=B_SPLINE_CURVE_WITH_KNOTS('',2,(#9363,#9364,#9365),.UNSPECIFIED.,.F.,
 .F.,(3,3),(0.,1.),.PIECEWISE_BEZIER_KNOTS.);
#368=B_SPLINE_CURVE_WITH_KNOTS('',2,(#9376,#9377,#9378),.UNSPECIFIED.,.F.,
 .F.,(3,3),(0.,1.),.PIECEWISE_BEZIER_KNOTS.);
#369=B_SPLINE_CURVE_WITH_KNOTS('',2,(#9389,#9390,#9391),.UNSPECIFIED.,.F.,
 .F.,(3,3),(0.,1.),.PIECEWISE_BEZIER_KNOTS.);
#370=B_SPLINE_CURVE_WITH_KNOTS('',2,(#9402,#9403,#9404),.UNSPECIFIED.,.F.,
 .F.,(3,3),(0.,1.),.PIECEWISE_BEZIER_KNOTS.);
#371=B_SPLINE_CURVE_WITH_KNOTS('',2,(#9415,#9416,#9417),.UNSPECIFIED.,.F.,
 .F.,(3,3),(0.,1.),.PIECEWISE_BEZIER_KNOTS.);
#372=B_SPLINE_CURVE_WITH_KNOTS('',2,(#9432,#9433,#9434),.UNSPECIFIED.,.F.,
 .F.,(3,3),(0.,1.),.PIECEWISE_BEZIER_KNOTS.);
#373=B_SPLINE_CURVE_WITH_KNOTS('',2,(#9445,#9446,#9447),.UNSPECIFIED.,.F.,
 .F.,(3,3),(0.,1.),.PIECEWISE_BEZIER_KNOTS.);
#374=B_SPLINE_CURVE_WITH_KNOTS('',2,(#9458,#9459,#9460),.UNSPECIFIED.,.F.,
 .F.,(3,3),(0.,1.),.PIECEWISE_BEZIER_KNOTS.);
#375=B_SPLINE_CURVE_WITH_KNOTS('',2,(#9471,#9472,#9473),.UNSPECIFIED.,.F.,
 .F.,(3,3),(0.,1.),.PIECEWISE_BEZIER_KNOTS.);
#376=B_SPLINE_CURVE_WITH_KNOTS('',2,(#9484,#9485,#9486),.UNSPECIFIED.,.F.,
 .F.,(3,3),(0.,1.),.PIECEWISE_BEZIER_KNOTS.);
#377=B_SPLINE_CURVE_WITH_KNOTS('',2,(#9497,#9498,#9499),.UNSPECIFIED.,.F.,
 .F.,(3,3),(0.,1.),.PIECEWISE_BEZIER_KNOTS.);
#378=B_SPLINE_CURVE_WITH_KNOTS('',2,(#9510,#9511,#9512),.UNSPECIFIED.,.F.,
 .F.,(3,3),(0.,1.),.PIECEWISE_BEZIER_KNOTS.);
#379=B_SPLINE_CURVE_WITH_KNOTS('',2,(#9523,#9524,#9525),.UNSPECIFIED.,.F.,
 .F.,(3,3),(0.,1.),.PIECEWISE_BEZIER_KNOTS.);
#380=B_SPLINE_CURVE_WITH_KNOTS('',2,(#9536,#9537,#9538),.UNSPECIFIED.,.F.,
 .F.,(3,3),(0.,1.),.PIECEWISE_BEZIER_KNOTS.);
#381=B_SPLINE_CURVE_WITH_KNOTS('',2,(#9549,#9550,#9551),.UNSPECIFIED.,.F.,
 .F.,(3,3),(0.,1.),.PIECEWISE_BEZIER_KNOTS.);
#382=B_SPLINE_CURVE_WITH_KNOTS('',2,(#9562,#9563,#9564),.UNSPECIFIED.,.F.,
 .F.,(3,3),(0.,1.),.PIECEWISE_BEZIER_KNOTS.);
#383=B_SPLINE_CURVE_WITH_KNOTS('',2,(#9575,#9576,#9577),.UNSPECIFIED.,.F.,
 .F.,(3,3),(0.,1.),.PIECEWISE_BEZIER_KNOTS.);
#384=B_SPLINE_CURVE_WITH_KNOTS('',2,(#9588,#9589,#9590),.UNSPECIFIED.,.F.,
 .F.,(3,3),(0.,1.),.PIECEWISE_BEZIER_KNOTS.);
#385=B_SPLINE_CURVE_WITH_KNOTS('',2,(#9601,#9602,#9603),.UNSPECIFIED.,.F.,
 .F.,(3,3),(0.,1.),.PIECEWISE_BEZIER_KNOTS.);
#386=B_SPLINE_CURVE_WITH_KNOTS('',2,(#9622,#9623,#9624),.UNSPECIFIED.,.F.,
 .F.,(3,3),(0.,1.),.PIECEWISE_BEZIER_KNOTS.);
#387=B_SPLINE_CURVE_WITH_KNOTS('',2,(#9635,#9636,#9637),.UNSPECIFIED.,.F.,
 .F.,(3,3),(0.,1.),.PIECEWISE_BEZIER_KNOTS.);
#388=B_SPLINE_CURVE_WITH_KNOTS('',2,(#9648,#9649,#9650),.UNSPECIFIED.,.F.,
 .F.,(3,3),(0.,1.),.PIECEWISE_BEZIER_KNOTS.);
#389=B_SPLINE_CURVE_WITH_KNOTS('',2,(#9661,#9662,#9663),.UNSPECIFIED.,.F.,
 .F.,(3,3),(0.,1.),.PIECEWISE_BEZIER_KNOTS.);
#390=B_SPLINE_CURVE_WITH_KNOTS('',2,(#9672,#9673,#9674),.UNSPECIFIED.,.F.,
 .F.,(3,3),(0.,1.),.PIECEWISE_BEZIER_KNOTS.);
#391=B_SPLINE_CURVE_WITH_KNOTS('',2,(#9739,#9740,#9741),.UNSPECIFIED.,.F.,
 .F.,(3,3),(0.,1.),.PIECEWISE_BEZIER_KNOTS.);
#392=B_SPLINE_CURVE_WITH_KNOTS('',2,(#9754,#9755,#9756),.UNSPECIFIED.,.F.,
 .F.,(3,3),(0.,1.),.PIECEWISE_BEZIER_KNOTS.);
#393=B_SPLINE_CURVE_WITH_KNOTS('',2,(#9767,#9768,#9769),.UNSPECIFIED.,.F.,
 .F.,(3,3),(0.,1.),.PIECEWISE_BEZIER_KNOTS.);
#394=B_SPLINE_CURVE_WITH_KNOTS('',2,(#9780,#9781,#9782),.UNSPECIFIED.,.F.,
 .F.,(3,3),(0.,1.),.PIECEWISE_BEZIER_KNOTS.);
#395=B_SPLINE_CURVE_WITH_KNOTS('',2,(#9793,#9794,#9795),.UNSPECIFIED.,.F.,
 .F.,(3,3),(0.,1.),.PIECEWISE_BEZIER_KNOTS.);
#396=B_SPLINE_CURVE_WITH_KNOTS('',2,(#9806,#9807,#9808),.UNSPECIFIED.,.F.,
 .F.,(3,3),(0.,1.),.PIECEWISE_BEZIER_KNOTS.);
#397=B_SPLINE_CURVE_WITH_KNOTS('',2,(#9819,#9820,#9821),.UNSPECIFIED.,.F.,
 .F.,(3,3),(0.,1.),.PIECEWISE_BEZIER_KNOTS.);
#398=B_SPLINE_CURVE_WITH_KNOTS('',2,(#9830,#9831,#9832),.UNSPECIFIED.,.F.,
 .F.,(3,3),(0.,1.),.PIECEWISE_BEZIER_KNOTS.);
#399=ORIENTED_EDGE('',*,*,#2049,.T.);
#400=ORIENTED_EDGE('',*,*,#2050,.T.);
#401=ORIENTED_EDGE('',*,*,#2051,.F.);
#402=ORIENTED_EDGE('',*,*,#2052,.T.);
#403=ORIENTED_EDGE('',*,*,#2053,.F.);
#404=ORIENTED_EDGE('',*,*,#2054,.T.);
#405=ORIENTED_EDGE('',*,*,#2055,.T.);
#406=ORIENTED_EDGE('',*,*,#2056,.F.);
#407=ORIENTED_EDGE('',*,*,#2057,.T.);
#408=ORIENTED_EDGE('',*,*,#2058,.T.);
#409=ORIENTED_EDGE('',*,*,#2059,.T.);
#410=ORIENTED_EDGE('',*,*,#2060,.T.);
#411=ORIENTED_EDGE('',*,*,#2061,.F.);
#412=ORIENTED_EDGE('',*,*,#2062,.F.);
#413=ORIENTED_EDGE('',*,*,#2063,.T.);
#414=ORIENTED_EDGE('',*,*,#2064,.T.);
#415=ORIENTED_EDGE('',*,*,#2065,.F.);
#416=ORIENTED_EDGE('',*,*,#2066,.F.);
#417=ORIENTED_EDGE('',*,*,#2067,.T.);
#418=ORIENTED_EDGE('',*,*,#2068,.F.);
#419=ORIENTED_EDGE('',*,*,#2069,.T.);
#420=ORIENTED_EDGE('',*,*,#2070,.F.);
#421=ORIENTED_EDGE('',*,*,#2071,.T.);
#422=ORIENTED_EDGE('',*,*,#2072,.F.);
#423=ORIENTED_EDGE('',*,*,#2073,.F.);
#424=ORIENTED_EDGE('',*,*,#2074,.T.);
#425=ORIENTED_EDGE('',*,*,#2075,.F.);
#426=ORIENTED_EDGE('',*,*,#2076,.T.);
#427=ORIENTED_EDGE('',*,*,#2077,.F.);
#428=ORIENTED_EDGE('',*,*,#2078,.F.);
#429=ORIENTED_EDGE('',*,*,#2079,.T.);
#430=ORIENTED_EDGE('',*,*,#2080,.F.);
#431=ORIENTED_EDGE('',*,*,#2081,.T.);
#432=ORIENTED_EDGE('',*,*,#2082,.T.);
#433=ORIENTED_EDGE('',*,*,#2083,.T.);
#434=ORIENTED_EDGE('',*,*,#2084,.T.);
#435=ORIENTED_EDGE('',*,*,#2085,.T.);
#436=ORIENTED_EDGE('',*,*,#2086,.T.);
#437=ORIENTED_EDGE('',*,*,#2087,.T.);
#438=ORIENTED_EDGE('',*,*,#2088,.T.);
#439=ORIENTED_EDGE('',*,*,#2089,.T.);
#440=ORIENTED_EDGE('',*,*,#2090,.T.);
#441=ORIENTED_EDGE('',*,*,#2091,.T.);
#442=ORIENTED_EDGE('',*,*,#2092,.T.);
#443=ORIENTED_EDGE('',*,*,#2093,.T.);
#444=ORIENTED_EDGE('',*,*,#2094,.T.);
#445=ORIENTED_EDGE('',*,*,#2095,.T.);
#446=ORIENTED_EDGE('',*,*,#2096,.T.);
#447=ORIENTED_EDGE('',*,*,#2097,.T.);
#448=ORIENTED_EDGE('',*,*,#2098,.T.);
#449=ORIENTED_EDGE('',*,*,#2099,.T.);
#450=ORIENTED_EDGE('',*,*,#2100,.T.);
#451=ORIENTED_EDGE('',*,*,#2101,.T.);
#452=ORIENTED_EDGE('',*,*,#2102,.T.);
#453=ORIENTED_EDGE('',*,*,#2103,.T.);
#454=ORIENTED_EDGE('',*,*,#2104,.T.);
#455=ORIENTED_EDGE('',*,*,#2105,.T.);
#456=ORIENTED_EDGE('',*,*,#2106,.T.);
#457=ORIENTED_EDGE('',*,*,#2107,.T.);
#458=ORIENTED_EDGE('',*,*,#2108,.T.);
#459=ORIENTED_EDGE('',*,*,#2109,.T.);
#460=ORIENTED_EDGE('',*,*,#2110,.T.);
#461=ORIENTED_EDGE('',*,*,#2111,.T.);
#462=ORIENTED_EDGE('',*,*,#2112,.T.);
#463=ORIENTED_EDGE('',*,*,#2113,.T.);
#464=ORIENTED_EDGE('',*,*,#2114,.T.);
#465=ORIENTED_EDGE('',*,*,#2115,.T.);
#466=ORIENTED_EDGE('',*,*,#2116,.T.);
#467=ORIENTED_EDGE('',*,*,#2117,.T.);
#468=ORIENTED_EDGE('',*,*,#2118,.T.);
#469=ORIENTED_EDGE('',*,*,#2119,.T.);
#470=ORIENTED_EDGE('',*,*,#2120,.T.);
#471=ORIENTED_EDGE('',*,*,#2121,.T.);
#472=ORIENTED_EDGE('',*,*,#2122,.T.);
#473=ORIENTED_EDGE('',*,*,#2123,.T.);
#474=ORIENTED_EDGE('',*,*,#2124,.T.);
#475=ORIENTED_EDGE('',*,*,#2125,.T.);
#476=ORIENTED_EDGE('',*,*,#2126,.T.);
#477=ORIENTED_EDGE('',*,*,#2127,.T.);
#478=ORIENTED_EDGE('',*,*,#2128,.T.);
#479=ORIENTED_EDGE('',*,*,#2129,.T.);
#480=ORIENTED_EDGE('',*,*,#2130,.T.);
#481=ORIENTED_EDGE('',*,*,#2131,.T.);
#482=ORIENTED_EDGE('',*,*,#2132,.T.);
#483=ORIENTED_EDGE('',*,*,#2133,.T.);
#484=ORIENTED_EDGE('',*,*,#2134,.T.);
#485=ORIENTED_EDGE('',*,*,#2135,.T.);
#486=ORIENTED_EDGE('',*,*,#2136,.T.);
#487=ORIENTED_EDGE('',*,*,#2137,.T.);
#488=ORIENTED_EDGE('',*,*,#2138,.T.);
#489=ORIENTED_EDGE('',*,*,#2139,.T.);
#490=ORIENTED_EDGE('',*,*,#2140,.T.);
#491=ORIENTED_EDGE('',*,*,#2141,.T.);
#492=ORIENTED_EDGE('',*,*,#2142,.T.);
#493=ORIENTED_EDGE('',*,*,#2143,.T.);
#494=ORIENTED_EDGE('',*,*,#2144,.T.);
#495=ORIENTED_EDGE('',*,*,#2145,.T.);
#496=ORIENTED_EDGE('',*,*,#2146,.T.);
#497=ORIENTED_EDGE('',*,*,#2147,.T.);
#498=ORIENTED_EDGE('',*,*,#2148,.T.);
#499=ORIENTED_EDGE('',*,*,#2149,.T.);
#500=ORIENTED_EDGE('',*,*,#2150,.T.);
#501=ORIENTED_EDGE('',*,*,#2151,.T.);
#502=ORIENTED_EDGE('',*,*,#2152,.T.);
#503=ORIENTED_EDGE('',*,*,#2153,.T.);
#504=ORIENTED_EDGE('',*,*,#2154,.T.);
#505=ORIENTED_EDGE('',*,*,#2155,.T.);
#506=ORIENTED_EDGE('',*,*,#2156,.T.);
#507=ORIENTED_EDGE('',*,*,#2157,.T.);
#508=ORIENTED_EDGE('',*,*,#2158,.T.);
#509=ORIENTED_EDGE('',*,*,#2159,.T.);
#510=ORIENTED_EDGE('',*,*,#2160,.T.);
#511=ORIENTED_EDGE('',*,*,#2161,.T.);
#512=ORIENTED_EDGE('',*,*,#2162,.T.);
#513=ORIENTED_EDGE('',*,*,#2163,.T.);
#514=ORIENTED_EDGE('',*,*,#2164,.T.);
#515=ORIENTED_EDGE('',*,*,#2165,.T.);
#516=ORIENTED_EDGE('',*,*,#2166,.T.);
#517=ORIENTED_EDGE('',*,*,#2167,.T.);
#518=ORIENTED_EDGE('',*,*,#2168,.T.);
#519=ORIENTED_EDGE('',*,*,#2169,.T.);
#520=ORIENTED_EDGE('',*,*,#2170,.T.);
#521=ORIENTED_EDGE('',*,*,#2171,.T.);
#522=ORIENTED_EDGE('',*,*,#2172,.T.);
#523=ORIENTED_EDGE('',*,*,#2173,.T.);
#524=ORIENTED_EDGE('',*,*,#2174,.T.);
#525=ORIENTED_EDGE('',*,*,#2175,.T.);
#526=ORIENTED_EDGE('',*,*,#2176,.T.);
#527=ORIENTED_EDGE('',*,*,#2177,.T.);
#528=ORIENTED_EDGE('',*,*,#2178,.T.);
#529=ORIENTED_EDGE('',*,*,#2179,.T.);
#530=ORIENTED_EDGE('',*,*,#2180,.T.);
#531=ORIENTED_EDGE('',*,*,#2181,.T.);
#532=ORIENTED_EDGE('',*,*,#2182,.T.);
#533=ORIENTED_EDGE('',*,*,#2183,.T.);
#534=ORIENTED_EDGE('',*,*,#2184,.T.);
#535=ORIENTED_EDGE('',*,*,#2185,.T.);
#536=ORIENTED_EDGE('',*,*,#2186,.T.);
#537=ORIENTED_EDGE('',*,*,#2187,.T.);
#538=ORIENTED_EDGE('',*,*,#2188,.T.);
#539=ORIENTED_EDGE('',*,*,#2189,.T.);
#540=ORIENTED_EDGE('',*,*,#2190,.T.);
#541=ORIENTED_EDGE('',*,*,#2191,.T.);
#542=ORIENTED_EDGE('',*,*,#2192,.T.);
#543=ORIENTED_EDGE('',*,*,#2193,.T.);
#544=ORIENTED_EDGE('',*,*,#2194,.T.);
#545=ORIENTED_EDGE('',*,*,#2195,.T.);
#546=ORIENTED_EDGE('',*,*,#2196,.T.);
#547=ORIENTED_EDGE('',*,*,#2197,.T.);
#548=ORIENTED_EDGE('',*,*,#2198,.T.);
#549=ORIENTED_EDGE('',*,*,#2199,.T.);
#550=ORIENTED_EDGE('',*,*,#2200,.T.);
#551=ORIENTED_EDGE('',*,*,#2201,.T.);
#552=ORIENTED_EDGE('',*,*,#2202,.T.);
#553=ORIENTED_EDGE('',*,*,#2203,.T.);
#554=ORIENTED_EDGE('',*,*,#2204,.T.);
#555=ORIENTED_EDGE('',*,*,#2205,.T.);
#556=ORIENTED_EDGE('',*,*,#2206,.T.);
#557=ORIENTED_EDGE('',*,*,#2207,.T.);
#558=ORIENTED_EDGE('',*,*,#2208,.T.);
#559=ORIENTED_EDGE('',*,*,#2209,.T.);
#560=ORIENTED_EDGE('',*,*,#2210,.T.);
#561=ORIENTED_EDGE('',*,*,#2211,.F.);
#562=ORIENTED_EDGE('',*,*,#2212,.T.);
#563=ORIENTED_EDGE('',*,*,#2213,.T.);
#564=ORIENTED_EDGE('',*,*,#2214,.T.);
#565=ORIENTED_EDGE('',*,*,#2215,.T.);
#566=ORIENTED_EDGE('',*,*,#2216,.T.);
#567=ORIENTED_EDGE('',*,*,#2217,.T.);
#568=ORIENTED_EDGE('',*,*,#2218,.T.);
#569=ORIENTED_EDGE('',*,*,#2219,.T.);
#570=ORIENTED_EDGE('',*,*,#2220,.T.);
#571=ORIENTED_EDGE('',*,*,#2221,.T.);
#572=ORIENTED_EDGE('',*,*,#2222,.T.);
#573=ORIENTED_EDGE('',*,*,#2223,.T.);
#574=ORIENTED_EDGE('',*,*,#2224,.T.);
#575=ORIENTED_EDGE('',*,*,#2225,.T.);
#576=ORIENTED_EDGE('',*,*,#2226,.T.);
#577=ORIENTED_EDGE('',*,*,#2227,.T.);
#578=ORIENTED_EDGE('',*,*,#2228,.T.);
#579=ORIENTED_EDGE('',*,*,#2229,.T.);
#580=ORIENTED_EDGE('',*,*,#2230,.T.);
#581=ORIENTED_EDGE('',*,*,#2231,.T.);
#582=ORIENTED_EDGE('',*,*,#2232,.T.);
#583=ORIENTED_EDGE('',*,*,#2233,.T.);
#584=ORIENTED_EDGE('',*,*,#2234,.T.);
#585=ORIENTED_EDGE('',*,*,#2235,.T.);
#586=ORIENTED_EDGE('',*,*,#2236,.T.);
#587=ORIENTED_EDGE('',*,*,#2237,.T.);
#588=ORIENTED_EDGE('',*,*,#2238,.T.);
#589=ORIENTED_EDGE('',*,*,#2239,.T.);
#590=ORIENTED_EDGE('',*,*,#2240,.T.);
#591=ORIENTED_EDGE('',*,*,#2241,.T.);
#592=ORIENTED_EDGE('',*,*,#2242,.T.);
#593=ORIENTED_EDGE('',*,*,#2243,.T.);
#594=ORIENTED_EDGE('',*,*,#2244,.T.);
#595=ORIENTED_EDGE('',*,*,#2245,.T.);
#596=ORIENTED_EDGE('',*,*,#2246,.T.);
#597=ORIENTED_EDGE('',*,*,#2247,.T.);
#598=ORIENTED_EDGE('',*,*,#2248,.T.);
#599=ORIENTED_EDGE('',*,*,#2249,.T.);
#600=ORIENTED_EDGE('',*,*,#2250,.T.);
#601=ORIENTED_EDGE('',*,*,#2251,.T.);
#602=ORIENTED_EDGE('',*,*,#2252,.T.);
#603=ORIENTED_EDGE('',*,*,#2253,.T.);
#604=ORIENTED_EDGE('',*,*,#2254,.T.);
#605=ORIENTED_EDGE('',*,*,#2255,.T.);
#606=ORIENTED_EDGE('',*,*,#2256,.T.);
#607=ORIENTED_EDGE('',*,*,#2257,.T.);
#608=ORIENTED_EDGE('',*,*,#2258,.T.);
#609=ORIENTED_EDGE('',*,*,#2259,.T.);
#610=ORIENTED_EDGE('',*,*,#2260,.T.);
#611=ORIENTED_EDGE('',*,*,#2261,.T.);
#612=ORIENTED_EDGE('',*,*,#2262,.T.);
#613=ORIENTED_EDGE('',*,*,#2263,.T.);
#614=ORIENTED_EDGE('',*,*,#2264,.T.);
#615=ORIENTED_EDGE('',*,*,#2265,.T.);
#616=ORIENTED_EDGE('',*,*,#2266,.T.);
#617=ORIENTED_EDGE('',*,*,#2267,.T.);
#618=ORIENTED_EDGE('',*,*,#2268,.T.);
#619=ORIENTED_EDGE('',*,*,#2269,.T.);
#620=ORIENTED_EDGE('',*,*,#2270,.T.);
#621=ORIENTED_EDGE('',*,*,#2271,.T.);
#622=ORIENTED_EDGE('',*,*,#2272,.T.);
#623=ORIENTED_EDGE('',*,*,#2273,.T.);
#624=ORIENTED_EDGE('',*,*,#2274,.T.);
#625=ORIENTED_EDGE('',*,*,#2275,.T.);
#626=ORIENTED_EDGE('',*,*,#2276,.T.);
#627=ORIENTED_EDGE('',*,*,#2277,.T.);
#628=ORIENTED_EDGE('',*,*,#2278,.T.);
#629=ORIENTED_EDGE('',*,*,#2279,.T.);
#630=ORIENTED_EDGE('',*,*,#2280,.T.);
#631=ORIENTED_EDGE('',*,*,#2281,.T.);
#632=ORIENTED_EDGE('',*,*,#2282,.T.);
#633=ORIENTED_EDGE('',*,*,#2283,.T.);
#634=ORIENTED_EDGE('',*,*,#2284,.T.);
#635=ORIENTED_EDGE('',*,*,#2285,.T.);
#636=ORIENTED_EDGE('',*,*,#2286,.T.);
#637=ORIENTED_EDGE('',*,*,#2287,.T.);
#638=ORIENTED_EDGE('',*,*,#2288,.T.);
#639=ORIENTED_EDGE('',*,*,#2289,.T.);
#640=ORIENTED_EDGE('',*,*,#2290,.T.);
#641=ORIENTED_EDGE('',*,*,#2291,.T.);
#642=ORIENTED_EDGE('',*,*,#2292,.T.);
#643=ORIENTED_EDGE('',*,*,#2293,.T.);
#644=ORIENTED_EDGE('',*,*,#2294,.T.);
#645=ORIENTED_EDGE('',*,*,#2295,.T.);
#646=ORIENTED_EDGE('',*,*,#2296,.T.);
#647=ORIENTED_EDGE('',*,*,#2297,.T.);
#648=ORIENTED_EDGE('',*,*,#2298,.F.);
#649=ORIENTED_EDGE('',*,*,#2299,.F.);
#650=ORIENTED_EDGE('',*,*,#2300,.F.);
#651=ORIENTED_EDGE('',*,*,#2214,.F.);
#652=ORIENTED_EDGE('',*,*,#2301,.T.);
#653=ORIENTED_EDGE('',*,*,#2299,.T.);
#654=ORIENTED_EDGE('',*,*,#2302,.T.);
#655=ORIENTED_EDGE('',*,*,#2303,.T.);
#656=ORIENTED_EDGE('',*,*,#2304,.T.);
#657=ORIENTED_EDGE('',*,*,#2305,.T.);
#658=ORIENTED_EDGE('',*,*,#2306,.F.);
#659=ORIENTED_EDGE('',*,*,#2307,.T.);
#660=ORIENTED_EDGE('',*,*,#2308,.T.);
#661=ORIENTED_EDGE('',*,*,#2309,.F.);
#662=ORIENTED_EDGE('',*,*,#2310,.T.);
#663=ORIENTED_EDGE('',*,*,#2074,.F.);
#664=ORIENTED_EDGE('',*,*,#2311,.F.);
#665=ORIENTED_EDGE('',*,*,#2309,.T.);
#666=ORIENTED_EDGE('',*,*,#2312,.T.);
#667=ORIENTED_EDGE('',*,*,#2313,.T.);
#668=ORIENTED_EDGE('',*,*,#2314,.F.);
#669=ORIENTED_EDGE('',*,*,#2072,.T.);
#670=ORIENTED_EDGE('',*,*,#2315,.T.);
#671=ORIENTED_EDGE('',*,*,#2316,.T.);
#672=ORIENTED_EDGE('',*,*,#2317,.T.);
#673=ORIENTED_EDGE('',*,*,#2318,.T.);
#674=ORIENTED_EDGE('',*,*,#2319,.T.);
#675=ORIENTED_EDGE('',*,*,#2320,.T.);
#676=ORIENTED_EDGE('',*,*,#2321,.F.);
#677=ORIENTED_EDGE('',*,*,#2322,.T.);
#678=ORIENTED_EDGE('',*,*,#2321,.T.);
#679=ORIENTED_EDGE('',*,*,#2323,.T.);
#680=ORIENTED_EDGE('',*,*,#2296,.F.);
#681=ORIENTED_EDGE('',*,*,#2301,.F.);
#682=ORIENTED_EDGE('',*,*,#2213,.F.);
#683=ORIENTED_EDGE('',*,*,#2324,.T.);
#684=ORIENTED_EDGE('',*,*,#2049,.F.);
#685=ORIENTED_EDGE('',*,*,#2325,.T.);
#686=ORIENTED_EDGE('',*,*,#2326,.T.);
#687=ORIENTED_EDGE('',*,*,#2306,.T.);
#688=ORIENTED_EDGE('',*,*,#2311,.T.);
#689=ORIENTED_EDGE('',*,*,#2073,.T.);
#690=ORIENTED_EDGE('',*,*,#2314,.T.);
#691=ORIENTED_EDGE('',*,*,#2327,.T.);
#692=ORIENTED_EDGE('',*,*,#2298,.T.);
#693=ORIENTED_EDGE('',*,*,#2328,.T.);
#694=ORIENTED_EDGE('',*,*,#2319,.F.);
#695=ORIENTED_EDGE('',*,*,#2329,.T.);
#696=ORIENTED_EDGE('',*,*,#2312,.F.);
#697=ORIENTED_EDGE('',*,*,#2071,.F.);
#698=ORIENTED_EDGE('',*,*,#2310,.F.);
#699=ORIENTED_EDGE('',*,*,#2308,.F.);
#700=ORIENTED_EDGE('',*,*,#2330,.T.);
#701=ORIENTED_EDGE('',*,*,#2331,.T.);
#702=ORIENTED_EDGE('',*,*,#2051,.T.);
#703=ORIENTED_EDGE('',*,*,#2332,.T.);
#704=ORIENTED_EDGE('',*,*,#2211,.T.);
#705=ORIENTED_EDGE('',*,*,#2300,.T.);
#706=ORIENTED_EDGE('',*,*,#2324,.F.);
#707=ORIENTED_EDGE('',*,*,#2212,.F.);
#708=ORIENTED_EDGE('',*,*,#2332,.F.);
#709=ORIENTED_EDGE('',*,*,#2050,.F.);
#710=ORIENTED_EDGE('',*,*,#2333,.F.);
#711=ORIENTED_EDGE('',*,*,#2330,.F.);
#712=ORIENTED_EDGE('',*,*,#2334,.F.);
#713=ORIENTED_EDGE('',*,*,#2304,.F.);
#714=ORIENTED_EDGE('',*,*,#2334,.T.);
#715=ORIENTED_EDGE('',*,*,#2307,.F.);
#716=ORIENTED_EDGE('',*,*,#2335,.F.);
#717=ORIENTED_EDGE('',*,*,#2305,.F.);
#718=ORIENTED_EDGE('',*,*,#2333,.T.);
#719=ORIENTED_EDGE('',*,*,#2303,.F.);
#720=ORIENTED_EDGE('',*,*,#2336,.F.);
#721=ORIENTED_EDGE('',*,*,#2325,.F.);
#722=ORIENTED_EDGE('',*,*,#2052,.F.);
#723=ORIENTED_EDGE('',*,*,#2331,.F.);
#724=ORIENTED_EDGE('',*,*,#2335,.T.);
#725=ORIENTED_EDGE('',*,*,#2326,.F.);
#726=ORIENTED_EDGE('',*,*,#2336,.T.);
#727=ORIENTED_EDGE('',*,*,#2302,.F.);
#728=ORIENTED_EDGE('',*,*,#2197,.F.);
#729=ORIENTED_EDGE('',*,*,#2337,.F.);
#730=ORIENTED_EDGE('',*,*,#2338,.T.);
#731=ORIENTED_EDGE('',*,*,#2339,.T.);
#732=ORIENTED_EDGE('',*,*,#2196,.F.);
#733=ORIENTED_EDGE('',*,*,#2340,.F.);
#734=ORIENTED_EDGE('',*,*,#2341,.T.);
#735=ORIENTED_EDGE('',*,*,#2337,.T.);
#736=ORIENTED_EDGE('',*,*,#2210,.F.);
#737=ORIENTED_EDGE('',*,*,#2342,.F.);
#738=ORIENTED_EDGE('',*,*,#2343,.T.);
#739=ORIENTED_EDGE('',*,*,#2340,.T.);
#740=ORIENTED_EDGE('',*,*,#2209,.F.);
#741=ORIENTED_EDGE('',*,*,#2344,.F.);
#742=ORIENTED_EDGE('',*,*,#2345,.T.);
#743=ORIENTED_EDGE('',*,*,#2342,.T.);
#744=ORIENTED_EDGE('',*,*,#2208,.F.);
#745=ORIENTED_EDGE('',*,*,#2346,.F.);
#746=ORIENTED_EDGE('',*,*,#2347,.T.);
#747=ORIENTED_EDGE('',*,*,#2344,.T.);
#748=ORIENTED_EDGE('',*,*,#2207,.F.);
#749=ORIENTED_EDGE('',*,*,#2348,.F.);
#750=ORIENTED_EDGE('',*,*,#2349,.T.);
#751=ORIENTED_EDGE('',*,*,#2346,.T.);
#752=ORIENTED_EDGE('',*,*,#2206,.F.);
#753=ORIENTED_EDGE('',*,*,#2350,.F.);
#754=ORIENTED_EDGE('',*,*,#2351,.T.);
#755=ORIENTED_EDGE('',*,*,#2348,.T.);
#756=ORIENTED_EDGE('',*,*,#2205,.F.);
#757=ORIENTED_EDGE('',*,*,#2352,.F.);
#758=ORIENTED_EDGE('',*,*,#2353,.T.);
#759=ORIENTED_EDGE('',*,*,#2350,.T.);
#760=ORIENTED_EDGE('',*,*,#2204,.F.);
#761=ORIENTED_EDGE('',*,*,#2354,.F.);
#762=ORIENTED_EDGE('',*,*,#2355,.T.);
#763=ORIENTED_EDGE('',*,*,#2352,.T.);
#764=ORIENTED_EDGE('',*,*,#2203,.F.);
#765=ORIENTED_EDGE('',*,*,#2356,.F.);
#766=ORIENTED_EDGE('',*,*,#2357,.T.);
#767=ORIENTED_EDGE('',*,*,#2354,.T.);
#768=ORIENTED_EDGE('',*,*,#2202,.F.);
#769=ORIENTED_EDGE('',*,*,#2358,.F.);
#770=ORIENTED_EDGE('',*,*,#2359,.T.);
#771=ORIENTED_EDGE('',*,*,#2356,.T.);
#772=ORIENTED_EDGE('',*,*,#2201,.F.);
#773=ORIENTED_EDGE('',*,*,#2360,.F.);
#774=ORIENTED_EDGE('',*,*,#2361,.T.);
#775=ORIENTED_EDGE('',*,*,#2358,.T.);
#776=ORIENTED_EDGE('',*,*,#2200,.F.);
#777=ORIENTED_EDGE('',*,*,#2362,.F.);
#778=ORIENTED_EDGE('',*,*,#2363,.T.);
#779=ORIENTED_EDGE('',*,*,#2360,.T.);
#780=ORIENTED_EDGE('',*,*,#2199,.F.);
#781=ORIENTED_EDGE('',*,*,#2364,.F.);
#782=ORIENTED_EDGE('',*,*,#2365,.T.);
#783=ORIENTED_EDGE('',*,*,#2362,.T.);
#784=ORIENTED_EDGE('',*,*,#2198,.F.);
#785=ORIENTED_EDGE('',*,*,#2339,.F.);
#786=ORIENTED_EDGE('',*,*,#2366,.T.);
#787=ORIENTED_EDGE('',*,*,#2364,.T.);
#788=ORIENTED_EDGE('',*,*,#2338,.F.);
#789=ORIENTED_EDGE('',*,*,#2341,.F.);
#790=ORIENTED_EDGE('',*,*,#2343,.F.);
#791=ORIENTED_EDGE('',*,*,#2345,.F.);
#792=ORIENTED_EDGE('',*,*,#2347,.F.);
#793=ORIENTED_EDGE('',*,*,#2349,.F.);
#794=ORIENTED_EDGE('',*,*,#2351,.F.);
#795=ORIENTED_EDGE('',*,*,#2353,.F.);
#796=ORIENTED_EDGE('',*,*,#2355,.F.);
#797=ORIENTED_EDGE('',*,*,#2357,.F.);
#798=ORIENTED_EDGE('',*,*,#2359,.F.);
#799=ORIENTED_EDGE('',*,*,#2361,.F.);
#800=ORIENTED_EDGE('',*,*,#2363,.F.);
#801=ORIENTED_EDGE('',*,*,#2365,.F.);
#802=ORIENTED_EDGE('',*,*,#2366,.F.);
#803=ORIENTED_EDGE('',*,*,#2367,.F.);
#804=ORIENTED_EDGE('',*,*,#2368,.F.);
#805=ORIENTED_EDGE('',*,*,#2369,.T.);
#806=ORIENTED_EDGE('',*,*,#2370,.T.);
#807=ORIENTED_EDGE('',*,*,#2371,.F.);
#808=ORIENTED_EDGE('',*,*,#2372,.F.);
#809=ORIENTED_EDGE('',*,*,#2373,.T.);
#810=ORIENTED_EDGE('',*,*,#2368,.T.);
#811=ORIENTED_EDGE('',*,*,#2374,.F.);
#812=ORIENTED_EDGE('',*,*,#2375,.F.);
#813=ORIENTED_EDGE('',*,*,#2376,.T.);
#814=ORIENTED_EDGE('',*,*,#2372,.T.);
#815=ORIENTED_EDGE('',*,*,#2377,.F.);
#816=ORIENTED_EDGE('',*,*,#2378,.F.);
#817=ORIENTED_EDGE('',*,*,#2379,.T.);
#818=ORIENTED_EDGE('',*,*,#2375,.T.);
#819=ORIENTED_EDGE('',*,*,#2380,.F.);
#820=ORIENTED_EDGE('',*,*,#2381,.F.);
#821=ORIENTED_EDGE('',*,*,#2382,.T.);
#822=ORIENTED_EDGE('',*,*,#2378,.T.);
#823=ORIENTED_EDGE('',*,*,#2383,.F.);
#824=ORIENTED_EDGE('',*,*,#2384,.F.);
#825=ORIENTED_EDGE('',*,*,#2385,.T.);
#826=ORIENTED_EDGE('',*,*,#2381,.T.);
#827=ORIENTED_EDGE('',*,*,#2386,.F.);
#828=ORIENTED_EDGE('',*,*,#2387,.F.);
#829=ORIENTED_EDGE('',*,*,#2388,.T.);
#830=ORIENTED_EDGE('',*,*,#2389,.T.);
#831=ORIENTED_EDGE('',*,*,#2390,.F.);
#832=ORIENTED_EDGE('',*,*,#2391,.F.);
#833=ORIENTED_EDGE('',*,*,#2392,.T.);
#834=ORIENTED_EDGE('',*,*,#2387,.T.);
#835=ORIENTED_EDGE('',*,*,#2393,.F.);
#836=ORIENTED_EDGE('',*,*,#2394,.F.);
#837=ORIENTED_EDGE('',*,*,#2395,.T.);
#838=ORIENTED_EDGE('',*,*,#2391,.T.);
#839=ORIENTED_EDGE('',*,*,#2396,.F.);
#840=ORIENTED_EDGE('',*,*,#2397,.F.);
#841=ORIENTED_EDGE('',*,*,#2398,.T.);
#842=ORIENTED_EDGE('',*,*,#2394,.T.);
#843=ORIENTED_EDGE('',*,*,#2399,.F.);
#844=ORIENTED_EDGE('',*,*,#2400,.F.);
#845=ORIENTED_EDGE('',*,*,#2401,.T.);
#846=ORIENTED_EDGE('',*,*,#2397,.T.);
#847=ORIENTED_EDGE('',*,*,#2216,.F.);
#848=ORIENTED_EDGE('',*,*,#2402,.F.);
#849=ORIENTED_EDGE('',*,*,#2403,.T.);
#850=ORIENTED_EDGE('',*,*,#2404,.T.);
#851=ORIENTED_EDGE('',*,*,#2215,.F.);
#852=ORIENTED_EDGE('',*,*,#2405,.F.);
#853=ORIENTED_EDGE('',*,*,#2406,.T.);
#854=ORIENTED_EDGE('',*,*,#2402,.T.);
#855=ORIENTED_EDGE('',*,*,#2225,.F.);
#856=ORIENTED_EDGE('',*,*,#2407,.F.);
#857=ORIENTED_EDGE('',*,*,#2408,.T.);
#858=ORIENTED_EDGE('',*,*,#2405,.T.);
#859=ORIENTED_EDGE('',*,*,#2224,.F.);
#860=ORIENTED_EDGE('',*,*,#2409,.F.);
#861=ORIENTED_EDGE('',*,*,#2410,.T.);
#862=ORIENTED_EDGE('',*,*,#2407,.T.);
#863=ORIENTED_EDGE('',*,*,#2223,.F.);
#864=ORIENTED_EDGE('',*,*,#2411,.F.);
#865=ORIENTED_EDGE('',*,*,#2412,.T.);
#866=ORIENTED_EDGE('',*,*,#2409,.T.);
#867=ORIENTED_EDGE('',*,*,#2222,.F.);
#868=ORIENTED_EDGE('',*,*,#2413,.F.);
#869=ORIENTED_EDGE('',*,*,#2414,.T.);
#870=ORIENTED_EDGE('',*,*,#2411,.T.);
#871=ORIENTED_EDGE('',*,*,#2221,.F.);
#872=ORIENTED_EDGE('',*,*,#2415,.F.);
#873=ORIENTED_EDGE('',*,*,#2416,.T.);
#874=ORIENTED_EDGE('',*,*,#2413,.T.);
#875=ORIENTED_EDGE('',*,*,#2220,.F.);
#876=ORIENTED_EDGE('',*,*,#2417,.F.);
#877=ORIENTED_EDGE('',*,*,#2418,.T.);
#878=ORIENTED_EDGE('',*,*,#2415,.T.);
#879=ORIENTED_EDGE('',*,*,#2219,.F.);
#880=ORIENTED_EDGE('',*,*,#2419,.F.);
#881=ORIENTED_EDGE('',*,*,#2420,.T.);
#882=ORIENTED_EDGE('',*,*,#2417,.T.);
#883=ORIENTED_EDGE('',*,*,#2218,.F.);
#884=ORIENTED_EDGE('',*,*,#2421,.F.);
#885=ORIENTED_EDGE('',*,*,#2422,.T.);
#886=ORIENTED_EDGE('',*,*,#2419,.T.);
#887=ORIENTED_EDGE('',*,*,#2423,.F.);
#888=ORIENTED_EDGE('',*,*,#2389,.F.);
#889=ORIENTED_EDGE('',*,*,#2424,.T.);
#890=ORIENTED_EDGE('',*,*,#2400,.T.);
#891=ORIENTED_EDGE('',*,*,#2217,.F.);
#892=ORIENTED_EDGE('',*,*,#2404,.F.);
#893=ORIENTED_EDGE('',*,*,#2425,.T.);
#894=ORIENTED_EDGE('',*,*,#2421,.T.);
#895=ORIENTED_EDGE('',*,*,#2426,.F.);
#896=ORIENTED_EDGE('',*,*,#2370,.F.);
#897=ORIENTED_EDGE('',*,*,#2427,.T.);
#898=ORIENTED_EDGE('',*,*,#2384,.T.);
#899=ORIENTED_EDGE('',*,*,#2403,.F.);
#900=ORIENTED_EDGE('',*,*,#2406,.F.);
#901=ORIENTED_EDGE('',*,*,#2408,.F.);
#902=ORIENTED_EDGE('',*,*,#2410,.F.);
#903=ORIENTED_EDGE('',*,*,#2412,.F.);
#904=ORIENTED_EDGE('',*,*,#2414,.F.);
#905=ORIENTED_EDGE('',*,*,#2416,.F.);
#906=ORIENTED_EDGE('',*,*,#2418,.F.);
#907=ORIENTED_EDGE('',*,*,#2420,.F.);
#908=ORIENTED_EDGE('',*,*,#2422,.F.);
#909=ORIENTED_EDGE('',*,*,#2425,.F.);
#910=ORIENTED_EDGE('',*,*,#2388,.F.);
#911=ORIENTED_EDGE('',*,*,#2392,.F.);
#912=ORIENTED_EDGE('',*,*,#2395,.F.);
#913=ORIENTED_EDGE('',*,*,#2398,.F.);
#914=ORIENTED_EDGE('',*,*,#2401,.F.);
#915=ORIENTED_EDGE('',*,*,#2424,.F.);
#916=ORIENTED_EDGE('',*,*,#2369,.F.);
#917=ORIENTED_EDGE('',*,*,#2373,.F.);
#918=ORIENTED_EDGE('',*,*,#2376,.F.);
#919=ORIENTED_EDGE('',*,*,#2379,.F.);
#920=ORIENTED_EDGE('',*,*,#2382,.F.);
#921=ORIENTED_EDGE('',*,*,#2385,.F.);
#922=ORIENTED_EDGE('',*,*,#2427,.F.);
#923=ORIENTED_EDGE('',*,*,#2390,.T.);
#924=ORIENTED_EDGE('',*,*,#2386,.T.);
#925=ORIENTED_EDGE('',*,*,#2423,.T.);
#926=ORIENTED_EDGE('',*,*,#2399,.T.);
#927=ORIENTED_EDGE('',*,*,#2396,.T.);
#928=ORIENTED_EDGE('',*,*,#2393,.T.);
#929=ORIENTED_EDGE('',*,*,#2428,.F.);
#930=ORIENTED_EDGE('',*,*,#2429,.F.);
#931=ORIENTED_EDGE('',*,*,#2430,.T.);
#932=ORIENTED_EDGE('',*,*,#2431,.T.);
#933=ORIENTED_EDGE('',*,*,#2432,.F.);
#934=ORIENTED_EDGE('',*,*,#2433,.F.);
#935=ORIENTED_EDGE('',*,*,#2434,.T.);
#936=ORIENTED_EDGE('',*,*,#2429,.T.);
#937=ORIENTED_EDGE('',*,*,#2435,.F.);
#938=ORIENTED_EDGE('',*,*,#2436,.F.);
#939=ORIENTED_EDGE('',*,*,#2437,.T.);
#940=ORIENTED_EDGE('',*,*,#2433,.T.);
#941=ORIENTED_EDGE('',*,*,#2438,.F.);
#942=ORIENTED_EDGE('',*,*,#2439,.F.);
#943=ORIENTED_EDGE('',*,*,#2440,.T.);
#944=ORIENTED_EDGE('',*,*,#2436,.T.);
#945=ORIENTED_EDGE('',*,*,#2441,.F.);
#946=ORIENTED_EDGE('',*,*,#2442,.F.);
#947=ORIENTED_EDGE('',*,*,#2443,.T.);
#948=ORIENTED_EDGE('',*,*,#2439,.T.);
#949=ORIENTED_EDGE('',*,*,#2444,.F.);
#950=ORIENTED_EDGE('',*,*,#2445,.F.);
#951=ORIENTED_EDGE('',*,*,#2446,.T.);
#952=ORIENTED_EDGE('',*,*,#2442,.T.);
#953=ORIENTED_EDGE('',*,*,#2184,.F.);
#954=ORIENTED_EDGE('',*,*,#2447,.F.);
#955=ORIENTED_EDGE('',*,*,#2448,.T.);
#956=ORIENTED_EDGE('',*,*,#2449,.T.);
#957=ORIENTED_EDGE('',*,*,#2183,.F.);
#958=ORIENTED_EDGE('',*,*,#2450,.F.);
#959=ORIENTED_EDGE('',*,*,#2451,.T.);
#960=ORIENTED_EDGE('',*,*,#2447,.T.);
#961=ORIENTED_EDGE('',*,*,#2195,.F.);
#962=ORIENTED_EDGE('',*,*,#2452,.F.);
#963=ORIENTED_EDGE('',*,*,#2453,.T.);
#964=ORIENTED_EDGE('',*,*,#2450,.T.);
#965=ORIENTED_EDGE('',*,*,#2194,.F.);
#966=ORIENTED_EDGE('',*,*,#2454,.F.);
#967=ORIENTED_EDGE('',*,*,#2455,.T.);
#968=ORIENTED_EDGE('',*,*,#2452,.T.);
#969=ORIENTED_EDGE('',*,*,#2193,.F.);
#970=ORIENTED_EDGE('',*,*,#2456,.F.);
#971=ORIENTED_EDGE('',*,*,#2457,.T.);
#972=ORIENTED_EDGE('',*,*,#2454,.T.);
#973=ORIENTED_EDGE('',*,*,#2192,.F.);
#974=ORIENTED_EDGE('',*,*,#2458,.F.);
#975=ORIENTED_EDGE('',*,*,#2459,.T.);
#976=ORIENTED_EDGE('',*,*,#2456,.T.);
#977=ORIENTED_EDGE('',*,*,#2191,.F.);
#978=ORIENTED_EDGE('',*,*,#2460,.F.);
#979=ORIENTED_EDGE('',*,*,#2461,.T.);
#980=ORIENTED_EDGE('',*,*,#2458,.T.);
#981=ORIENTED_EDGE('',*,*,#2190,.F.);
#982=ORIENTED_EDGE('',*,*,#2462,.F.);
#983=ORIENTED_EDGE('',*,*,#2463,.T.);
#984=ORIENTED_EDGE('',*,*,#2460,.T.);
#985=ORIENTED_EDGE('',*,*,#2189,.F.);
#986=ORIENTED_EDGE('',*,*,#2464,.F.);
#987=ORIENTED_EDGE('',*,*,#2465,.T.);
#988=ORIENTED_EDGE('',*,*,#2462,.T.);
#989=ORIENTED_EDGE('',*,*,#2188,.F.);
#990=ORIENTED_EDGE('',*,*,#2466,.F.);
#991=ORIENTED_EDGE('',*,*,#2467,.T.);
#992=ORIENTED_EDGE('',*,*,#2464,.T.);
#993=ORIENTED_EDGE('',*,*,#2187,.F.);
#994=ORIENTED_EDGE('',*,*,#2468,.F.);
#995=ORIENTED_EDGE('',*,*,#2469,.T.);
#996=ORIENTED_EDGE('',*,*,#2466,.T.);
#997=ORIENTED_EDGE('',*,*,#2186,.F.);
#998=ORIENTED_EDGE('',*,*,#2470,.F.);
#999=ORIENTED_EDGE('',*,*,#2471,.T.);
#1000=ORIENTED_EDGE('',*,*,#2468,.T.);
#1001=ORIENTED_EDGE('',*,*,#2185,.F.);
#1002=ORIENTED_EDGE('',*,*,#2449,.F.);
#1003=ORIENTED_EDGE('',*,*,#2472,.T.);
#1004=ORIENTED_EDGE('',*,*,#2470,.T.);
#1005=ORIENTED_EDGE('',*,*,#2473,.F.);
#1006=ORIENTED_EDGE('',*,*,#2431,.F.);
#1007=ORIENTED_EDGE('',*,*,#2474,.T.);
#1008=ORIENTED_EDGE('',*,*,#2445,.T.);
#1009=ORIENTED_EDGE('',*,*,#2448,.F.);
#1010=ORIENTED_EDGE('',*,*,#2451,.F.);
#1011=ORIENTED_EDGE('',*,*,#2453,.F.);
#1012=ORIENTED_EDGE('',*,*,#2455,.F.);
#1013=ORIENTED_EDGE('',*,*,#2457,.F.);
#1014=ORIENTED_EDGE('',*,*,#2459,.F.);
#1015=ORIENTED_EDGE('',*,*,#2461,.F.);
#1016=ORIENTED_EDGE('',*,*,#2463,.F.);
#1017=ORIENTED_EDGE('',*,*,#2465,.F.);
#1018=ORIENTED_EDGE('',*,*,#2467,.F.);
#1019=ORIENTED_EDGE('',*,*,#2469,.F.);
#1020=ORIENTED_EDGE('',*,*,#2471,.F.);
#1021=ORIENTED_EDGE('',*,*,#2472,.F.);
#1022=ORIENTED_EDGE('',*,*,#2430,.F.);
#1023=ORIENTED_EDGE('',*,*,#2434,.F.);
#1024=ORIENTED_EDGE('',*,*,#2437,.F.);
#1025=ORIENTED_EDGE('',*,*,#2440,.F.);
#1026=ORIENTED_EDGE('',*,*,#2443,.F.);
#1027=ORIENTED_EDGE('',*,*,#2446,.F.);
#1028=ORIENTED_EDGE('',*,*,#2474,.F.);
#1029=ORIENTED_EDGE('',*,*,#2177,.F.);
#1030=ORIENTED_EDGE('',*,*,#2475,.F.);
#1031=ORIENTED_EDGE('',*,*,#2476,.T.);
#1032=ORIENTED_EDGE('',*,*,#2477,.T.);
#1033=ORIENTED_EDGE('',*,*,#2176,.F.);
#1034=ORIENTED_EDGE('',*,*,#2478,.F.);
#1035=ORIENTED_EDGE('',*,*,#2479,.T.);
#1036=ORIENTED_EDGE('',*,*,#2475,.T.);
#1037=ORIENTED_EDGE('',*,*,#2182,.F.);
#1038=ORIENTED_EDGE('',*,*,#2480,.F.);
#1039=ORIENTED_EDGE('',*,*,#2481,.T.);
#1040=ORIENTED_EDGE('',*,*,#2478,.T.);
#1041=ORIENTED_EDGE('',*,*,#2181,.F.);
#1042=ORIENTED_EDGE('',*,*,#2482,.F.);
#1043=ORIENTED_EDGE('',*,*,#2483,.T.);
#1044=ORIENTED_EDGE('',*,*,#2480,.T.);
#1045=ORIENTED_EDGE('',*,*,#2180,.F.);
#1046=ORIENTED_EDGE('',*,*,#2484,.F.);
#1047=ORIENTED_EDGE('',*,*,#2485,.T.);
#1048=ORIENTED_EDGE('',*,*,#2482,.T.);
#1049=ORIENTED_EDGE('',*,*,#2179,.F.);
#1050=ORIENTED_EDGE('',*,*,#2486,.F.);
#1051=ORIENTED_EDGE('',*,*,#2487,.T.);
#1052=ORIENTED_EDGE('',*,*,#2484,.T.);
#1053=ORIENTED_EDGE('',*,*,#2178,.F.);
#1054=ORIENTED_EDGE('',*,*,#2477,.F.);
#1055=ORIENTED_EDGE('',*,*,#2488,.T.);
#1056=ORIENTED_EDGE('',*,*,#2486,.T.);
#1057=ORIENTED_EDGE('',*,*,#2476,.F.);
#1058=ORIENTED_EDGE('',*,*,#2479,.F.);
#1059=ORIENTED_EDGE('',*,*,#2481,.F.);
#1060=ORIENTED_EDGE('',*,*,#2483,.F.);
#1061=ORIENTED_EDGE('',*,*,#2485,.F.);
#1062=ORIENTED_EDGE('',*,*,#2487,.F.);
#1063=ORIENTED_EDGE('',*,*,#2488,.F.);
#1064=ORIENTED_EDGE('',*,*,#2163,.F.);
#1065=ORIENTED_EDGE('',*,*,#2489,.F.);
#1066=ORIENTED_EDGE('',*,*,#2490,.T.);
#1067=ORIENTED_EDGE('',*,*,#2491,.T.);
#1068=ORIENTED_EDGE('',*,*,#2162,.F.);
#1069=ORIENTED_EDGE('',*,*,#2492,.F.);
#1070=ORIENTED_EDGE('',*,*,#2493,.T.);
#1071=ORIENTED_EDGE('',*,*,#2489,.T.);
#1072=ORIENTED_EDGE('',*,*,#2175,.F.);
#1073=ORIENTED_EDGE('',*,*,#2494,.F.);
#1074=ORIENTED_EDGE('',*,*,#2495,.T.);
#1075=ORIENTED_EDGE('',*,*,#2492,.T.);
#1076=ORIENTED_EDGE('',*,*,#2174,.F.);
#1077=ORIENTED_EDGE('',*,*,#2496,.F.);
#1078=ORIENTED_EDGE('',*,*,#2497,.T.);
#1079=ORIENTED_EDGE('',*,*,#2494,.T.);
#1080=ORIENTED_EDGE('',*,*,#2173,.F.);
#1081=ORIENTED_EDGE('',*,*,#2498,.F.);
#1082=ORIENTED_EDGE('',*,*,#2499,.T.);
#1083=ORIENTED_EDGE('',*,*,#2496,.T.);
#1084=ORIENTED_EDGE('',*,*,#2172,.F.);
#1085=ORIENTED_EDGE('',*,*,#2500,.F.);
#1086=ORIENTED_EDGE('',*,*,#2501,.T.);
#1087=ORIENTED_EDGE('',*,*,#2498,.T.);
#1088=ORIENTED_EDGE('',*,*,#2171,.F.);
#1089=ORIENTED_EDGE('',*,*,#2502,.F.);
#1090=ORIENTED_EDGE('',*,*,#2503,.T.);
#1091=ORIENTED_EDGE('',*,*,#2500,.T.);
#1092=ORIENTED_EDGE('',*,*,#2170,.F.);
#1093=ORIENTED_EDGE('',*,*,#2504,.F.);
#1094=ORIENTED_EDGE('',*,*,#2505,.T.);
#1095=ORIENTED_EDGE('',*,*,#2502,.T.);
#1096=ORIENTED_EDGE('',*,*,#2169,.F.);
#1097=ORIENTED_EDGE('',*,*,#2506,.F.);
#1098=ORIENTED_EDGE('',*,*,#2507,.T.);
#1099=ORIENTED_EDGE('',*,*,#2504,.T.);
#1100=ORIENTED_EDGE('',*,*,#2168,.F.);
#1101=ORIENTED_EDGE('',*,*,#2508,.F.);
#1102=ORIENTED_EDGE('',*,*,#2509,.T.);
#1103=ORIENTED_EDGE('',*,*,#2506,.T.);
#1104=ORIENTED_EDGE('',*,*,#2167,.F.);
#1105=ORIENTED_EDGE('',*,*,#2510,.F.);
#1106=ORIENTED_EDGE('',*,*,#2511,.T.);
#1107=ORIENTED_EDGE('',*,*,#2508,.T.);
#1108=ORIENTED_EDGE('',*,*,#2166,.F.);
#1109=ORIENTED_EDGE('',*,*,#2512,.F.);
#1110=ORIENTED_EDGE('',*,*,#2513,.T.);
#1111=ORIENTED_EDGE('',*,*,#2510,.T.);
#1112=ORIENTED_EDGE('',*,*,#2165,.F.);
#1113=ORIENTED_EDGE('',*,*,#2514,.F.);
#1114=ORIENTED_EDGE('',*,*,#2515,.T.);
#1115=ORIENTED_EDGE('',*,*,#2512,.T.);
#1116=ORIENTED_EDGE('',*,*,#2164,.F.);
#1117=ORIENTED_EDGE('',*,*,#2491,.F.);
#1118=ORIENTED_EDGE('',*,*,#2516,.T.);
#1119=ORIENTED_EDGE('',*,*,#2514,.T.);
#1120=ORIENTED_EDGE('',*,*,#2490,.F.);
#1121=ORIENTED_EDGE('',*,*,#2493,.F.);
#1122=ORIENTED_EDGE('',*,*,#2495,.F.);
#1123=ORIENTED_EDGE('',*,*,#2497,.F.);
#1124=ORIENTED_EDGE('',*,*,#2499,.F.);
#1125=ORIENTED_EDGE('',*,*,#2501,.F.);
#1126=ORIENTED_EDGE('',*,*,#2503,.F.);
#1127=ORIENTED_EDGE('',*,*,#2505,.F.);
#1128=ORIENTED_EDGE('',*,*,#2507,.F.);
#1129=ORIENTED_EDGE('',*,*,#2509,.F.);
#1130=ORIENTED_EDGE('',*,*,#2511,.F.);
#1131=ORIENTED_EDGE('',*,*,#2513,.F.);
#1132=ORIENTED_EDGE('',*,*,#2515,.F.);
#1133=ORIENTED_EDGE('',*,*,#2516,.F.);
#1134=ORIENTED_EDGE('',*,*,#2145,.F.);
#1135=ORIENTED_EDGE('',*,*,#2517,.F.);
#1136=ORIENTED_EDGE('',*,*,#2518,.T.);
#1137=ORIENTED_EDGE('',*,*,#2519,.T.);
#1138=ORIENTED_EDGE('',*,*,#2144,.F.);
#1139=ORIENTED_EDGE('',*,*,#2520,.F.);
#1140=ORIENTED_EDGE('',*,*,#2521,.T.);
#1141=ORIENTED_EDGE('',*,*,#2517,.T.);
#1142=ORIENTED_EDGE('',*,*,#2161,.F.);
#1143=ORIENTED_EDGE('',*,*,#2522,.F.);
#1144=ORIENTED_EDGE('',*,*,#2523,.T.);
#1145=ORIENTED_EDGE('',*,*,#2520,.T.);
#1146=ORIENTED_EDGE('',*,*,#2160,.F.);
#1147=ORIENTED_EDGE('',*,*,#2524,.F.);
#1148=ORIENTED_EDGE('',*,*,#2525,.T.);
#1149=ORIENTED_EDGE('',*,*,#2522,.T.);
#1150=ORIENTED_EDGE('',*,*,#2159,.F.);
#1151=ORIENTED_EDGE('',*,*,#2526,.F.);
#1152=ORIENTED_EDGE('',*,*,#2527,.T.);
#1153=ORIENTED_EDGE('',*,*,#2524,.T.);
#1154=ORIENTED_EDGE('',*,*,#2158,.F.);
#1155=ORIENTED_EDGE('',*,*,#2528,.F.);
#1156=ORIENTED_EDGE('',*,*,#2529,.T.);
#1157=ORIENTED_EDGE('',*,*,#2526,.T.);
#1158=ORIENTED_EDGE('',*,*,#2157,.F.);
#1159=ORIENTED_EDGE('',*,*,#2530,.F.);
#1160=ORIENTED_EDGE('',*,*,#2531,.T.);
#1161=ORIENTED_EDGE('',*,*,#2528,.T.);
#1162=ORIENTED_EDGE('',*,*,#2156,.F.);
#1163=ORIENTED_EDGE('',*,*,#2532,.F.);
#1164=ORIENTED_EDGE('',*,*,#2533,.T.);
#1165=ORIENTED_EDGE('',*,*,#2530,.T.);
#1166=ORIENTED_EDGE('',*,*,#2155,.F.);
#1167=ORIENTED_EDGE('',*,*,#2534,.F.);
#1168=ORIENTED_EDGE('',*,*,#2535,.T.);
#1169=ORIENTED_EDGE('',*,*,#2532,.T.);
#1170=ORIENTED_EDGE('',*,*,#2154,.F.);
#1171=ORIENTED_EDGE('',*,*,#2536,.F.);
#1172=ORIENTED_EDGE('',*,*,#2537,.T.);
#1173=ORIENTED_EDGE('',*,*,#2534,.T.);
#1174=ORIENTED_EDGE('',*,*,#2153,.F.);
#1175=ORIENTED_EDGE('',*,*,#2538,.F.);
#1176=ORIENTED_EDGE('',*,*,#2539,.T.);
#1177=ORIENTED_EDGE('',*,*,#2536,.T.);
#1178=ORIENTED_EDGE('',*,*,#2152,.F.);
#1179=ORIENTED_EDGE('',*,*,#2540,.F.);
#1180=ORIENTED_EDGE('',*,*,#2541,.T.);
#1181=ORIENTED_EDGE('',*,*,#2538,.T.);
#1182=ORIENTED_EDGE('',*,*,#2151,.F.);
#1183=ORIENTED_EDGE('',*,*,#2542,.F.);
#1184=ORIENTED_EDGE('',*,*,#2543,.T.);
#1185=ORIENTED_EDGE('',*,*,#2540,.T.);
#1186=ORIENTED_EDGE('',*,*,#2150,.F.);
#1187=ORIENTED_EDGE('',*,*,#2544,.F.);
#1188=ORIENTED_EDGE('',*,*,#2545,.T.);
#1189=ORIENTED_EDGE('',*,*,#2542,.T.);
#1190=ORIENTED_EDGE('',*,*,#2149,.F.);
#1191=ORIENTED_EDGE('',*,*,#2546,.F.);
#1192=ORIENTED_EDGE('',*,*,#2547,.T.);
#1193=ORIENTED_EDGE('',*,*,#2544,.T.);
#1194=ORIENTED_EDGE('',*,*,#2148,.F.);
#1195=ORIENTED_EDGE('',*,*,#2548,.F.);
#1196=ORIENTED_EDGE('',*,*,#2549,.T.);
#1197=ORIENTED_EDGE('',*,*,#2546,.T.);
#1198=ORIENTED_EDGE('',*,*,#2147,.F.);
#1199=ORIENTED_EDGE('',*,*,#2550,.F.);
#1200=ORIENTED_EDGE('',*,*,#2551,.T.);
#1201=ORIENTED_EDGE('',*,*,#2548,.T.);
#1202=ORIENTED_EDGE('',*,*,#2146,.F.);
#1203=ORIENTED_EDGE('',*,*,#2519,.F.);
#1204=ORIENTED_EDGE('',*,*,#2552,.T.);
#1205=ORIENTED_EDGE('',*,*,#2550,.T.);
#1206=ORIENTED_EDGE('',*,*,#2518,.F.);
#1207=ORIENTED_EDGE('',*,*,#2521,.F.);
#1208=ORIENTED_EDGE('',*,*,#2523,.F.);
#1209=ORIENTED_EDGE('',*,*,#2525,.F.);
#1210=ORIENTED_EDGE('',*,*,#2527,.F.);
#1211=ORIENTED_EDGE('',*,*,#2529,.F.);
#1212=ORIENTED_EDGE('',*,*,#2531,.F.);
#1213=ORIENTED_EDGE('',*,*,#2533,.F.);
#1214=ORIENTED_EDGE('',*,*,#2535,.F.);
#1215=ORIENTED_EDGE('',*,*,#2537,.F.);
#1216=ORIENTED_EDGE('',*,*,#2539,.F.);
#1217=ORIENTED_EDGE('',*,*,#2541,.F.);
#1218=ORIENTED_EDGE('',*,*,#2543,.F.);
#1219=ORIENTED_EDGE('',*,*,#2545,.F.);
#1220=ORIENTED_EDGE('',*,*,#2547,.F.);
#1221=ORIENTED_EDGE('',*,*,#2549,.F.);
#1222=ORIENTED_EDGE('',*,*,#2551,.F.);
#1223=ORIENTED_EDGE('',*,*,#2552,.F.);
#1224=ORIENTED_EDGE('',*,*,#2137,.F.);
#1225=ORIENTED_EDGE('',*,*,#2553,.F.);
#1226=ORIENTED_EDGE('',*,*,#2554,.T.);
#1227=ORIENTED_EDGE('',*,*,#2555,.T.);
#1228=ORIENTED_EDGE('',*,*,#2136,.F.);
#1229=ORIENTED_EDGE('',*,*,#2556,.F.);
#1230=ORIENTED_EDGE('',*,*,#2557,.T.);
#1231=ORIENTED_EDGE('',*,*,#2553,.T.);
#1232=ORIENTED_EDGE('',*,*,#2143,.F.);
#1233=ORIENTED_EDGE('',*,*,#2558,.F.);
#1234=ORIENTED_EDGE('',*,*,#2559,.T.);
#1235=ORIENTED_EDGE('',*,*,#2556,.T.);
#1236=ORIENTED_EDGE('',*,*,#2142,.F.);
#1237=ORIENTED_EDGE('',*,*,#2560,.F.);
#1238=ORIENTED_EDGE('',*,*,#2561,.T.);
#1239=ORIENTED_EDGE('',*,*,#2558,.T.);
#1240=ORIENTED_EDGE('',*,*,#2141,.F.);
#1241=ORIENTED_EDGE('',*,*,#2562,.F.);
#1242=ORIENTED_EDGE('',*,*,#2563,.T.);
#1243=ORIENTED_EDGE('',*,*,#2560,.T.);
#1244=ORIENTED_EDGE('',*,*,#2140,.F.);
#1245=ORIENTED_EDGE('',*,*,#2564,.F.);
#1246=ORIENTED_EDGE('',*,*,#2565,.T.);
#1247=ORIENTED_EDGE('',*,*,#2562,.T.);
#1248=ORIENTED_EDGE('',*,*,#2139,.F.);
#1249=ORIENTED_EDGE('',*,*,#2566,.F.);
#1250=ORIENTED_EDGE('',*,*,#2567,.T.);
#1251=ORIENTED_EDGE('',*,*,#2564,.T.);
#1252=ORIENTED_EDGE('',*,*,#2138,.F.);
#1253=ORIENTED_EDGE('',*,*,#2555,.F.);
#1254=ORIENTED_EDGE('',*,*,#2568,.T.);
#1255=ORIENTED_EDGE('',*,*,#2566,.T.);
#1256=ORIENTED_EDGE('',*,*,#2554,.F.);
#1257=ORIENTED_EDGE('',*,*,#2557,.F.);
#1258=ORIENTED_EDGE('',*,*,#2559,.F.);
#1259=ORIENTED_EDGE('',*,*,#2561,.F.);
#1260=ORIENTED_EDGE('',*,*,#2563,.F.);
#1261=ORIENTED_EDGE('',*,*,#2565,.F.);
#1262=ORIENTED_EDGE('',*,*,#2567,.F.);
#1263=ORIENTED_EDGE('',*,*,#2568,.F.);
#1264=ORIENTED_EDGE('',*,*,#2123,.F.);
#1265=ORIENTED_EDGE('',*,*,#2569,.F.);
#1266=ORIENTED_EDGE('',*,*,#2570,.T.);
#1267=ORIENTED_EDGE('',*,*,#2571,.T.);
#1268=ORIENTED_EDGE('',*,*,#2122,.F.);
#1269=ORIENTED_EDGE('',*,*,#2572,.F.);
#1270=ORIENTED_EDGE('',*,*,#2573,.T.);
#1271=ORIENTED_EDGE('',*,*,#2569,.T.);
#1272=ORIENTED_EDGE('',*,*,#2135,.F.);
#1273=ORIENTED_EDGE('',*,*,#2574,.F.);
#1274=ORIENTED_EDGE('',*,*,#2575,.T.);
#1275=ORIENTED_EDGE('',*,*,#2572,.T.);
#1276=ORIENTED_EDGE('',*,*,#2134,.F.);
#1277=ORIENTED_EDGE('',*,*,#2576,.F.);
#1278=ORIENTED_EDGE('',*,*,#2577,.T.);
#1279=ORIENTED_EDGE('',*,*,#2574,.T.);
#1280=ORIENTED_EDGE('',*,*,#2133,.F.);
#1281=ORIENTED_EDGE('',*,*,#2578,.F.);
#1282=ORIENTED_EDGE('',*,*,#2579,.T.);
#1283=ORIENTED_EDGE('',*,*,#2576,.T.);
#1284=ORIENTED_EDGE('',*,*,#2132,.F.);
#1285=ORIENTED_EDGE('',*,*,#2580,.F.);
#1286=ORIENTED_EDGE('',*,*,#2581,.T.);
#1287=ORIENTED_EDGE('',*,*,#2578,.T.);
#1288=ORIENTED_EDGE('',*,*,#2131,.F.);
#1289=ORIENTED_EDGE('',*,*,#2582,.F.);
#1290=ORIENTED_EDGE('',*,*,#2583,.T.);
#1291=ORIENTED_EDGE('',*,*,#2580,.T.);
#1292=ORIENTED_EDGE('',*,*,#2130,.F.);
#1293=ORIENTED_EDGE('',*,*,#2584,.F.);
#1294=ORIENTED_EDGE('',*,*,#2585,.T.);
#1295=ORIENTED_EDGE('',*,*,#2582,.T.);
#1296=ORIENTED_EDGE('',*,*,#2129,.F.);
#1297=ORIENTED_EDGE('',*,*,#2586,.F.);
#1298=ORIENTED_EDGE('',*,*,#2587,.T.);
#1299=ORIENTED_EDGE('',*,*,#2584,.T.);
#1300=ORIENTED_EDGE('',*,*,#2128,.F.);
#1301=ORIENTED_EDGE('',*,*,#2588,.F.);
#1302=ORIENTED_EDGE('',*,*,#2589,.T.);
#1303=ORIENTED_EDGE('',*,*,#2586,.T.);
#1304=ORIENTED_EDGE('',*,*,#2127,.F.);
#1305=ORIENTED_EDGE('',*,*,#2590,.F.);
#1306=ORIENTED_EDGE('',*,*,#2591,.T.);
#1307=ORIENTED_EDGE('',*,*,#2588,.T.);
#1308=ORIENTED_EDGE('',*,*,#2126,.F.);
#1309=ORIENTED_EDGE('',*,*,#2592,.F.);
#1310=ORIENTED_EDGE('',*,*,#2593,.T.);
#1311=ORIENTED_EDGE('',*,*,#2590,.T.);
#1312=ORIENTED_EDGE('',*,*,#2125,.F.);
#1313=ORIENTED_EDGE('',*,*,#2594,.F.);
#1314=ORIENTED_EDGE('',*,*,#2595,.T.);
#1315=ORIENTED_EDGE('',*,*,#2592,.T.);
#1316=ORIENTED_EDGE('',*,*,#2124,.F.);
#1317=ORIENTED_EDGE('',*,*,#2571,.F.);
#1318=ORIENTED_EDGE('',*,*,#2596,.T.);
#1319=ORIENTED_EDGE('',*,*,#2594,.T.);
#1320=ORIENTED_EDGE('',*,*,#2570,.F.);
#1321=ORIENTED_EDGE('',*,*,#2573,.F.);
#1322=ORIENTED_EDGE('',*,*,#2575,.F.);
#1323=ORIENTED_EDGE('',*,*,#2577,.F.);
#1324=ORIENTED_EDGE('',*,*,#2579,.F.);
#1325=ORIENTED_EDGE('',*,*,#2581,.F.);
#1326=ORIENTED_EDGE('',*,*,#2583,.F.);
#1327=ORIENTED_EDGE('',*,*,#2585,.F.);
#1328=ORIENTED_EDGE('',*,*,#2587,.F.);
#1329=ORIENTED_EDGE('',*,*,#2589,.F.);
#1330=ORIENTED_EDGE('',*,*,#2591,.F.);
#1331=ORIENTED_EDGE('',*,*,#2593,.F.);
#1332=ORIENTED_EDGE('',*,*,#2595,.F.);
#1333=ORIENTED_EDGE('',*,*,#2596,.F.);
#1334=ORIENTED_EDGE('',*,*,#2115,.F.);
#1335=ORIENTED_EDGE('',*,*,#2597,.F.);
#1336=ORIENTED_EDGE('',*,*,#2598,.T.);
#1337=ORIENTED_EDGE('',*,*,#2599,.T.);
#1338=ORIENTED_EDGE('',*,*,#2114,.F.);
#1339=ORIENTED_EDGE('',*,*,#2600,.F.);
#1340=ORIENTED_EDGE('',*,*,#2601,.T.);
#1341=ORIENTED_EDGE('',*,*,#2597,.T.);
#1342=ORIENTED_EDGE('',*,*,#2121,.F.);
#1343=ORIENTED_EDGE('',*,*,#2602,.F.);
#1344=ORIENTED_EDGE('',*,*,#2603,.T.);
#1345=ORIENTED_EDGE('',*,*,#2600,.T.);
#1346=ORIENTED_EDGE('',*,*,#2120,.F.);
#1347=ORIENTED_EDGE('',*,*,#2604,.F.);
#1348=ORIENTED_EDGE('',*,*,#2605,.T.);
#1349=ORIENTED_EDGE('',*,*,#2602,.T.);
#1350=ORIENTED_EDGE('',*,*,#2119,.F.);
#1351=ORIENTED_EDGE('',*,*,#2606,.F.);
#1352=ORIENTED_EDGE('',*,*,#2607,.T.);
#1353=ORIENTED_EDGE('',*,*,#2604,.T.);
#1354=ORIENTED_EDGE('',*,*,#2118,.F.);
#1355=ORIENTED_EDGE('',*,*,#2608,.F.);
#1356=ORIENTED_EDGE('',*,*,#2609,.T.);
#1357=ORIENTED_EDGE('',*,*,#2606,.T.);
#1358=ORIENTED_EDGE('',*,*,#2117,.F.);
#1359=ORIENTED_EDGE('',*,*,#2610,.F.);
#1360=ORIENTED_EDGE('',*,*,#2611,.T.);
#1361=ORIENTED_EDGE('',*,*,#2608,.T.);
#1362=ORIENTED_EDGE('',*,*,#2116,.F.);
#1363=ORIENTED_EDGE('',*,*,#2599,.F.);
#1364=ORIENTED_EDGE('',*,*,#2612,.T.);
#1365=ORIENTED_EDGE('',*,*,#2610,.T.);
#1366=ORIENTED_EDGE('',*,*,#2598,.F.);
#1367=ORIENTED_EDGE('',*,*,#2601,.F.);
#1368=ORIENTED_EDGE('',*,*,#2603,.F.);
#1369=ORIENTED_EDGE('',*,*,#2605,.F.);
#1370=ORIENTED_EDGE('',*,*,#2607,.F.);
#1371=ORIENTED_EDGE('',*,*,#2609,.F.);
#1372=ORIENTED_EDGE('',*,*,#2611,.F.);
#1373=ORIENTED_EDGE('',*,*,#2612,.F.);
#1374=ORIENTED_EDGE('',*,*,#2107,.F.);
#1375=ORIENTED_EDGE('',*,*,#2613,.F.);
#1376=ORIENTED_EDGE('',*,*,#2614,.T.);
#1377=ORIENTED_EDGE('',*,*,#2615,.T.);
#1378=ORIENTED_EDGE('',*,*,#2106,.F.);
#1379=ORIENTED_EDGE('',*,*,#2616,.F.);
#1380=ORIENTED_EDGE('',*,*,#2617,.T.);
#1381=ORIENTED_EDGE('',*,*,#2613,.T.);
#1382=ORIENTED_EDGE('',*,*,#2113,.F.);
#1383=ORIENTED_EDGE('',*,*,#2618,.F.);
#1384=ORIENTED_EDGE('',*,*,#2619,.T.);
#1385=ORIENTED_EDGE('',*,*,#2616,.T.);
#1386=ORIENTED_EDGE('',*,*,#2112,.F.);
#1387=ORIENTED_EDGE('',*,*,#2620,.F.);
#1388=ORIENTED_EDGE('',*,*,#2621,.T.);
#1389=ORIENTED_EDGE('',*,*,#2618,.T.);
#1390=ORIENTED_EDGE('',*,*,#2111,.F.);
#1391=ORIENTED_EDGE('',*,*,#2622,.F.);
#1392=ORIENTED_EDGE('',*,*,#2623,.T.);
#1393=ORIENTED_EDGE('',*,*,#2620,.T.);
#1394=ORIENTED_EDGE('',*,*,#2110,.F.);
#1395=ORIENTED_EDGE('',*,*,#2624,.F.);
#1396=ORIENTED_EDGE('',*,*,#2625,.T.);
#1397=ORIENTED_EDGE('',*,*,#2622,.T.);
#1398=ORIENTED_EDGE('',*,*,#2109,.F.);
#1399=ORIENTED_EDGE('',*,*,#2626,.F.);
#1400=ORIENTED_EDGE('',*,*,#2627,.T.);
#1401=ORIENTED_EDGE('',*,*,#2624,.T.);
#1402=ORIENTED_EDGE('',*,*,#2108,.F.);
#1403=ORIENTED_EDGE('',*,*,#2615,.F.);
#1404=ORIENTED_EDGE('',*,*,#2628,.T.);
#1405=ORIENTED_EDGE('',*,*,#2626,.T.);
#1406=ORIENTED_EDGE('',*,*,#2614,.F.);
#1407=ORIENTED_EDGE('',*,*,#2617,.F.);
#1408=ORIENTED_EDGE('',*,*,#2619,.F.);
#1409=ORIENTED_EDGE('',*,*,#2621,.F.);
#1410=ORIENTED_EDGE('',*,*,#2623,.F.);
#1411=ORIENTED_EDGE('',*,*,#2625,.F.);
#1412=ORIENTED_EDGE('',*,*,#2627,.F.);
#1413=ORIENTED_EDGE('',*,*,#2628,.F.);
#1414=ORIENTED_EDGE('',*,*,#2103,.F.);
#1415=ORIENTED_EDGE('',*,*,#2629,.F.);
#1416=ORIENTED_EDGE('',*,*,#2630,.T.);
#1417=ORIENTED_EDGE('',*,*,#2631,.T.);
#1418=ORIENTED_EDGE('',*,*,#2102,.F.);
#1419=ORIENTED_EDGE('',*,*,#2632,.F.);
#1420=ORIENTED_EDGE('',*,*,#2633,.T.);
#1421=ORIENTED_EDGE('',*,*,#2629,.T.);
#1422=ORIENTED_EDGE('',*,*,#2105,.F.);
#1423=ORIENTED_EDGE('',*,*,#2634,.F.);
#1424=ORIENTED_EDGE('',*,*,#2635,.T.);
#1425=ORIENTED_EDGE('',*,*,#2632,.T.);
#1426=ORIENTED_EDGE('',*,*,#2104,.F.);
#1427=ORIENTED_EDGE('',*,*,#2631,.F.);
#1428=ORIENTED_EDGE('',*,*,#2636,.T.);
#1429=ORIENTED_EDGE('',*,*,#2634,.T.);
#1430=ORIENTED_EDGE('',*,*,#2630,.F.);
#1431=ORIENTED_EDGE('',*,*,#2633,.F.);
#1432=ORIENTED_EDGE('',*,*,#2635,.F.);
#1433=ORIENTED_EDGE('',*,*,#2636,.F.);
#1434=ORIENTED_EDGE('',*,*,#2095,.F.);
#1435=ORIENTED_EDGE('',*,*,#2637,.F.);
#1436=ORIENTED_EDGE('',*,*,#2638,.T.);
#1437=ORIENTED_EDGE('',*,*,#2639,.T.);
#1438=ORIENTED_EDGE('',*,*,#2094,.F.);
#1439=ORIENTED_EDGE('',*,*,#2640,.F.);
#1440=ORIENTED_EDGE('',*,*,#2641,.T.);
#1441=ORIENTED_EDGE('',*,*,#2637,.T.);
#1442=ORIENTED_EDGE('',*,*,#2101,.F.);
#1443=ORIENTED_EDGE('',*,*,#2642,.F.);
#1444=ORIENTED_EDGE('',*,*,#2643,.T.);
#1445=ORIENTED_EDGE('',*,*,#2640,.T.);
#1446=ORIENTED_EDGE('',*,*,#2100,.F.);
#1447=ORIENTED_EDGE('',*,*,#2644,.F.);
#1448=ORIENTED_EDGE('',*,*,#2645,.T.);
#1449=ORIENTED_EDGE('',*,*,#2642,.T.);
#1450=ORIENTED_EDGE('',*,*,#2099,.F.);
#1451=ORIENTED_EDGE('',*,*,#2646,.F.);
#1452=ORIENTED_EDGE('',*,*,#2647,.T.);
#1453=ORIENTED_EDGE('',*,*,#2644,.T.);
#1454=ORIENTED_EDGE('',*,*,#2098,.F.);
#1455=ORIENTED_EDGE('',*,*,#2648,.F.);
#1456=ORIENTED_EDGE('',*,*,#2649,.T.);
#1457=ORIENTED_EDGE('',*,*,#2646,.T.);
#1458=ORIENTED_EDGE('',*,*,#2097,.F.);
#1459=ORIENTED_EDGE('',*,*,#2650,.F.);
#1460=ORIENTED_EDGE('',*,*,#2651,.T.);
#1461=ORIENTED_EDGE('',*,*,#2648,.T.);
#1462=ORIENTED_EDGE('',*,*,#2096,.F.);
#1463=ORIENTED_EDGE('',*,*,#2639,.F.);
#1464=ORIENTED_EDGE('',*,*,#2652,.T.);
#1465=ORIENTED_EDGE('',*,*,#2650,.T.);
#1466=ORIENTED_EDGE('',*,*,#2638,.F.);
#1467=ORIENTED_EDGE('',*,*,#2641,.F.);
#1468=ORIENTED_EDGE('',*,*,#2643,.F.);
#1469=ORIENTED_EDGE('',*,*,#2645,.F.);
#1470=ORIENTED_EDGE('',*,*,#2647,.F.);
#1471=ORIENTED_EDGE('',*,*,#2649,.F.);
#1472=ORIENTED_EDGE('',*,*,#2651,.F.);
#1473=ORIENTED_EDGE('',*,*,#2652,.F.);
#1474=ORIENTED_EDGE('',*,*,#2653,.F.);
#1475=ORIENTED_EDGE('',*,*,#2654,.F.);
#1476=ORIENTED_EDGE('',*,*,#2655,.T.);
#1477=ORIENTED_EDGE('',*,*,#2656,.T.);
#1478=ORIENTED_EDGE('',*,*,#2657,.F.);
#1479=ORIENTED_EDGE('',*,*,#2658,.F.);
#1480=ORIENTED_EDGE('',*,*,#2659,.T.);
#1481=ORIENTED_EDGE('',*,*,#2654,.T.);
#1482=ORIENTED_EDGE('',*,*,#2227,.F.);
#1483=ORIENTED_EDGE('',*,*,#2660,.F.);
#1484=ORIENTED_EDGE('',*,*,#2661,.T.);
#1485=ORIENTED_EDGE('',*,*,#2662,.T.);
#1486=ORIENTED_EDGE('',*,*,#2226,.F.);
#1487=ORIENTED_EDGE('',*,*,#2663,.F.);
#1488=ORIENTED_EDGE('',*,*,#2664,.T.);
#1489=ORIENTED_EDGE('',*,*,#2660,.T.);
#1490=ORIENTED_EDGE('',*,*,#2233,.F.);
#1491=ORIENTED_EDGE('',*,*,#2665,.F.);
#1492=ORIENTED_EDGE('',*,*,#2666,.T.);
#1493=ORIENTED_EDGE('',*,*,#2663,.T.);
#1494=ORIENTED_EDGE('',*,*,#2232,.F.);
#1495=ORIENTED_EDGE('',*,*,#2667,.F.);
#1496=ORIENTED_EDGE('',*,*,#2668,.T.);
#1497=ORIENTED_EDGE('',*,*,#2665,.T.);
#1498=ORIENTED_EDGE('',*,*,#2231,.F.);
#1499=ORIENTED_EDGE('',*,*,#2669,.F.);
#1500=ORIENTED_EDGE('',*,*,#2670,.T.);
#1501=ORIENTED_EDGE('',*,*,#2667,.T.);
#1502=ORIENTED_EDGE('',*,*,#2230,.F.);
#1503=ORIENTED_EDGE('',*,*,#2671,.F.);
#1504=ORIENTED_EDGE('',*,*,#2672,.T.);
#1505=ORIENTED_EDGE('',*,*,#2669,.T.);
#1506=ORIENTED_EDGE('',*,*,#2229,.F.);
#1507=ORIENTED_EDGE('',*,*,#2673,.F.);
#1508=ORIENTED_EDGE('',*,*,#2674,.T.);
#1509=ORIENTED_EDGE('',*,*,#2671,.T.);
#1510=ORIENTED_EDGE('',*,*,#2228,.F.);
#1511=ORIENTED_EDGE('',*,*,#2662,.F.);
#1512=ORIENTED_EDGE('',*,*,#2675,.T.);
#1513=ORIENTED_EDGE('',*,*,#2673,.T.);
#1514=ORIENTED_EDGE('',*,*,#2676,.F.);
#1515=ORIENTED_EDGE('',*,*,#2656,.F.);
#1516=ORIENTED_EDGE('',*,*,#2677,.T.);
#1517=ORIENTED_EDGE('',*,*,#2658,.T.);
#1518=ORIENTED_EDGE('',*,*,#2661,.F.);
#1519=ORIENTED_EDGE('',*,*,#2664,.F.);
#1520=ORIENTED_EDGE('',*,*,#2666,.F.);
#1521=ORIENTED_EDGE('',*,*,#2668,.F.);
#1522=ORIENTED_EDGE('',*,*,#2670,.F.);
#1523=ORIENTED_EDGE('',*,*,#2672,.F.);
#1524=ORIENTED_EDGE('',*,*,#2674,.F.);
#1525=ORIENTED_EDGE('',*,*,#2675,.F.);
#1526=ORIENTED_EDGE('',*,*,#2655,.F.);
#1527=ORIENTED_EDGE('',*,*,#2659,.F.);
#1528=ORIENTED_EDGE('',*,*,#2677,.F.);
#1529=ORIENTED_EDGE('',*,*,#2678,.F.);
#1530=ORIENTED_EDGE('',*,*,#2679,.F.);
#1531=ORIENTED_EDGE('',*,*,#2680,.T.);
#1532=ORIENTED_EDGE('',*,*,#2681,.T.);
#1533=ORIENTED_EDGE('',*,*,#2682,.F.);
#1534=ORIENTED_EDGE('',*,*,#2683,.F.);
#1535=ORIENTED_EDGE('',*,*,#2684,.T.);
#1536=ORIENTED_EDGE('',*,*,#2679,.T.);
#1537=ORIENTED_EDGE('',*,*,#2685,.F.);
#1538=ORIENTED_EDGE('',*,*,#2686,.F.);
#1539=ORIENTED_EDGE('',*,*,#2687,.T.);
#1540=ORIENTED_EDGE('',*,*,#2683,.T.);
#1541=ORIENTED_EDGE('',*,*,#2688,.F.);
#1542=ORIENTED_EDGE('',*,*,#2689,.F.);
#1543=ORIENTED_EDGE('',*,*,#2690,.T.);
#1544=ORIENTED_EDGE('',*,*,#2686,.T.);
#1545=ORIENTED_EDGE('',*,*,#2691,.F.);
#1546=ORIENTED_EDGE('',*,*,#2692,.F.);
#1547=ORIENTED_EDGE('',*,*,#2693,.T.);
#1548=ORIENTED_EDGE('',*,*,#2689,.T.);
#1549=ORIENTED_EDGE('',*,*,#2694,.F.);
#1550=ORIENTED_EDGE('',*,*,#2695,.F.);
#1551=ORIENTED_EDGE('',*,*,#2696,.T.);
#1552=ORIENTED_EDGE('',*,*,#2692,.T.);
#1553=ORIENTED_EDGE('',*,*,#2082,.F.);
#1554=ORIENTED_EDGE('',*,*,#2697,.F.);
#1555=ORIENTED_EDGE('',*,*,#2698,.T.);
#1556=ORIENTED_EDGE('',*,*,#2699,.T.);
#1557=ORIENTED_EDGE('',*,*,#2081,.F.);
#1558=ORIENTED_EDGE('',*,*,#2700,.F.);
#1559=ORIENTED_EDGE('',*,*,#2701,.T.);
#1560=ORIENTED_EDGE('',*,*,#2697,.T.);
#1561=ORIENTED_EDGE('',*,*,#2093,.F.);
#1562=ORIENTED_EDGE('',*,*,#2702,.F.);
#1563=ORIENTED_EDGE('',*,*,#2703,.T.);
#1564=ORIENTED_EDGE('',*,*,#2700,.T.);
#1565=ORIENTED_EDGE('',*,*,#2092,.F.);
#1566=ORIENTED_EDGE('',*,*,#2704,.F.);
#1567=ORIENTED_EDGE('',*,*,#2705,.T.);
#1568=ORIENTED_EDGE('',*,*,#2702,.T.);
#1569=ORIENTED_EDGE('',*,*,#2091,.F.);
#1570=ORIENTED_EDGE('',*,*,#2706,.F.);
#1571=ORIENTED_EDGE('',*,*,#2707,.T.);
#1572=ORIENTED_EDGE('',*,*,#2704,.T.);
#1573=ORIENTED_EDGE('',*,*,#2090,.F.);
#1574=ORIENTED_EDGE('',*,*,#2708,.F.);
#1575=ORIENTED_EDGE('',*,*,#2709,.T.);
#1576=ORIENTED_EDGE('',*,*,#2706,.T.);
#1577=ORIENTED_EDGE('',*,*,#2089,.F.);
#1578=ORIENTED_EDGE('',*,*,#2710,.F.);
#1579=ORIENTED_EDGE('',*,*,#2711,.T.);
#1580=ORIENTED_EDGE('',*,*,#2708,.T.);
#1581=ORIENTED_EDGE('',*,*,#2088,.F.);
#1582=ORIENTED_EDGE('',*,*,#2712,.F.);
#1583=ORIENTED_EDGE('',*,*,#2713,.T.);
#1584=ORIENTED_EDGE('',*,*,#2710,.T.);
#1585=ORIENTED_EDGE('',*,*,#2087,.F.);
#1586=ORIENTED_EDGE('',*,*,#2714,.F.);
#1587=ORIENTED_EDGE('',*,*,#2715,.T.);
#1588=ORIENTED_EDGE('',*,*,#2712,.T.);
#1589=ORIENTED_EDGE('',*,*,#2086,.F.);
#1590=ORIENTED_EDGE('',*,*,#2716,.F.);
#1591=ORIENTED_EDGE('',*,*,#2717,.T.);
#1592=ORIENTED_EDGE('',*,*,#2714,.T.);
#1593=ORIENTED_EDGE('',*,*,#2085,.F.);
#1594=ORIENTED_EDGE('',*,*,#2718,.F.);
#1595=ORIENTED_EDGE('',*,*,#2719,.T.);
#1596=ORIENTED_EDGE('',*,*,#2716,.T.);
#1597=ORIENTED_EDGE('',*,*,#2084,.F.);
#1598=ORIENTED_EDGE('',*,*,#2720,.F.);
#1599=ORIENTED_EDGE('',*,*,#2721,.T.);
#1600=ORIENTED_EDGE('',*,*,#2718,.T.);
#1601=ORIENTED_EDGE('',*,*,#2083,.F.);
#1602=ORIENTED_EDGE('',*,*,#2699,.F.);
#1603=ORIENTED_EDGE('',*,*,#2722,.T.);
#1604=ORIENTED_EDGE('',*,*,#2720,.T.);
#1605=ORIENTED_EDGE('',*,*,#2723,.F.);
#1606=ORIENTED_EDGE('',*,*,#2681,.F.);
#1607=ORIENTED_EDGE('',*,*,#2724,.T.);
#1608=ORIENTED_EDGE('',*,*,#2695,.T.);
#1609=ORIENTED_EDGE('',*,*,#2698,.F.);
#1610=ORIENTED_EDGE('',*,*,#2701,.F.);
#1611=ORIENTED_EDGE('',*,*,#2703,.F.);
#1612=ORIENTED_EDGE('',*,*,#2705,.F.);
#1613=ORIENTED_EDGE('',*,*,#2707,.F.);
#1614=ORIENTED_EDGE('',*,*,#2709,.F.);
#1615=ORIENTED_EDGE('',*,*,#2711,.F.);
#1616=ORIENTED_EDGE('',*,*,#2713,.F.);
#1617=ORIENTED_EDGE('',*,*,#2715,.F.);
#1618=ORIENTED_EDGE('',*,*,#2717,.F.);
#1619=ORIENTED_EDGE('',*,*,#2719,.F.);
#1620=ORIENTED_EDGE('',*,*,#2721,.F.);
#1621=ORIENTED_EDGE('',*,*,#2722,.F.);
#1622=ORIENTED_EDGE('',*,*,#2680,.F.);
#1623=ORIENTED_EDGE('',*,*,#2684,.F.);
#1624=ORIENTED_EDGE('',*,*,#2687,.F.);
#1625=ORIENTED_EDGE('',*,*,#2690,.F.);
#1626=ORIENTED_EDGE('',*,*,#2693,.F.);
#1627=ORIENTED_EDGE('',*,*,#2696,.F.);
#1628=ORIENTED_EDGE('',*,*,#2724,.F.);
#1629=ORIENTED_EDGE('',*,*,#2725,.F.);
#1630=ORIENTED_EDGE('',*,*,#2726,.F.);
#1631=ORIENTED_EDGE('',*,*,#2727,.T.);
#1632=ORIENTED_EDGE('',*,*,#2728,.T.);
#1633=ORIENTED_EDGE('',*,*,#2729,.F.);
#1634=ORIENTED_EDGE('',*,*,#2730,.F.);
#1635=ORIENTED_EDGE('',*,*,#2731,.T.);
#1636=ORIENTED_EDGE('',*,*,#2726,.T.);
#1637=ORIENTED_EDGE('',*,*,#2235,.F.);
#1638=ORIENTED_EDGE('',*,*,#2732,.F.);
#1639=ORIENTED_EDGE('',*,*,#2733,.T.);
#1640=ORIENTED_EDGE('',*,*,#2734,.T.);
#1641=ORIENTED_EDGE('',*,*,#2234,.F.);
#1642=ORIENTED_EDGE('',*,*,#2735,.F.);
#1643=ORIENTED_EDGE('',*,*,#2736,.T.);
#1644=ORIENTED_EDGE('',*,*,#2732,.T.);
#1645=ORIENTED_EDGE('',*,*,#2241,.F.);
#1646=ORIENTED_EDGE('',*,*,#2737,.F.);
#1647=ORIENTED_EDGE('',*,*,#2738,.T.);
#1648=ORIENTED_EDGE('',*,*,#2735,.T.);
#1649=ORIENTED_EDGE('',*,*,#2240,.F.);
#1650=ORIENTED_EDGE('',*,*,#2739,.F.);
#1651=ORIENTED_EDGE('',*,*,#2740,.T.);
#1652=ORIENTED_EDGE('',*,*,#2737,.T.);
#1653=ORIENTED_EDGE('',*,*,#2239,.F.);
#1654=ORIENTED_EDGE('',*,*,#2741,.F.);
#1655=ORIENTED_EDGE('',*,*,#2742,.T.);
#1656=ORIENTED_EDGE('',*,*,#2739,.T.);
#1657=ORIENTED_EDGE('',*,*,#2238,.F.);
#1658=ORIENTED_EDGE('',*,*,#2743,.F.);
#1659=ORIENTED_EDGE('',*,*,#2744,.T.);
#1660=ORIENTED_EDGE('',*,*,#2741,.T.);
#1661=ORIENTED_EDGE('',*,*,#2237,.F.);
#1662=ORIENTED_EDGE('',*,*,#2745,.F.);
#1663=ORIENTED_EDGE('',*,*,#2746,.T.);
#1664=ORIENTED_EDGE('',*,*,#2743,.T.);
#1665=ORIENTED_EDGE('',*,*,#2236,.F.);
#1666=ORIENTED_EDGE('',*,*,#2734,.F.);
#1667=ORIENTED_EDGE('',*,*,#2747,.T.);
#1668=ORIENTED_EDGE('',*,*,#2745,.T.);
#1669=ORIENTED_EDGE('',*,*,#2748,.F.);
#1670=ORIENTED_EDGE('',*,*,#2728,.F.);
#1671=ORIENTED_EDGE('',*,*,#2749,.T.);
#1672=ORIENTED_EDGE('',*,*,#2730,.T.);
#1673=ORIENTED_EDGE('',*,*,#2733,.F.);
#1674=ORIENTED_EDGE('',*,*,#2736,.F.);
#1675=ORIENTED_EDGE('',*,*,#2738,.F.);
#1676=ORIENTED_EDGE('',*,*,#2740,.F.);
#1677=ORIENTED_EDGE('',*,*,#2742,.F.);
#1678=ORIENTED_EDGE('',*,*,#2744,.F.);
#1679=ORIENTED_EDGE('',*,*,#2746,.F.);
#1680=ORIENTED_EDGE('',*,*,#2747,.F.);
#1681=ORIENTED_EDGE('',*,*,#2727,.F.);
#1682=ORIENTED_EDGE('',*,*,#2731,.F.);
#1683=ORIENTED_EDGE('',*,*,#2749,.F.);
#1684=ORIENTED_EDGE('',*,*,#2243,.F.);
#1685=ORIENTED_EDGE('',*,*,#2750,.F.);
#1686=ORIENTED_EDGE('',*,*,#2751,.T.);
#1687=ORIENTED_EDGE('',*,*,#2752,.T.);
#1688=ORIENTED_EDGE('',*,*,#2242,.F.);
#1689=ORIENTED_EDGE('',*,*,#2753,.F.);
#1690=ORIENTED_EDGE('',*,*,#2754,.T.);
#1691=ORIENTED_EDGE('',*,*,#2750,.T.);
#1692=ORIENTED_EDGE('',*,*,#2270,.F.);
#1693=ORIENTED_EDGE('',*,*,#2755,.F.);
#1694=ORIENTED_EDGE('',*,*,#2756,.T.);
#1695=ORIENTED_EDGE('',*,*,#2753,.T.);
#1696=ORIENTED_EDGE('',*,*,#2269,.F.);
#1697=ORIENTED_EDGE('',*,*,#2757,.F.);
#1698=ORIENTED_EDGE('',*,*,#2758,.T.);
#1699=ORIENTED_EDGE('',*,*,#2755,.T.);
#1700=ORIENTED_EDGE('',*,*,#2268,.F.);
#1701=ORIENTED_EDGE('',*,*,#2759,.F.);
#1702=ORIENTED_EDGE('',*,*,#2760,.T.);
#1703=ORIENTED_EDGE('',*,*,#2757,.T.);
#1704=ORIENTED_EDGE('',*,*,#2267,.F.);
#1705=ORIENTED_EDGE('',*,*,#2761,.F.);
#1706=ORIENTED_EDGE('',*,*,#2762,.T.);
#1707=ORIENTED_EDGE('',*,*,#2759,.T.);
#1708=ORIENTED_EDGE('',*,*,#2266,.F.);
#1709=ORIENTED_EDGE('',*,*,#2763,.F.);
#1710=ORIENTED_EDGE('',*,*,#2764,.T.);
#1711=ORIENTED_EDGE('',*,*,#2761,.T.);
#1712=ORIENTED_EDGE('',*,*,#2265,.F.);
#1713=ORIENTED_EDGE('',*,*,#2765,.F.);
#1714=ORIENTED_EDGE('',*,*,#2766,.T.);
#1715=ORIENTED_EDGE('',*,*,#2763,.T.);
#1716=ORIENTED_EDGE('',*,*,#2264,.F.);
#1717=ORIENTED_EDGE('',*,*,#2767,.F.);
#1718=ORIENTED_EDGE('',*,*,#2768,.T.);
#1719=ORIENTED_EDGE('',*,*,#2765,.T.);
#1720=ORIENTED_EDGE('',*,*,#2263,.F.);
#1721=ORIENTED_EDGE('',*,*,#2769,.F.);
#1722=ORIENTED_EDGE('',*,*,#2770,.T.);
#1723=ORIENTED_EDGE('',*,*,#2767,.T.);
#1724=ORIENTED_EDGE('',*,*,#2262,.F.);
#1725=ORIENTED_EDGE('',*,*,#2771,.F.);
#1726=ORIENTED_EDGE('',*,*,#2772,.T.);
#1727=ORIENTED_EDGE('',*,*,#2769,.T.);
#1728=ORIENTED_EDGE('',*,*,#2261,.F.);
#1729=ORIENTED_EDGE('',*,*,#2773,.F.);
#1730=ORIENTED_EDGE('',*,*,#2774,.T.);
#1731=ORIENTED_EDGE('',*,*,#2771,.T.);
#1732=ORIENTED_EDGE('',*,*,#2260,.F.);
#1733=ORIENTED_EDGE('',*,*,#2775,.F.);
#1734=ORIENTED_EDGE('',*,*,#2776,.T.);
#1735=ORIENTED_EDGE('',*,*,#2773,.T.);
#1736=ORIENTED_EDGE('',*,*,#2259,.F.);
#1737=ORIENTED_EDGE('',*,*,#2777,.F.);
#1738=ORIENTED_EDGE('',*,*,#2778,.T.);
#1739=ORIENTED_EDGE('',*,*,#2775,.T.);
#1740=ORIENTED_EDGE('',*,*,#2258,.F.);
#1741=ORIENTED_EDGE('',*,*,#2779,.F.);
#1742=ORIENTED_EDGE('',*,*,#2780,.T.);
#1743=ORIENTED_EDGE('',*,*,#2777,.T.);
#1744=ORIENTED_EDGE('',*,*,#2257,.F.);
#1745=ORIENTED_EDGE('',*,*,#2781,.F.);
#1746=ORIENTED_EDGE('',*,*,#2782,.T.);
#1747=ORIENTED_EDGE('',*,*,#2779,.T.);
#1748=ORIENTED_EDGE('',*,*,#2256,.F.);
#1749=ORIENTED_EDGE('',*,*,#2783,.F.);
#1750=ORIENTED_EDGE('',*,*,#2784,.T.);
#1751=ORIENTED_EDGE('',*,*,#2781,.T.);
#1752=ORIENTED_EDGE('',*,*,#2255,.F.);
#1753=ORIENTED_EDGE('',*,*,#2785,.F.);
#1754=ORIENTED_EDGE('',*,*,#2786,.T.);
#1755=ORIENTED_EDGE('',*,*,#2783,.T.);
#1756=ORIENTED_EDGE('',*,*,#2254,.F.);
#1757=ORIENTED_EDGE('',*,*,#2787,.F.);
#1758=ORIENTED_EDGE('',*,*,#2788,.T.);
#1759=ORIENTED_EDGE('',*,*,#2785,.T.);
#1760=ORIENTED_EDGE('',*,*,#2253,.F.);
#1761=ORIENTED_EDGE('',*,*,#2789,.F.);
#1762=ORIENTED_EDGE('',*,*,#2790,.T.);
#1763=ORIENTED_EDGE('',*,*,#2787,.T.);
#1764=ORIENTED_EDGE('',*,*,#2252,.F.);
#1765=ORIENTED_EDGE('',*,*,#2791,.F.);
#1766=ORIENTED_EDGE('',*,*,#2792,.T.);
#1767=ORIENTED_EDGE('',*,*,#2789,.T.);
#1768=ORIENTED_EDGE('',*,*,#2251,.F.);
#1769=ORIENTED_EDGE('',*,*,#2793,.F.);
#1770=ORIENTED_EDGE('',*,*,#2794,.T.);
#1771=ORIENTED_EDGE('',*,*,#2791,.T.);
#1772=ORIENTED_EDGE('',*,*,#2250,.F.);
#1773=ORIENTED_EDGE('',*,*,#2795,.F.);
#1774=ORIENTED_EDGE('',*,*,#2796,.T.);
#1775=ORIENTED_EDGE('',*,*,#2793,.T.);
#1776=ORIENTED_EDGE('',*,*,#2249,.F.);
#1777=ORIENTED_EDGE('',*,*,#2797,.F.);
#1778=ORIENTED_EDGE('',*,*,#2798,.T.);
#1779=ORIENTED_EDGE('',*,*,#2795,.T.);
#1780=ORIENTED_EDGE('',*,*,#2248,.F.);
#1781=ORIENTED_EDGE('',*,*,#2799,.F.);
#1782=ORIENTED_EDGE('',*,*,#2800,.T.);
#1783=ORIENTED_EDGE('',*,*,#2797,.T.);
#1784=ORIENTED_EDGE('',*,*,#2247,.F.);
#1785=ORIENTED_EDGE('',*,*,#2801,.F.);
#1786=ORIENTED_EDGE('',*,*,#2802,.T.);
#1787=ORIENTED_EDGE('',*,*,#2799,.T.);
#1788=ORIENTED_EDGE('',*,*,#2246,.F.);
#1789=ORIENTED_EDGE('',*,*,#2803,.F.);
#1790=ORIENTED_EDGE('',*,*,#2804,.T.);
#1791=ORIENTED_EDGE('',*,*,#2801,.T.);
#1792=ORIENTED_EDGE('',*,*,#2245,.F.);
#1793=ORIENTED_EDGE('',*,*,#2805,.F.);
#1794=ORIENTED_EDGE('',*,*,#2806,.T.);
#1795=ORIENTED_EDGE('',*,*,#2803,.T.);
#1796=ORIENTED_EDGE('',*,*,#2244,.F.);
#1797=ORIENTED_EDGE('',*,*,#2752,.F.);
#1798=ORIENTED_EDGE('',*,*,#2807,.T.);
#1799=ORIENTED_EDGE('',*,*,#2805,.T.);
#1800=ORIENTED_EDGE('',*,*,#2751,.F.);
#1801=ORIENTED_EDGE('',*,*,#2754,.F.);
#1802=ORIENTED_EDGE('',*,*,#2756,.F.);
#1803=ORIENTED_EDGE('',*,*,#2758,.F.);
#1804=ORIENTED_EDGE('',*,*,#2760,.F.);
#1805=ORIENTED_EDGE('',*,*,#2762,.F.);
#1806=ORIENTED_EDGE('',*,*,#2764,.F.);
#1807=ORIENTED_EDGE('',*,*,#2766,.F.);
#1808=ORIENTED_EDGE('',*,*,#2768,.F.);
#1809=ORIENTED_EDGE('',*,*,#2770,.F.);
#1810=ORIENTED_EDGE('',*,*,#2772,.F.);
#1811=ORIENTED_EDGE('',*,*,#2774,.F.);
#1812=ORIENTED_EDGE('',*,*,#2776,.F.);
#1813=ORIENTED_EDGE('',*,*,#2778,.F.);
#1814=ORIENTED_EDGE('',*,*,#2780,.F.);
#1815=ORIENTED_EDGE('',*,*,#2782,.F.);
#1816=ORIENTED_EDGE('',*,*,#2784,.F.);
#1817=ORIENTED_EDGE('',*,*,#2786,.F.);
#1818=ORIENTED_EDGE('',*,*,#2788,.F.);
#1819=ORIENTED_EDGE('',*,*,#2790,.F.);
#1820=ORIENTED_EDGE('',*,*,#2792,.F.);
#1821=ORIENTED_EDGE('',*,*,#2794,.F.);
#1822=ORIENTED_EDGE('',*,*,#2796,.F.);
#1823=ORIENTED_EDGE('',*,*,#2798,.F.);
#1824=ORIENTED_EDGE('',*,*,#2800,.F.);
#1825=ORIENTED_EDGE('',*,*,#2802,.F.);
#1826=ORIENTED_EDGE('',*,*,#2804,.F.);
#1827=ORIENTED_EDGE('',*,*,#2806,.F.);
#1828=ORIENTED_EDGE('',*,*,#2807,.F.);
#1829=ORIENTED_EDGE('',*,*,#2272,.F.);
#1830=ORIENTED_EDGE('',*,*,#2808,.F.);
#1831=ORIENTED_EDGE('',*,*,#2809,.T.);
#1832=ORIENTED_EDGE('',*,*,#2810,.T.);
#1833=ORIENTED_EDGE('',*,*,#2271,.F.);
#1834=ORIENTED_EDGE('',*,*,#2811,.F.);
#1835=ORIENTED_EDGE('',*,*,#2812,.T.);
#1836=ORIENTED_EDGE('',*,*,#2808,.T.);
#1837=ORIENTED_EDGE('',*,*,#2283,.F.);
#1838=ORIENTED_EDGE('',*,*,#2813,.F.);
#1839=ORIENTED_EDGE('',*,*,#2814,.T.);
#1840=ORIENTED_EDGE('',*,*,#2811,.T.);
#1841=ORIENTED_EDGE('',*,*,#2282,.F.);
#1842=ORIENTED_EDGE('',*,*,#2815,.F.);
#1843=ORIENTED_EDGE('',*,*,#2816,.T.);
#1844=ORIENTED_EDGE('',*,*,#2813,.T.);
#1845=ORIENTED_EDGE('',*,*,#2281,.F.);
#1846=ORIENTED_EDGE('',*,*,#2817,.F.);
#1847=ORIENTED_EDGE('',*,*,#2818,.T.);
#1848=ORIENTED_EDGE('',*,*,#2815,.T.);
#1849=ORIENTED_EDGE('',*,*,#2280,.F.);
#1850=ORIENTED_EDGE('',*,*,#2819,.F.);
#1851=ORIENTED_EDGE('',*,*,#2820,.T.);
#1852=ORIENTED_EDGE('',*,*,#2817,.T.);
#1853=ORIENTED_EDGE('',*,*,#2279,.F.);
#1854=ORIENTED_EDGE('',*,*,#2821,.F.);
#1855=ORIENTED_EDGE('',*,*,#2822,.T.);
#1856=ORIENTED_EDGE('',*,*,#2819,.T.);
#1857=ORIENTED_EDGE('',*,*,#2278,.F.);
#1858=ORIENTED_EDGE('',*,*,#2823,.F.);
#1859=ORIENTED_EDGE('',*,*,#2824,.T.);
#1860=ORIENTED_EDGE('',*,*,#2821,.T.);
#1861=ORIENTED_EDGE('',*,*,#2277,.F.);
#1862=ORIENTED_EDGE('',*,*,#2825,.F.);
#1863=ORIENTED_EDGE('',*,*,#2826,.T.);
#1864=ORIENTED_EDGE('',*,*,#2823,.T.);
#1865=ORIENTED_EDGE('',*,*,#2276,.F.);
#1866=ORIENTED_EDGE('',*,*,#2827,.F.);
#1867=ORIENTED_EDGE('',*,*,#2828,.T.);
#1868=ORIENTED_EDGE('',*,*,#2825,.T.);
#1869=ORIENTED_EDGE('',*,*,#2275,.F.);
#1870=ORIENTED_EDGE('',*,*,#2829,.F.);
#1871=ORIENTED_EDGE('',*,*,#2830,.T.);
#1872=ORIENTED_EDGE('',*,*,#2827,.T.);
#1873=ORIENTED_EDGE('',*,*,#2274,.F.);
#1874=ORIENTED_EDGE('',*,*,#2831,.F.);
#1875=ORIENTED_EDGE('',*,*,#2832,.T.);
#1876=ORIENTED_EDGE('',*,*,#2829,.T.);
#1877=ORIENTED_EDGE('',*,*,#2273,.F.);
#1878=ORIENTED_EDGE('',*,*,#2810,.F.);
#1879=ORIENTED_EDGE('',*,*,#2833,.T.);
#1880=ORIENTED_EDGE('',*,*,#2831,.T.);
#1881=ORIENTED_EDGE('',*,*,#2809,.F.);
#1882=ORIENTED_EDGE('',*,*,#2812,.F.);
#1883=ORIENTED_EDGE('',*,*,#2814,.F.);
#1884=ORIENTED_EDGE('',*,*,#2816,.F.);
#1885=ORIENTED_EDGE('',*,*,#2818,.F.);
#1886=ORIENTED_EDGE('',*,*,#2820,.F.);
#1887=ORIENTED_EDGE('',*,*,#2822,.F.);
#1888=ORIENTED_EDGE('',*,*,#2824,.F.);
#1889=ORIENTED_EDGE('',*,*,#2826,.F.);
#1890=ORIENTED_EDGE('',*,*,#2828,.F.);
#1891=ORIENTED_EDGE('',*,*,#2830,.F.);
#1892=ORIENTED_EDGE('',*,*,#2832,.F.);
#1893=ORIENTED_EDGE('',*,*,#2833,.F.);
#1894=ORIENTED_EDGE('',*,*,#2285,.F.);
#1895=ORIENTED_EDGE('',*,*,#2834,.F.);
#1896=ORIENTED_EDGE('',*,*,#2835,.T.);
#1897=ORIENTED_EDGE('',*,*,#2836,.T.);
#1898=ORIENTED_EDGE('',*,*,#2284,.F.);
#1899=ORIENTED_EDGE('',*,*,#2837,.F.);
#1900=ORIENTED_EDGE('',*,*,#2838,.T.);
#1901=ORIENTED_EDGE('',*,*,#2834,.T.);
#1902=ORIENTED_EDGE('',*,*,#2291,.F.);
#1903=ORIENTED_EDGE('',*,*,#2839,.F.);
#1904=ORIENTED_EDGE('',*,*,#2840,.T.);
#1905=ORIENTED_EDGE('',*,*,#2837,.T.);
#1906=ORIENTED_EDGE('',*,*,#2290,.F.);
#1907=ORIENTED_EDGE('',*,*,#2841,.F.);
#1908=ORIENTED_EDGE('',*,*,#2842,.T.);
#1909=ORIENTED_EDGE('',*,*,#2839,.T.);
#1910=ORIENTED_EDGE('',*,*,#2289,.F.);
#1911=ORIENTED_EDGE('',*,*,#2843,.F.);
#1912=ORIENTED_EDGE('',*,*,#2844,.T.);
#1913=ORIENTED_EDGE('',*,*,#2841,.T.);
#1914=ORIENTED_EDGE('',*,*,#2288,.F.);
#1915=ORIENTED_EDGE('',*,*,#2845,.F.);
#1916=ORIENTED_EDGE('',*,*,#2846,.T.);
#1917=ORIENTED_EDGE('',*,*,#2843,.T.);
#1918=ORIENTED_EDGE('',*,*,#2287,.F.);
#1919=ORIENTED_EDGE('',*,*,#2847,.F.);
#1920=ORIENTED_EDGE('',*,*,#2848,.T.);
#1921=ORIENTED_EDGE('',*,*,#2845,.T.);
#1922=ORIENTED_EDGE('',*,*,#2286,.F.);
#1923=ORIENTED_EDGE('',*,*,#2836,.F.);
#1924=ORIENTED_EDGE('',*,*,#2849,.T.);
#1925=ORIENTED_EDGE('',*,*,#2847,.T.);
#1926=ORIENTED_EDGE('',*,*,#2835,.F.);
#1927=ORIENTED_EDGE('',*,*,#2838,.F.);
#1928=ORIENTED_EDGE('',*,*,#2840,.F.);
#1929=ORIENTED_EDGE('',*,*,#2842,.F.);
#1930=ORIENTED_EDGE('',*,*,#2844,.F.);
#1931=ORIENTED_EDGE('',*,*,#2846,.F.);
#1932=ORIENTED_EDGE('',*,*,#2848,.F.);
#1933=ORIENTED_EDGE('',*,*,#2849,.F.);
#1934=ORIENTED_EDGE('',*,*,#2293,.F.);
#1935=ORIENTED_EDGE('',*,*,#2850,.F.);
#1936=ORIENTED_EDGE('',*,*,#2851,.T.);
#1937=ORIENTED_EDGE('',*,*,#2852,.T.);
#1938=ORIENTED_EDGE('',*,*,#2292,.F.);
#1939=ORIENTED_EDGE('',*,*,#2853,.F.);
#1940=ORIENTED_EDGE('',*,*,#2854,.T.);
#1941=ORIENTED_EDGE('',*,*,#2850,.T.);
#1942=ORIENTED_EDGE('',*,*,#2295,.F.);
#1943=ORIENTED_EDGE('',*,*,#2855,.F.);
#1944=ORIENTED_EDGE('',*,*,#2856,.T.);
#1945=ORIENTED_EDGE('',*,*,#2853,.T.);
#1946=ORIENTED_EDGE('',*,*,#2294,.F.);
#1947=ORIENTED_EDGE('',*,*,#2852,.F.);
#1948=ORIENTED_EDGE('',*,*,#2857,.T.);
#1949=ORIENTED_EDGE('',*,*,#2855,.T.);
#1950=ORIENTED_EDGE('',*,*,#2851,.F.);
#1951=ORIENTED_EDGE('',*,*,#2854,.F.);
#1952=ORIENTED_EDGE('',*,*,#2856,.F.);
#1953=ORIENTED_EDGE('',*,*,#2857,.F.);
#1954=ORIENTED_EDGE('',*,*,#2371,.T.);
#1955=ORIENTED_EDGE('',*,*,#2367,.T.);
#1956=ORIENTED_EDGE('',*,*,#2426,.T.);
#1957=ORIENTED_EDGE('',*,*,#2383,.T.);
#1958=ORIENTED_EDGE('',*,*,#2380,.T.);
#1959=ORIENTED_EDGE('',*,*,#2377,.T.);
#1960=ORIENTED_EDGE('',*,*,#2374,.T.);
#1961=ORIENTED_EDGE('',*,*,#2432,.T.);
#1962=ORIENTED_EDGE('',*,*,#2428,.T.);
#1963=ORIENTED_EDGE('',*,*,#2473,.T.);
#1964=ORIENTED_EDGE('',*,*,#2444,.T.);
#1965=ORIENTED_EDGE('',*,*,#2441,.T.);
#1966=ORIENTED_EDGE('',*,*,#2438,.T.);
#1967=ORIENTED_EDGE('',*,*,#2435,.T.);
#1968=ORIENTED_EDGE('',*,*,#2657,.T.);
#1969=ORIENTED_EDGE('',*,*,#2653,.T.);
#1970=ORIENTED_EDGE('',*,*,#2676,.T.);
#1971=ORIENTED_EDGE('',*,*,#2682,.T.);
#1972=ORIENTED_EDGE('',*,*,#2678,.T.);
#1973=ORIENTED_EDGE('',*,*,#2723,.T.);
#1974=ORIENTED_EDGE('',*,*,#2694,.T.);
#1975=ORIENTED_EDGE('',*,*,#2691,.T.);
#1976=ORIENTED_EDGE('',*,*,#2688,.T.);
#1977=ORIENTED_EDGE('',*,*,#2685,.T.);
#1978=ORIENTED_EDGE('',*,*,#2729,.T.);
#1979=ORIENTED_EDGE('',*,*,#2725,.T.);
#1980=ORIENTED_EDGE('',*,*,#2748,.T.);
#1981=ORIENTED_EDGE('',*,*,#2068,.T.);
#1982=ORIENTED_EDGE('',*,*,#2858,.T.);
#1983=ORIENTED_EDGE('',*,*,#2054,.F.);
#1984=ORIENTED_EDGE('',*,*,#2859,.F.);
#1985=ORIENTED_EDGE('',*,*,#2859,.T.);
#1986=ORIENTED_EDGE('',*,*,#2053,.T.);
#1987=ORIENTED_EDGE('',*,*,#2860,.F.);
#1988=ORIENTED_EDGE('',*,*,#2069,.F.);
#1989=ORIENTED_EDGE('',*,*,#2070,.T.);
#1990=ORIENTED_EDGE('',*,*,#2860,.T.);
#1991=ORIENTED_EDGE('',*,*,#2055,.F.);
#1992=ORIENTED_EDGE('',*,*,#2858,.F.);
#1993=ORIENTED_EDGE('',*,*,#2075,.T.);
#1994=ORIENTED_EDGE('',*,*,#2861,.T.);
#1995=ORIENTED_EDGE('',*,*,#2057,.F.);
#1996=ORIENTED_EDGE('',*,*,#2862,.F.);
#1997=ORIENTED_EDGE('',*,*,#2862,.T.);
#1998=ORIENTED_EDGE('',*,*,#2056,.T.);
#1999=ORIENTED_EDGE('',*,*,#2863,.F.);
#2000=ORIENTED_EDGE('',*,*,#2076,.F.);
#2001=ORIENTED_EDGE('',*,*,#2077,.T.);
#2002=ORIENTED_EDGE('',*,*,#2863,.T.);
#2003=ORIENTED_EDGE('',*,*,#2058,.F.);
#2004=ORIENTED_EDGE('',*,*,#2861,.F.);
#2005=ORIENTED_EDGE('',*,*,#2065,.T.);
#2006=ORIENTED_EDGE('',*,*,#2864,.T.);
#2007=ORIENTED_EDGE('',*,*,#2060,.F.);
#2008=ORIENTED_EDGE('',*,*,#2865,.F.);
#2009=ORIENTED_EDGE('',*,*,#2066,.T.);
#2010=ORIENTED_EDGE('',*,*,#2865,.T.);
#2011=ORIENTED_EDGE('',*,*,#2059,.F.);
#2012=ORIENTED_EDGE('',*,*,#2866,.F.);
#2013=ORIENTED_EDGE('',*,*,#2866,.T.);
#2014=ORIENTED_EDGE('',*,*,#2061,.T.);
#2015=ORIENTED_EDGE('',*,*,#2864,.F.);
#2016=ORIENTED_EDGE('',*,*,#2067,.F.);
#2017=ORIENTED_EDGE('',*,*,#2078,.T.);
#2018=ORIENTED_EDGE('',*,*,#2867,.T.);
#2019=ORIENTED_EDGE('',*,*,#2063,.F.);
#2020=ORIENTED_EDGE('',*,*,#2868,.F.);
#2021=ORIENTED_EDGE('',*,*,#2868,.T.);
#2022=ORIENTED_EDGE('',*,*,#2062,.T.);
#2023=ORIENTED_EDGE('',*,*,#2869,.F.);
#2024=ORIENTED_EDGE('',*,*,#2079,.F.);
#2025=ORIENTED_EDGE('',*,*,#2080,.T.);
#2026=ORIENTED_EDGE('',*,*,#2869,.T.);
#2027=ORIENTED_EDGE('',*,*,#2064,.F.);
#2028=ORIENTED_EDGE('',*,*,#2867,.F.);
#2029=ORIENTED_EDGE('',*,*,#2870,.F.);
#2030=ORIENTED_EDGE('',*,*,#2315,.F.);
#2031=ORIENTED_EDGE('',*,*,#2871,.F.);
#2032=ORIENTED_EDGE('',*,*,#2329,.F.);
#2033=ORIENTED_EDGE('',*,*,#2871,.T.);
#2034=ORIENTED_EDGE('',*,*,#2318,.F.);
#2035=ORIENTED_EDGE('',*,*,#2872,.F.);
#2036=ORIENTED_EDGE('',*,*,#2313,.F.);
#2037=ORIENTED_EDGE('',*,*,#2870,.T.);
#2038=ORIENTED_EDGE('',*,*,#2322,.F.);
#2039=ORIENTED_EDGE('',*,*,#2873,.F.);
#2040=ORIENTED_EDGE('',*,*,#2316,.F.);
#2041=ORIENTED_EDGE('',*,*,#2872,.T.);
#2042=ORIENTED_EDGE('',*,*,#2317,.F.);
#2043=ORIENTED_EDGE('',*,*,#2873,.T.);
#2044=ORIENTED_EDGE('',*,*,#2327,.F.);
#2045=ORIENTED_EDGE('',*,*,#2323,.F.);
#2046=ORIENTED_EDGE('',*,*,#2320,.F.);
#2047=ORIENTED_EDGE('',*,*,#2328,.F.);
#2048=ORIENTED_EDGE('',*,*,#2297,.F.);
#2049=EDGE_CURVE('',#2874,#2875,#3422,.T.);
#2050=EDGE_CURVE('',#2875,#2876,#3423,.T.);
#2051=EDGE_CURVE('',#2877,#2876,#3424,.T.);
#2052=EDGE_CURVE('',#2877,#2874,#3425,.F.);
#2053=EDGE_CURVE('',#2878,#2879,#3426,.T.);
#2054=EDGE_CURVE('',#2878,#2880,#3427,.T.);
#2055=EDGE_CURVE('',#2880,#2879,#3428,.T.);
#2056=EDGE_CURVE('',#2881,#2882,#3429,.T.);
#2057=EDGE_CURVE('',#2881,#2883,#3430,.T.);
#2058=EDGE_CURVE('',#2883,#2882,#3431,.T.);
#2059=EDGE_CURVE('',#2884,#2885,#3432,.T.);
#2060=EDGE_CURVE('',#2885,#2886,#3433,.T.);
#2061=EDGE_CURVE('',#2884,#2886,#3434,.T.);
#2062=EDGE_CURVE('',#2887,#2888,#3435,.T.);
#2063=EDGE_CURVE('',#2887,#2889,#3436,.T.);
#2064=EDGE_CURVE('',#2889,#2888,#3437,.T.);
#2065=EDGE_CURVE('',#2890,#2891,#3438,.T.);
#2066=EDGE_CURVE('',#2892,#2890,#3439,.T.);
#2067=EDGE_CURVE('',#2892,#2891,#3440,.T.);
#2068=EDGE_CURVE('',#2893,#2894,#3441,.T.);
#2069=EDGE_CURVE('',#2893,#2895,#3442,.T.);
#2070=EDGE_CURVE('',#2894,#2895,#3443,.T.);
#2071=EDGE_CURVE('',#2896,#2897,#3444,.T.);
#2072=EDGE_CURVE('',#2898,#2897,#3445,.T.);
#2073=EDGE_CURVE('',#2899,#2898,#3446,.T.);
#2074=EDGE_CURVE('',#2899,#2896,#3447,.T.);
#2075=EDGE_CURVE('',#2900,#2901,#3448,.T.);
#2076=EDGE_CURVE('',#2900,#2902,#3449,.T.);
#2077=EDGE_CURVE('',#2901,#2902,#3450,.T.);
#2078=EDGE_CURVE('',#2903,#2904,#3451,.T.);
#2079=EDGE_CURVE('',#2903,#2905,#3452,.T.);
#2080=EDGE_CURVE('',#2904,#2905,#3453,.T.);
#2081=EDGE_CURVE('',#2906,#2907,#3454,.T.);
#2082=EDGE_CURVE('',#2907,#2908,#3455,.T.);
#2083=EDGE_CURVE('',#2908,#2909,#3456,.T.);
#2084=EDGE_CURVE('',#2909,#2910,#3457,.T.);
#2085=EDGE_CURVE('',#2910,#2911,#3458,.T.);
#2086=EDGE_CURVE('',#2911,#2912,#3459,.T.);
#2087=EDGE_CURVE('',#2912,#2913,#163,.T.);
#2088=EDGE_CURVE('',#2913,#2914,#164,.T.);
#2089=EDGE_CURVE('',#2914,#2915,#165,.T.);
#2090=EDGE_CURVE('',#2915,#2916,#166,.T.);
#2091=EDGE_CURVE('',#2916,#2917,#3460,.T.);
#2092=EDGE_CURVE('',#2917,#2918,#3461,.T.);
#2093=EDGE_CURVE('',#2918,#2906,#3462,.T.);
#2094=EDGE_CURVE('',#2919,#2920,#167,.T.);
#2095=EDGE_CURVE('',#2920,#2921,#168,.T.);
#2096=EDGE_CURVE('',#2921,#2922,#169,.T.);
#2097=EDGE_CURVE('',#2922,#2923,#170,.T.);
#2098=EDGE_CURVE('',#2923,#2924,#171,.T.);
#2099=EDGE_CURVE('',#2924,#2925,#172,.T.);
#2100=EDGE_CURVE('',#2925,#2926,#173,.T.);
#2101=EDGE_CURVE('',#2926,#2919,#174,.T.);
#2102=EDGE_CURVE('',#2927,#2928,#3463,.T.);
#2103=EDGE_CURVE('',#2928,#2929,#3464,.T.);
#2104=EDGE_CURVE('',#2929,#2930,#3465,.T.);
#2105=EDGE_CURVE('',#2930,#2927,#3466,.T.);
#2106=EDGE_CURVE('',#2931,#2932,#175,.T.);
#2107=EDGE_CURVE('',#2932,#2933,#176,.T.);
#2108=EDGE_CURVE('',#2933,#2934,#177,.T.);
#2109=EDGE_CURVE('',#2934,#2935,#178,.T.);
#2110=EDGE_CURVE('',#2935,#2936,#179,.T.);
#2111=EDGE_CURVE('',#2936,#2937,#180,.T.);
#2112=EDGE_CURVE('',#2937,#2938,#181,.T.);
#2113=EDGE_CURVE('',#2938,#2931,#182,.T.);
#2114=EDGE_CURVE('',#2939,#2940,#183,.T.);
#2115=EDGE_CURVE('',#2940,#2941,#184,.T.);
#2116=EDGE_CURVE('',#2941,#2942,#185,.T.);
#2117=EDGE_CURVE('',#2942,#2943,#186,.T.);
#2118=EDGE_CURVE('',#2943,#2944,#187,.T.);
#2119=EDGE_CURVE('',#2944,#2945,#188,.T.);
#2120=EDGE_CURVE('',#2945,#2946,#189,.T.);
#2121=EDGE_CURVE('',#2946,#2939,#190,.T.);
#2122=EDGE_CURVE('',#2947,#2948,#3467,.T.);
#2123=EDGE_CURVE('',#2948,#2949,#3468,.T.);
#2124=EDGE_CURVE('',#2949,#2950,#3469,.T.);
#2125=EDGE_CURVE('',#2950,#2951,#3470,.T.);
#2126=EDGE_CURVE('',#2951,#2952,#191,.T.);
#2127=EDGE_CURVE('',#2952,#2953,#3471,.T.);
#2128=EDGE_CURVE('',#2953,#2954,#3472,.T.);
#2129=EDGE_CURVE('',#2954,#2955,#3473,.T.);
#2130=EDGE_CURVE('',#2955,#2956,#3474,.T.);
#2131=EDGE_CURVE('',#2956,#2957,#192,.T.);
#2132=EDGE_CURVE('',#2957,#2958,#193,.T.);
#2133=EDGE_CURVE('',#2958,#2959,#3475,.T.);
#2134=EDGE_CURVE('',#2959,#2960,#3476,.T.);
#2135=EDGE_CURVE('',#2960,#2947,#3477,.T.);
#2136=EDGE_CURVE('',#2961,#2962,#194,.T.);
#2137=EDGE_CURVE('',#2962,#2963,#195,.T.);
#2138=EDGE_CURVE('',#2963,#2964,#196,.T.);
#2139=EDGE_CURVE('',#2964,#2965,#197,.T.);
#2140=EDGE_CURVE('',#2965,#2966,#198,.T.);
#2141=EDGE_CURVE('',#2966,#2967,#199,.T.);
#2142=EDGE_CURVE('',#2967,#2968,#200,.T.);
#2143=EDGE_CURVE('',#2968,#2961,#201,.T.);
#2144=EDGE_CURVE('',#2969,#2970,#3478,.T.);
#2145=EDGE_CURVE('',#2970,#2971,#3479,.T.);
#2146=EDGE_CURVE('',#2971,#2972,#3480,.T.);
#2147=EDGE_CURVE('',#2972,#2973,#3481,.T.);
#2148=EDGE_CURVE('',#2973,#2974,#3482,.T.);
#2149=EDGE_CURVE('',#2974,#2975,#3483,.T.);
#2150=EDGE_CURVE('',#2975,#2976,#202,.T.);
#2151=EDGE_CURVE('',#2976,#2977,#203,.T.);
#2152=EDGE_CURVE('',#2977,#2978,#204,.T.);
#2153=EDGE_CURVE('',#2978,#2979,#3484,.T.);
#2154=EDGE_CURVE('',#2979,#2980,#151,.F.);
#2155=EDGE_CURVE('',#2980,#2981,#205,.T.);
#2156=EDGE_CURVE('',#2981,#2982,#206,.T.);
#2157=EDGE_CURVE('',#2982,#2983,#3485,.T.);
#2158=EDGE_CURVE('',#2983,#2984,#3486,.T.);
#2159=EDGE_CURVE('',#2984,#2985,#3487,.T.);
#2160=EDGE_CURVE('',#2985,#2986,#3488,.T.);
#2161=EDGE_CURVE('',#2986,#2969,#3489,.T.);
#2162=EDGE_CURVE('',#2987,#2988,#3490,.T.);
#2163=EDGE_CURVE('',#2988,#2989,#207,.T.);
#2164=EDGE_CURVE('',#2989,#2990,#208,.T.);
#2165=EDGE_CURVE('',#2990,#2991,#3491,.T.);
#2166=EDGE_CURVE('',#2991,#2992,#3492,.T.);
#2167=EDGE_CURVE('',#2992,#2993,#3493,.T.);
#2168=EDGE_CURVE('',#2993,#2994,#209,.T.);
#2169=EDGE_CURVE('',#2994,#2995,#210,.T.);
#2170=EDGE_CURVE('',#2995,#2996,#211,.T.);
#2171=EDGE_CURVE('',#2996,#2997,#152,.T.);
#2172=EDGE_CURVE('',#2997,#2998,#3494,.T.);
#2173=EDGE_CURVE('',#2998,#2999,#3495,.T.);
#2174=EDGE_CURVE('',#2999,#3000,#3496,.T.);
#2175=EDGE_CURVE('',#3000,#2987,#3497,.T.);
#2176=EDGE_CURVE('',#3001,#3002,#3498,.T.);
#2177=EDGE_CURVE('',#3002,#3003,#3499,.T.);
#2178=EDGE_CURVE('',#3003,#3004,#3500,.T.);
#2179=EDGE_CURVE('',#3004,#3005,#3501,.T.);
#2180=EDGE_CURVE('',#3005,#3006,#3502,.T.);
#2181=EDGE_CURVE('',#3006,#3007,#3503,.T.);
#2182=EDGE_CURVE('',#3007,#3001,#3504,.T.);
#2183=EDGE_CURVE('',#3008,#3009,#3505,.T.);
#2184=EDGE_CURVE('',#3009,#3010,#3506,.T.);
#2185=EDGE_CURVE('',#3010,#3011,#3507,.T.);
#2186=EDGE_CURVE('',#3011,#3012,#3508,.T.);
#2187=EDGE_CURVE('',#3012,#3013,#3509,.T.);
#2188=EDGE_CURVE('',#3013,#3014,#3510,.T.);
#2189=EDGE_CURVE('',#3014,#3015,#212,.T.);
#2190=EDGE_CURVE('',#3015,#3016,#213,.T.);
#2191=EDGE_CURVE('',#3016,#3017,#214,.T.);
#2192=EDGE_CURVE('',#3017,#3018,#215,.T.);
#2193=EDGE_CURVE('',#3018,#3019,#3511,.T.);
#2194=EDGE_CURVE('',#3019,#3020,#3512,.T.);
#2195=EDGE_CURVE('',#3020,#3008,#3513,.T.);
#2196=EDGE_CURVE('',#3021,#3022,#3514,.T.);
#2197=EDGE_CURVE('',#3022,#3023,#3515,.T.);
#2198=EDGE_CURVE('',#3023,#3024,#216,.T.);
#2199=EDGE_CURVE('',#3024,#3025,#217,.T.);
#2200=EDGE_CURVE('',#3025,#3026,#3516,.T.);
#2201=EDGE_CURVE('',#3026,#3027,#218,.T.);
#2202=EDGE_CURVE('',#3027,#3028,#219,.T.);
#2203=EDGE_CURVE('',#3028,#3029,#3517,.T.);
#2204=EDGE_CURVE('',#3029,#3030,#3518,.T.);
#2205=EDGE_CURVE('',#3030,#3031,#3519,.T.);
#2206=EDGE_CURVE('',#3031,#3032,#220,.T.);
#2207=EDGE_CURVE('',#3032,#3033,#221,.T.);
#2208=EDGE_CURVE('',#3033,#3034,#222,.T.);
#2209=EDGE_CURVE('',#3034,#3035,#223,.T.);
#2210=EDGE_CURVE('',#3035,#3021,#3520,.T.);
#2211=EDGE_CURVE('',#3036,#3037,#3521,.T.);
#2212=EDGE_CURVE('',#3036,#3038,#3522,.F.);
#2213=EDGE_CURVE('',#3038,#3039,#3523,.T.);
#2214=EDGE_CURVE('',#3039,#3037,#3524,.T.);
#2215=EDGE_CURVE('',#3040,#3041,#3525,.T.);
#2216=EDGE_CURVE('',#3041,#3042,#3526,.T.);
#2217=EDGE_CURVE('',#3042,#3043,#3527,.T.);
#2218=EDGE_CURVE('',#3043,#3044,#224,.T.);
#2219=EDGE_CURVE('',#3044,#3045,#225,.T.);
#2220=EDGE_CURVE('',#3045,#3046,#226,.T.);
#2221=EDGE_CURVE('',#3046,#3047,#227,.T.);
#2222=EDGE_CURVE('',#3047,#3048,#228,.T.);
#2223=EDGE_CURVE('',#3048,#3049,#229,.T.);
#2224=EDGE_CURVE('',#3049,#3050,#230,.T.);
#2225=EDGE_CURVE('',#3050,#3040,#231,.T.);
#2226=EDGE_CURVE('',#3051,#3052,#3528,.T.);
#2227=EDGE_CURVE('',#3052,#3053,#3529,.T.);
#2228=EDGE_CURVE('',#3053,#3054,#3530,.T.);
#2229=EDGE_CURVE('',#3054,#3055,#3531,.T.);
#2230=EDGE_CURVE('',#3055,#3056,#3532,.T.);
#2231=EDGE_CURVE('',#3056,#3057,#3533,.T.);
#2232=EDGE_CURVE('',#3057,#3058,#3534,.T.);
#2233=EDGE_CURVE('',#3058,#3051,#3535,.T.);
#2234=EDGE_CURVE('',#3059,#3060,#3536,.T.);
#2235=EDGE_CURVE('',#3060,#3061,#3537,.T.);
#2236=EDGE_CURVE('',#3061,#3062,#3538,.T.);
#2237=EDGE_CURVE('',#3062,#3063,#3539,.T.);
#2238=EDGE_CURVE('',#3063,#3064,#3540,.T.);
#2239=EDGE_CURVE('',#3064,#3065,#3541,.T.);
#2240=EDGE_CURVE('',#3065,#3066,#3542,.T.);
#2241=EDGE_CURVE('',#3066,#3059,#3543,.T.);
#2242=EDGE_CURVE('',#3067,#3068,#232,.T.);
#2243=EDGE_CURVE('',#3068,#3069,#233,.T.);
#2244=EDGE_CURVE('',#3069,#3070,#234,.T.);
#2245=EDGE_CURVE('',#3070,#3071,#235,.T.);
#2246=EDGE_CURVE('',#3071,#3072,#236,.T.);
#2247=EDGE_CURVE('',#3072,#3073,#237,.T.);
#2248=EDGE_CURVE('',#3073,#3074,#238,.T.);
#2249=EDGE_CURVE('',#3074,#3075,#153,.F.);
#2250=EDGE_CURVE('',#3075,#3076,#3544,.T.);
#2251=EDGE_CURVE('',#3076,#3077,#239,.T.);
#2252=EDGE_CURVE('',#3077,#3078,#240,.T.);
#2253=EDGE_CURVE('',#3078,#3079,#241,.T.);
#2254=EDGE_CURVE('',#3079,#3080,#242,.T.);
#2255=EDGE_CURVE('',#3080,#3081,#243,.T.);
#2256=EDGE_CURVE('',#3081,#3082,#244,.T.);
#2257=EDGE_CURVE('',#3082,#3083,#245,.T.);
#2258=EDGE_CURVE('',#3083,#3084,#246,.T.);
#2259=EDGE_CURVE('',#3084,#3085,#247,.T.);
#2260=EDGE_CURVE('',#3085,#3086,#248,.T.);
#2261=EDGE_CURVE('',#3086,#3087,#249,.T.);
#2262=EDGE_CURVE('',#3087,#3088,#250,.T.);
#2263=EDGE_CURVE('',#3088,#3089,#251,.T.);
#2264=EDGE_CURVE('',#3089,#3090,#252,.T.);
#2265=EDGE_CURVE('',#3090,#3091,#3545,.T.);
#2266=EDGE_CURVE('',#3091,#3092,#253,.T.);
#2267=EDGE_CURVE('',#3092,#3093,#254,.T.);
#2268=EDGE_CURVE('',#3093,#3094,#255,.T.);
#2269=EDGE_CURVE('',#3094,#3095,#256,.T.);
#2270=EDGE_CURVE('',#3095,#3067,#257,.T.);
#2271=EDGE_CURVE('',#3096,#3097,#3546,.T.);
#2272=EDGE_CURVE('',#3097,#3098,#3547,.T.);
#2273=EDGE_CURVE('',#3098,#3099,#3548,.T.);
#2274=EDGE_CURVE('',#3099,#3100,#3549,.T.);
#2275=EDGE_CURVE('',#3100,#3101,#3550,.T.);
#2276=EDGE_CURVE('',#3101,#3102,#3551,.T.);
#2277=EDGE_CURVE('',#3102,#3103,#3552,.T.);
#2278=EDGE_CURVE('',#3103,#3104,#3553,.T.);
#2279=EDGE_CURVE('',#3104,#3105,#3554,.T.);
#2280=EDGE_CURVE('',#3105,#3106,#3555,.T.);
#2281=EDGE_CURVE('',#3106,#3107,#3556,.T.);
#2282=EDGE_CURVE('',#3107,#3108,#3557,.T.);
#2283=EDGE_CURVE('',#3108,#3096,#3558,.T.);
#2284=EDGE_CURVE('',#3109,#3110,#258,.T.);
#2285=EDGE_CURVE('',#3110,#3111,#259,.T.);
#2286=EDGE_CURVE('',#3111,#3112,#260,.T.);
#2287=EDGE_CURVE('',#3112,#3113,#261,.T.);
#2288=EDGE_CURVE('',#3113,#3114,#262,.T.);
#2289=EDGE_CURVE('',#3114,#3115,#263,.T.);
#2290=EDGE_CURVE('',#3115,#3116,#264,.T.);
#2291=EDGE_CURVE('',#3116,#3109,#265,.T.);
#2292=EDGE_CURVE('',#3117,#3118,#3559,.T.);
#2293=EDGE_CURVE('',#3118,#3119,#3560,.T.);
#2294=EDGE_CURVE('',#3119,#3120,#3561,.T.);
#2295=EDGE_CURVE('',#3120,#3117,#3562,.T.);
#2296=EDGE_CURVE('',#3121,#3122,#3563,.T.);
#2297=EDGE_CURVE('',#3122,#3123,#3564,.T.);
#2298=EDGE_CURVE('',#3124,#3123,#3565,.T.);
#2299=EDGE_CURVE('',#3121,#3124,#3566,.T.);
#2300=EDGE_CURVE('',#3037,#3124,#3567,.T.);
#2301=EDGE_CURVE('',#3039,#3121,#3568,.T.);
#2302=EDGE_CURVE('',#3125,#3126,#3569,.T.);
#2303=EDGE_CURVE('',#3126,#3127,#3570,.T.);
#2304=EDGE_CURVE('',#3127,#3128,#3571,.F.);
#2305=EDGE_CURVE('',#3128,#3125,#3572,.F.);
#2306=EDGE_CURVE('',#3129,#3130,#3573,.T.);
#2307=EDGE_CURVE('',#3129,#3131,#3574,.T.);
#2308=EDGE_CURVE('',#3131,#3132,#3575,.T.);
#2309=EDGE_CURVE('',#3130,#3132,#3576,.T.);
#2310=EDGE_CURVE('',#3132,#2896,#3577,.T.);
#2311=EDGE_CURVE('',#3130,#2899,#3578,.T.);
#2312=EDGE_CURVE('',#2897,#3133,#3579,.T.);
#2313=EDGE_CURVE('',#3133,#3134,#3580,.F.);
#2314=EDGE_CURVE('',#2898,#3134,#3581,.T.);
#2315=EDGE_CURVE('',#3135,#3136,#3582,.T.);
#2316=EDGE_CURVE('',#3136,#3137,#3583,.F.);
#2317=EDGE_CURVE('',#3137,#3138,#3584,.F.);
#2318=EDGE_CURVE('',#3138,#3135,#3585,.T.);
#2319=EDGE_CURVE('',#3139,#3140,#3586,.T.);
#2320=EDGE_CURVE('',#3140,#3141,#3587,.F.);
#2321=EDGE_CURVE('',#3142,#3141,#3588,.T.);
#2322=EDGE_CURVE('',#3142,#3139,#3589,.T.);
#2323=EDGE_CURVE('',#3141,#3122,#154,.T.);
#2324=EDGE_CURVE('',#3038,#2875,#155,.T.);
#2325=EDGE_CURVE('',#2874,#3143,#156,.T.);
#2326=EDGE_CURVE('',#3143,#3129,#3590,.F.);
#2327=EDGE_CURVE('',#3134,#3142,#3591,.T.);
#2328=EDGE_CURVE('',#3123,#3140,#157,.F.);
#2329=EDGE_CURVE('',#3139,#3133,#3592,.F.);
#2330=EDGE_CURVE('',#3131,#3144,#3593,.T.);
#2331=EDGE_CURVE('',#3144,#2877,#158,.F.);
#2332=EDGE_CURVE('',#2876,#3036,#159,.F.);
#2333=EDGE_CURVE('',#3144,#3127,#130,.F.);
#2334=EDGE_CURVE('',#3128,#3131,#131,.T.);
#2335=EDGE_CURVE('',#3125,#3129,#132,.T.);
#2336=EDGE_CURVE('',#3143,#3126,#133,.F.);
#2337=EDGE_CURVE('',#3145,#3022,#3594,.T.);
#2338=EDGE_CURVE('',#3145,#3146,#3595,.T.);
#2339=EDGE_CURVE('',#3146,#3023,#3596,.T.);
#2340=EDGE_CURVE('',#3147,#3021,#3597,.T.);
#2341=EDGE_CURVE('',#3147,#3145,#3598,.T.);
#2342=EDGE_CURVE('',#3148,#3035,#3599,.T.);
#2343=EDGE_CURVE('',#3148,#3147,#3600,.T.);
#2344=EDGE_CURVE('',#3149,#3034,#3601,.T.);
#2345=EDGE_CURVE('',#3149,#3148,#266,.T.);
#2346=EDGE_CURVE('',#3150,#3033,#3602,.T.);
#2347=EDGE_CURVE('',#3150,#3149,#267,.T.);
#2348=EDGE_CURVE('',#3151,#3032,#3603,.T.);
#2349=EDGE_CURVE('',#3151,#3150,#268,.T.);
#2350=EDGE_CURVE('',#3152,#3031,#3604,.T.);
#2351=EDGE_CURVE('',#3152,#3151,#269,.T.);
#2352=EDGE_CURVE('',#3153,#3030,#3605,.T.);
#2353=EDGE_CURVE('',#3153,#3152,#3606,.T.);
#2354=EDGE_CURVE('',#3154,#3029,#3607,.T.);
#2355=EDGE_CURVE('',#3154,#3153,#3608,.T.);
#2356=EDGE_CURVE('',#3155,#3028,#3609,.T.);
#2357=EDGE_CURVE('',#3155,#3154,#3610,.T.);
#2358=EDGE_CURVE('',#3156,#3027,#3611,.T.);
#2359=EDGE_CURVE('',#3156,#3155,#270,.T.);
#2360=EDGE_CURVE('',#3157,#3026,#3612,.T.);
#2361=EDGE_CURVE('',#3157,#3156,#271,.T.);
#2362=EDGE_CURVE('',#3158,#3025,#3613,.T.);
#2363=EDGE_CURVE('',#3158,#3157,#3614,.T.);
#2364=EDGE_CURVE('',#3159,#3024,#3615,.T.);
#2365=EDGE_CURVE('',#3159,#3158,#272,.T.);
#2366=EDGE_CURVE('',#3146,#3159,#273,.T.);
#2367=EDGE_CURVE('',#3160,#3161,#3616,.T.);
#2368=EDGE_CURVE('',#3162,#3160,#3617,.T.);
#2369=EDGE_CURVE('',#3162,#3163,#3618,.T.);
#2370=EDGE_CURVE('',#3163,#3161,#3619,.T.);
#2371=EDGE_CURVE('',#3164,#3160,#3620,.T.);
#2372=EDGE_CURVE('',#3165,#3164,#3621,.T.);
#2373=EDGE_CURVE('',#3165,#3162,#3622,.T.);
#2374=EDGE_CURVE('',#3166,#3164,#3623,.T.);
#2375=EDGE_CURVE('',#3167,#3166,#3624,.T.);
#2376=EDGE_CURVE('',#3167,#3165,#3625,.T.);
#2377=EDGE_CURVE('',#3168,#3166,#274,.T.);
#2378=EDGE_CURVE('',#3169,#3168,#3626,.T.);
#2379=EDGE_CURVE('',#3169,#3167,#275,.T.);
#2380=EDGE_CURVE('',#3170,#3168,#276,.T.);
#2381=EDGE_CURVE('',#3171,#3170,#3627,.T.);
#2382=EDGE_CURVE('',#3171,#3169,#277,.T.);
#2383=EDGE_CURVE('',#3172,#3170,#278,.T.);
#2384=EDGE_CURVE('',#3173,#3172,#3628,.T.);
#2385=EDGE_CURVE('',#3173,#3171,#279,.T.);
#2386=EDGE_CURVE('',#3174,#3175,#3629,.T.);
#2387=EDGE_CURVE('',#3176,#3174,#3630,.T.);
#2388=EDGE_CURVE('',#3176,#3177,#3631,.T.);
#2389=EDGE_CURVE('',#3177,#3175,#3632,.T.);
#2390=EDGE_CURVE('',#3178,#3174,#3633,.T.);
#2391=EDGE_CURVE('',#3179,#3178,#3634,.T.);
#2392=EDGE_CURVE('',#3179,#3176,#3635,.T.);
#2393=EDGE_CURVE('',#3180,#3178,#280,.T.);
#2394=EDGE_CURVE('',#3181,#3180,#3636,.T.);
#2395=EDGE_CURVE('',#3181,#3179,#281,.T.);
#2396=EDGE_CURVE('',#3182,#3180,#282,.T.);
#2397=EDGE_CURVE('',#3183,#3182,#3637,.T.);
#2398=EDGE_CURVE('',#3183,#3181,#283,.T.);
#2399=EDGE_CURVE('',#3184,#3182,#284,.T.);
#2400=EDGE_CURVE('',#3185,#3184,#3638,.T.);
#2401=EDGE_CURVE('',#3185,#3183,#285,.T.);
#2402=EDGE_CURVE('',#3186,#3041,#3639,.T.);
#2403=EDGE_CURVE('',#3186,#3187,#3640,.T.);
#2404=EDGE_CURVE('',#3187,#3042,#3641,.T.);
#2405=EDGE_CURVE('',#3188,#3040,#3642,.T.);
#2406=EDGE_CURVE('',#3188,#3186,#3643,.T.);
#2407=EDGE_CURVE('',#3189,#3050,#3644,.T.);
#2408=EDGE_CURVE('',#3189,#3188,#286,.T.);
#2409=EDGE_CURVE('',#3190,#3049,#3645,.T.);
#2410=EDGE_CURVE('',#3190,#3189,#287,.T.);
#2411=EDGE_CURVE('',#3191,#3048,#3646,.T.);
#2412=EDGE_CURVE('',#3191,#3190,#288,.T.);
#2413=EDGE_CURVE('',#3192,#3047,#3647,.T.);
#2414=EDGE_CURVE('',#3192,#3191,#289,.T.);
#2415=EDGE_CURVE('',#3193,#3046,#3648,.T.);
#2416=EDGE_CURVE('',#3193,#3192,#290,.T.);
#2417=EDGE_CURVE('',#3194,#3045,#3649,.T.);
#2418=EDGE_CURVE('',#3194,#3193,#291,.T.);
#2419=EDGE_CURVE('',#3195,#3044,#3650,.T.);
#2420=EDGE_CURVE('',#3195,#3194,#292,.T.);
#2421=EDGE_CURVE('',#3196,#3043,#3651,.T.);
#2422=EDGE_CURVE('',#3196,#3195,#293,.T.);
#2423=EDGE_CURVE('',#3175,#3184,#3652,.T.);
#2424=EDGE_CURVE('',#3177,#3185,#3653,.T.);
#2425=EDGE_CURVE('',#3187,#3196,#3654,.T.);
#2426=EDGE_CURVE('',#3161,#3172,#294,.T.);
#2427=EDGE_CURVE('',#3163,#3173,#295,.T.);
#2428=EDGE_CURVE('',#3197,#3198,#3655,.T.);
#2429=EDGE_CURVE('',#3199,#3197,#3656,.T.);
#2430=EDGE_CURVE('',#3199,#3200,#3657,.T.);
#2431=EDGE_CURVE('',#3200,#3198,#3658,.T.);
#2432=EDGE_CURVE('',#3201,#3197,#3659,.T.);
#2433=EDGE_CURVE('',#3202,#3201,#3660,.T.);
#2434=EDGE_CURVE('',#3202,#3199,#3661,.T.);
#2435=EDGE_CURVE('',#3203,#3201,#3662,.T.);
#2436=EDGE_CURVE('',#3204,#3203,#3663,.T.);
#2437=EDGE_CURVE('',#3204,#3202,#3664,.T.);
#2438=EDGE_CURVE('',#3205,#3203,#296,.T.);
#2439=EDGE_CURVE('',#3206,#3205,#3665,.T.);
#2440=EDGE_CURVE('',#3206,#3204,#297,.T.);
#2441=EDGE_CURVE('',#3207,#3205,#298,.T.);
#2442=EDGE_CURVE('',#3208,#3207,#3666,.T.);
#2443=EDGE_CURVE('',#3208,#3206,#299,.T.);
#2444=EDGE_CURVE('',#3209,#3207,#300,.T.);
#2445=EDGE_CURVE('',#3210,#3209,#3667,.T.);
#2446=EDGE_CURVE('',#3210,#3208,#301,.T.);
#2447=EDGE_CURVE('',#3211,#3009,#3668,.T.);
#2448=EDGE_CURVE('',#3211,#3212,#3669,.T.);
#2449=EDGE_CURVE('',#3212,#3010,#3670,.T.);
#2450=EDGE_CURVE('',#3213,#3008,#3671,.T.);
#2451=EDGE_CURVE('',#3213,#3211,#3672,.T.);
#2452=EDGE_CURVE('',#3214,#3020,#3673,.T.);
#2453=EDGE_CURVE('',#3214,#3213,#3674,.T.);
#2454=EDGE_CURVE('',#3215,#3019,#3675,.T.);
#2455=EDGE_CURVE('',#3215,#3214,#3676,.T.);
#2456=EDGE_CURVE('',#3216,#3018,#3677,.T.);
#2457=EDGE_CURVE('',#3216,#3215,#3678,.T.);
#2458=EDGE_CURVE('',#3217,#3017,#3679,.T.);
#2459=EDGE_CURVE('',#3217,#3216,#302,.T.);
#2460=EDGE_CURVE('',#3218,#3016,#3680,.T.);
#2461=EDGE_CURVE('',#3218,#3217,#303,.T.);
#2462=EDGE_CURVE('',#3219,#3015,#3681,.T.);
#2463=EDGE_CURVE('',#3219,#3218,#304,.T.);
#2464=EDGE_CURVE('',#3220,#3014,#3682,.T.);
#2465=EDGE_CURVE('',#3220,#3219,#305,.T.);
#2466=EDGE_CURVE('',#3221,#3013,#3683,.T.);
#2467=EDGE_CURVE('',#3221,#3220,#3684,.T.);
#2468=EDGE_CURVE('',#3222,#3012,#3685,.T.);
#2469=EDGE_CURVE('',#3222,#3221,#3686,.T.);
#2470=EDGE_CURVE('',#3223,#3011,#3687,.T.);
#2471=EDGE_CURVE('',#3223,#3222,#3688,.T.);
#2472=EDGE_CURVE('',#3212,#3223,#3689,.T.);
#2473=EDGE_CURVE('',#3198,#3209,#306,.T.);
#2474=EDGE_CURVE('',#3200,#3210,#307,.T.);
#2475=EDGE_CURVE('',#3224,#3002,#3690,.T.);
#2476=EDGE_CURVE('',#3224,#3225,#3691,.T.);
#2477=EDGE_CURVE('',#3225,#3003,#3692,.T.);
#2478=EDGE_CURVE('',#3226,#3001,#3693,.T.);
#2479=EDGE_CURVE('',#3226,#3224,#3694,.T.);
#2480=EDGE_CURVE('',#3227,#3007,#3695,.T.);
#2481=EDGE_CURVE('',#3227,#3226,#3696,.T.);
#2482=EDGE_CURVE('',#3228,#3006,#3697,.T.);
#2483=EDGE_CURVE('',#3228,#3227,#3698,.T.);
#2484=EDGE_CURVE('',#3229,#3005,#3699,.T.);
#2485=EDGE_CURVE('',#3229,#3228,#3700,.T.);
#2486=EDGE_CURVE('',#3230,#3004,#3701,.T.);
#2487=EDGE_CURVE('',#3230,#3229,#3702,.T.);
#2488=EDGE_CURVE('',#3225,#3230,#3703,.T.);
#2489=EDGE_CURVE('',#3231,#2988,#3704,.T.);
#2490=EDGE_CURVE('',#3231,#3232,#308,.T.);
#2491=EDGE_CURVE('',#3232,#2989,#3705,.T.);
#2492=EDGE_CURVE('',#3233,#2987,#3706,.T.);
#2493=EDGE_CURVE('',#3233,#3231,#3707,.T.);
#2494=EDGE_CURVE('',#3234,#3000,#3708,.T.);
#2495=EDGE_CURVE('',#3234,#3233,#3709,.T.);
#2496=EDGE_CURVE('',#3235,#2999,#3710,.T.);
#2497=EDGE_CURVE('',#3235,#3234,#3711,.T.);
#2498=EDGE_CURVE('',#3236,#2998,#3712,.T.);
#2499=EDGE_CURVE('',#3236,#3235,#3713,.T.);
#2500=EDGE_CURVE('',#3237,#2997,#3714,.T.);
#2501=EDGE_CURVE('',#3237,#3236,#3715,.T.);
#2502=EDGE_CURVE('',#3238,#2996,#3716,.T.);
#2503=EDGE_CURVE('',#3238,#3237,#160,.T.);
#2504=EDGE_CURVE('',#3239,#2995,#3717,.T.);
#2505=EDGE_CURVE('',#3239,#3238,#309,.T.);
#2506=EDGE_CURVE('',#3240,#2994,#3718,.T.);
#2507=EDGE_CURVE('',#3240,#3239,#310,.T.);
#2508=EDGE_CURVE('',#3241,#2993,#3719,.T.);
#2509=EDGE_CURVE('',#3241,#3240,#311,.T.);
#2510=EDGE_CURVE('',#3242,#2992,#3720,.T.);
#2511=EDGE_CURVE('',#3242,#3241,#3721,.T.);
#2512=EDGE_CURVE('',#3243,#2991,#3722,.T.);
#2513=EDGE_CURVE('',#3243,#3242,#3723,.T.);
#2514=EDGE_CURVE('',#3244,#2990,#3724,.T.);
#2515=EDGE_CURVE('',#3244,#3243,#3725,.T.);
#2516=EDGE_CURVE('',#3232,#3244,#312,.T.);
#2517=EDGE_CURVE('',#3245,#2970,#3726,.T.);
#2518=EDGE_CURVE('',#3245,#3246,#3727,.T.);
#2519=EDGE_CURVE('',#3246,#2971,#3728,.T.);
#2520=EDGE_CURVE('',#3247,#2969,#3729,.T.);
#2521=EDGE_CURVE('',#3247,#3245,#3730,.T.);
#2522=EDGE_CURVE('',#3248,#2986,#3731,.T.);
#2523=EDGE_CURVE('',#3248,#3247,#3732,.T.);
#2524=EDGE_CURVE('',#3249,#2985,#3733,.T.);
#2525=EDGE_CURVE('',#3249,#3248,#3734,.T.);
#2526=EDGE_CURVE('',#3250,#2984,#3735,.T.);
#2527=EDGE_CURVE('',#3250,#3249,#3736,.T.);
#2528=EDGE_CURVE('',#3251,#2983,#3737,.T.);
#2529=EDGE_CURVE('',#3251,#3250,#3738,.T.);
#2530=EDGE_CURVE('',#3252,#2982,#3739,.T.);
#2531=EDGE_CURVE('',#3252,#3251,#3740,.T.);
#2532=EDGE_CURVE('',#3253,#2981,#3741,.T.);
#2533=EDGE_CURVE('',#3253,#3252,#313,.T.);
#2534=EDGE_CURVE('',#3254,#2980,#3742,.T.);
#2535=EDGE_CURVE('',#3254,#3253,#314,.T.);
#2536=EDGE_CURVE('',#3255,#2979,#3743,.T.);
#2537=EDGE_CURVE('',#3255,#3254,#161,.F.);
#2538=EDGE_CURVE('',#3256,#2978,#3744,.T.);
#2539=EDGE_CURVE('',#3256,#3255,#3745,.T.);
#2540=EDGE_CURVE('',#3257,#2977,#3746,.T.);
#2541=EDGE_CURVE('',#3257,#3256,#315,.T.);
#2542=EDGE_CURVE('',#3258,#2976,#3747,.T.);
#2543=EDGE_CURVE('',#3258,#3257,#316,.T.);
#2544=EDGE_CURVE('',#3259,#2975,#3748,.T.);
#2545=EDGE_CURVE('',#3259,#3258,#317,.T.);
#2546=EDGE_CURVE('',#3260,#2974,#3749,.T.);
#2547=EDGE_CURVE('',#3260,#3259,#3750,.T.);
#2548=EDGE_CURVE('',#3261,#2973,#3751,.T.);
#2549=EDGE_CURVE('',#3261,#3260,#3752,.T.);
#2550=EDGE_CURVE('',#3262,#2972,#3753,.T.);
#2551=EDGE_CURVE('',#3262,#3261,#3754,.T.);
#2552=EDGE_CURVE('',#3246,#3262,#3755,.T.);
#2553=EDGE_CURVE('',#3263,#2962,#3756,.T.);
#2554=EDGE_CURVE('',#3263,#3264,#318,.T.);
#2555=EDGE_CURVE('',#3264,#2963,#3757,.T.);
#2556=EDGE_CURVE('',#3265,#2961,#3758,.T.);
#2557=EDGE_CURVE('',#3265,#3263,#319,.T.);
#2558=EDGE_CURVE('',#3266,#2968,#3759,.T.);
#2559=EDGE_CURVE('',#3266,#3265,#320,.T.);
#2560=EDGE_CURVE('',#3267,#2967,#3760,.T.);
#2561=EDGE_CURVE('',#3267,#3266,#321,.T.);
#2562=EDGE_CURVE('',#3268,#2966,#3761,.T.);
#2563=EDGE_CURVE('',#3268,#3267,#322,.T.);
#2564=EDGE_CURVE('',#3269,#2965,#3762,.T.);
#2565=EDGE_CURVE('',#3269,#3268,#323,.T.);
#2566=EDGE_CURVE('',#3270,#2964,#3763,.T.);
#2567=EDGE_CURVE('',#3270,#3269,#324,.T.);
#2568=EDGE_CURVE('',#3264,#3270,#325,.T.);
#2569=EDGE_CURVE('',#3271,#2948,#3764,.T.);
#2570=EDGE_CURVE('',#3271,#3272,#3765,.T.);
#2571=EDGE_CURVE('',#3272,#2949,#3766,.T.);
#2572=EDGE_CURVE('',#3273,#2947,#3767,.T.);
#2573=EDGE_CURVE('',#3273,#3271,#3768,.T.);
#2574=EDGE_CURVE('',#3274,#2960,#3769,.T.);
#2575=EDGE_CURVE('',#3274,#3273,#3770,.T.);
#2576=EDGE_CURVE('',#3275,#2959,#3771,.T.);
#2577=EDGE_CURVE('',#3275,#3274,#3772,.T.);
#2578=EDGE_CURVE('',#3276,#2958,#3773,.T.);
#2579=EDGE_CURVE('',#3276,#3275,#3774,.T.);
#2580=EDGE_CURVE('',#3277,#2957,#3775,.T.);
#2581=EDGE_CURVE('',#3277,#3276,#326,.T.);
#2582=EDGE_CURVE('',#3278,#2956,#3776,.T.);
#2583=EDGE_CURVE('',#3278,#3277,#327,.T.);
#2584=EDGE_CURVE('',#3279,#2955,#3777,.T.);
#2585=EDGE_CURVE('',#3279,#3278,#3778,.T.);
#2586=EDGE_CURVE('',#3280,#2954,#3779,.T.);
#2587=EDGE_CURVE('',#3280,#3279,#3780,.T.);
#2588=EDGE_CURVE('',#3281,#2953,#3781,.T.);
#2589=EDGE_CURVE('',#3281,#3280,#3782,.T.);
#2590=EDGE_CURVE('',#3282,#2952,#3783,.T.);
#2591=EDGE_CURVE('',#3282,#3281,#3784,.T.);
#2592=EDGE_CURVE('',#3283,#2951,#3785,.T.);
#2593=EDGE_CURVE('',#3283,#3282,#328,.T.);
#2594=EDGE_CURVE('',#3284,#2950,#3786,.T.);
#2595=EDGE_CURVE('',#3284,#3283,#3787,.T.);
#2596=EDGE_CURVE('',#3272,#3284,#3788,.T.);
#2597=EDGE_CURVE('',#3285,#2940,#3789,.T.);
#2598=EDGE_CURVE('',#3285,#3286,#329,.T.);
#2599=EDGE_CURVE('',#3286,#2941,#3790,.T.);
#2600=EDGE_CURVE('',#3287,#2939,#3791,.T.);
#2601=EDGE_CURVE('',#3287,#3285,#330,.T.);
#2602=EDGE_CURVE('',#3288,#2946,#3792,.T.);
#2603=EDGE_CURVE('',#3288,#3287,#331,.T.);
#2604=EDGE_CURVE('',#3289,#2945,#3793,.T.);
#2605=EDGE_CURVE('',#3289,#3288,#332,.T.);
#2606=EDGE_CURVE('',#3290,#2944,#3794,.T.);
#2607=EDGE_CURVE('',#3290,#3289,#333,.T.);
#2608=EDGE_CURVE('',#3291,#2943,#3795,.T.);
#2609=EDGE_CURVE('',#3291,#3290,#334,.T.);
#2610=EDGE_CURVE('',#3292,#2942,#3796,.T.);
#2611=EDGE_CURVE('',#3292,#3291,#335,.T.);
#2612=EDGE_CURVE('',#3286,#3292,#336,.T.);
#2613=EDGE_CURVE('',#3293,#2932,#3797,.T.);
#2614=EDGE_CURVE('',#3293,#3294,#337,.T.);
#2615=EDGE_CURVE('',#3294,#2933,#3798,.T.);
#2616=EDGE_CURVE('',#3295,#2931,#3799,.T.);
#2617=EDGE_CURVE('',#3295,#3293,#338,.T.);
#2618=EDGE_CURVE('',#3296,#2938,#3800,.T.);
#2619=EDGE_CURVE('',#3296,#3295,#339,.T.);
#2620=EDGE_CURVE('',#3297,#2937,#3801,.T.);
#2621=EDGE_CURVE('',#3297,#3296,#340,.T.);
#2622=EDGE_CURVE('',#3298,#2936,#3802,.T.);
#2623=EDGE_CURVE('',#3298,#3297,#341,.T.);
#2624=EDGE_CURVE('',#3299,#2935,#3803,.T.);
#2625=EDGE_CURVE('',#3299,#3298,#342,.T.);
#2626=EDGE_CURVE('',#3300,#2934,#3804,.T.);
#2627=EDGE_CURVE('',#3300,#3299,#343,.T.);
#2628=EDGE_CURVE('',#3294,#3300,#344,.T.);
#2629=EDGE_CURVE('',#3301,#2928,#3805,.T.);
#2630=EDGE_CURVE('',#3301,#3302,#3806,.T.);
#2631=EDGE_CURVE('',#3302,#2929,#3807,.T.);
#2632=EDGE_CURVE('',#3303,#2927,#3808,.T.);
#2633=EDGE_CURVE('',#3303,#3301,#3809,.T.);
#2634=EDGE_CURVE('',#3304,#2930,#3810,.T.);
#2635=EDGE_CURVE('',#3304,#3303,#3811,.T.);
#2636=EDGE_CURVE('',#3302,#3304,#3812,.T.);
#2637=EDGE_CURVE('',#3305,#2920,#3813,.T.);
#2638=EDGE_CURVE('',#3305,#3306,#345,.T.);
#2639=EDGE_CURVE('',#3306,#2921,#3814,.T.);
#2640=EDGE_CURVE('',#3307,#2919,#3815,.T.);
#2641=EDGE_CURVE('',#3307,#3305,#346,.T.);
#2642=EDGE_CURVE('',#3308,#2926,#3816,.T.);
#2643=EDGE_CURVE('',#3308,#3307,#347,.T.);
#2644=EDGE_CURVE('',#3309,#2925,#3817,.T.);
#2645=EDGE_CURVE('',#3309,#3308,#348,.T.);
#2646=EDGE_CURVE('',#3310,#2924,#3818,.T.);
#2647=EDGE_CURVE('',#3310,#3309,#349,.T.);
#2648=EDGE_CURVE('',#3311,#2923,#3819,.T.);
#2649=EDGE_CURVE('',#3311,#3310,#350,.T.);
#2650=EDGE_CURVE('',#3312,#2922,#3820,.T.);
#2651=EDGE_CURVE('',#3312,#3311,#351,.T.);
#2652=EDGE_CURVE('',#3306,#3312,#352,.T.);
#2653=EDGE_CURVE('',#3313,#3314,#3821,.T.);
#2654=EDGE_CURVE('',#3315,#3313,#3822,.T.);
#2655=EDGE_CURVE('',#3315,#3316,#3823,.T.);
#2656=EDGE_CURVE('',#3316,#3314,#3824,.T.);
#2657=EDGE_CURVE('',#3317,#3313,#3825,.T.);
#2658=EDGE_CURVE('',#3318,#3317,#3826,.T.);
#2659=EDGE_CURVE('',#3318,#3315,#3827,.T.);
#2660=EDGE_CURVE('',#3319,#3052,#3828,.T.);
#2661=EDGE_CURVE('',#3319,#3320,#3829,.T.);
#2662=EDGE_CURVE('',#3320,#3053,#3830,.T.);
#2663=EDGE_CURVE('',#3321,#3051,#3831,.T.);
#2664=EDGE_CURVE('',#3321,#3319,#3832,.T.);
#2665=EDGE_CURVE('',#3322,#3058,#3833,.T.);
#2666=EDGE_CURVE('',#3322,#3321,#3834,.T.);
#2667=EDGE_CURVE('',#3323,#3057,#3835,.T.);
#2668=EDGE_CURVE('',#3323,#3322,#3836,.T.);
#2669=EDGE_CURVE('',#3324,#3056,#3837,.T.);
#2670=EDGE_CURVE('',#3324,#3323,#3838,.T.);
#2671=EDGE_CURVE('',#3325,#3055,#3839,.T.);
#2672=EDGE_CURVE('',#3325,#3324,#3840,.T.);
#2673=EDGE_CURVE('',#3326,#3054,#3841,.T.);
#2674=EDGE_CURVE('',#3326,#3325,#3842,.T.);
#2675=EDGE_CURVE('',#3320,#3326,#3843,.T.);
#2676=EDGE_CURVE('',#3314,#3317,#3844,.T.);
#2677=EDGE_CURVE('',#3316,#3318,#3845,.T.);
#2678=EDGE_CURVE('',#3327,#3328,#3846,.T.);
#2679=EDGE_CURVE('',#3329,#3327,#3847,.T.);
#2680=EDGE_CURVE('',#3329,#3330,#3848,.T.);
#2681=EDGE_CURVE('',#3330,#3328,#3849,.T.);
#2682=EDGE_CURVE('',#3331,#3327,#3850,.T.);
#2683=EDGE_CURVE('',#3332,#3331,#3851,.T.);
#2684=EDGE_CURVE('',#3332,#3329,#3852,.T.);
#2685=EDGE_CURVE('',#3333,#3331,#3853,.T.);
#2686=EDGE_CURVE('',#3334,#3333,#3854,.T.);
#2687=EDGE_CURVE('',#3334,#3332,#3855,.T.);
#2688=EDGE_CURVE('',#3335,#3333,#353,.T.);
#2689=EDGE_CURVE('',#3336,#3335,#3856,.T.);
#2690=EDGE_CURVE('',#3336,#3334,#354,.T.);
#2691=EDGE_CURVE('',#3337,#3335,#355,.T.);
#2692=EDGE_CURVE('',#3338,#3337,#3857,.T.);
#2693=EDGE_CURVE('',#3338,#3336,#356,.T.);
#2694=EDGE_CURVE('',#3339,#3337,#357,.T.);
#2695=EDGE_CURVE('',#3340,#3339,#3858,.T.);
#2696=EDGE_CURVE('',#3340,#3338,#358,.T.);
#2697=EDGE_CURVE('',#3341,#2907,#3859,.T.);
#2698=EDGE_CURVE('',#3341,#3342,#3860,.T.);
#2699=EDGE_CURVE('',#3342,#2908,#3861,.T.);
#2700=EDGE_CURVE('',#3343,#2906,#3862,.T.);
#2701=EDGE_CURVE('',#3343,#3341,#3863,.T.);
#2702=EDGE_CURVE('',#3344,#2918,#3864,.T.);
#2703=EDGE_CURVE('',#3344,#3343,#3865,.T.);
#2704=EDGE_CURVE('',#3345,#2917,#3866,.T.);
#2705=EDGE_CURVE('',#3345,#3344,#3867,.T.);
#2706=EDGE_CURVE('',#3346,#2916,#3868,.T.);
#2707=EDGE_CURVE('',#3346,#3345,#3869,.T.);
#2708=EDGE_CURVE('',#3347,#2915,#3870,.T.);
#2709=EDGE_CURVE('',#3347,#3346,#359,.T.);
#2710=EDGE_CURVE('',#3348,#2914,#3871,.T.);
#2711=EDGE_CURVE('',#3348,#3347,#360,.T.);
#2712=EDGE_CURVE('',#3349,#2913,#3872,.T.);
#2713=EDGE_CURVE('',#3349,#3348,#361,.T.);
#2714=EDGE_CURVE('',#3350,#2912,#3873,.T.);
#2715=EDGE_CURVE('',#3350,#3349,#362,.T.);
#2716=EDGE_CURVE('',#3351,#2911,#3874,.T.);
#2717=EDGE_CURVE('',#3351,#3350,#3875,.T.);
#2718=EDGE_CURVE('',#3352,#2910,#3876,.T.);
#2719=EDGE_CURVE('',#3352,#3351,#3877,.T.);
#2720=EDGE_CURVE('',#3353,#2909,#3878,.T.);
#2721=EDGE_CURVE('',#3353,#3352,#3879,.T.);
#2722=EDGE_CURVE('',#3342,#3353,#3880,.T.);
#2723=EDGE_CURVE('',#3328,#3339,#363,.T.);
#2724=EDGE_CURVE('',#3330,#3340,#364,.T.);
#2725=EDGE_CURVE('',#3354,#3355,#3881,.T.);
#2726=EDGE_CURVE('',#3356,#3354,#3882,.T.);
#2727=EDGE_CURVE('',#3356,#3357,#3883,.T.);
#2728=EDGE_CURVE('',#3357,#3355,#3884,.T.);
#2729=EDGE_CURVE('',#3358,#3354,#3885,.T.);
#2730=EDGE_CURVE('',#3359,#3358,#3886,.T.);
#2731=EDGE_CURVE('',#3359,#3356,#3887,.T.);
#2732=EDGE_CURVE('',#3360,#3060,#3888,.T.);
#2733=EDGE_CURVE('',#3360,#3361,#3889,.T.);
#2734=EDGE_CURVE('',#3361,#3061,#3890,.T.);
#2735=EDGE_CURVE('',#3362,#3059,#3891,.T.);
#2736=EDGE_CURVE('',#3362,#3360,#3892,.T.);
#2737=EDGE_CURVE('',#3363,#3066,#3893,.T.);
#2738=EDGE_CURVE('',#3363,#3362,#3894,.T.);
#2739=EDGE_CURVE('',#3364,#3065,#3895,.T.);
#2740=EDGE_CURVE('',#3364,#3363,#3896,.T.);
#2741=EDGE_CURVE('',#3365,#3064,#3897,.T.);
#2742=EDGE_CURVE('',#3365,#3364,#3898,.T.);
#2743=EDGE_CURVE('',#3366,#3063,#3899,.T.);
#2744=EDGE_CURVE('',#3366,#3365,#3900,.T.);
#2745=EDGE_CURVE('',#3367,#3062,#3901,.T.);
#2746=EDGE_CURVE('',#3367,#3366,#3902,.T.);
#2747=EDGE_CURVE('',#3361,#3367,#3903,.T.);
#2748=EDGE_CURVE('',#3355,#3358,#3904,.T.);
#2749=EDGE_CURVE('',#3357,#3359,#3905,.T.);
#2750=EDGE_CURVE('',#3368,#3068,#3906,.T.);
#2751=EDGE_CURVE('',#3368,#3369,#365,.T.);
#2752=EDGE_CURVE('',#3369,#3069,#3907,.T.);
#2753=EDGE_CURVE('',#3370,#3067,#3908,.T.);
#2754=EDGE_CURVE('',#3370,#3368,#366,.T.);
#2755=EDGE_CURVE('',#3371,#3095,#3909,.T.);
#2756=EDGE_CURVE('',#3371,#3370,#367,.T.);
#2757=EDGE_CURVE('',#3372,#3094,#3910,.T.);
#2758=EDGE_CURVE('',#3372,#3371,#368,.T.);
#2759=EDGE_CURVE('',#3373,#3093,#3911,.T.);
#2760=EDGE_CURVE('',#3373,#3372,#369,.T.);
#2761=EDGE_CURVE('',#3374,#3092,#3912,.T.);
#2762=EDGE_CURVE('',#3374,#3373,#370,.T.);
#2763=EDGE_CURVE('',#3375,#3091,#3913,.T.);
#2764=EDGE_CURVE('',#3375,#3374,#371,.T.);
#2765=EDGE_CURVE('',#3376,#3090,#3914,.T.);
#2766=EDGE_CURVE('',#3376,#3375,#3915,.T.);
#2767=EDGE_CURVE('',#3377,#3089,#3916,.T.);
#2768=EDGE_CURVE('',#3377,#3376,#372,.T.);
#2769=EDGE_CURVE('',#3378,#3088,#3917,.T.);
#2770=EDGE_CURVE('',#3378,#3377,#373,.T.);
#2771=EDGE_CURVE('',#3379,#3087,#3918,.T.);
#2772=EDGE_CURVE('',#3379,#3378,#374,.T.);
#2773=EDGE_CURVE('',#3380,#3086,#3919,.T.);
#2774=EDGE_CURVE('',#3380,#3379,#375,.T.);
#2775=EDGE_CURVE('',#3381,#3085,#3920,.T.);
#2776=EDGE_CURVE('',#3381,#3380,#376,.T.);
#2777=EDGE_CURVE('',#3382,#3084,#3921,.T.);
#2778=EDGE_CURVE('',#3382,#3381,#377,.T.);
#2779=EDGE_CURVE('',#3383,#3083,#3922,.T.);
#2780=EDGE_CURVE('',#3383,#3382,#378,.T.);
#2781=EDGE_CURVE('',#3384,#3082,#3923,.T.);
#2782=EDGE_CURVE('',#3384,#3383,#379,.T.);
#2783=EDGE_CURVE('',#3385,#3081,#3924,.T.);
#2784=EDGE_CURVE('',#3385,#3384,#380,.T.);
#2785=EDGE_CURVE('',#3386,#3080,#3925,.T.);
#2786=EDGE_CURVE('',#3386,#3385,#381,.T.);
#2787=EDGE_CURVE('',#3387,#3079,#3926,.T.);
#2788=EDGE_CURVE('',#3387,#3386,#382,.T.);
#2789=EDGE_CURVE('',#3388,#3078,#3927,.T.);
#2790=EDGE_CURVE('',#3388,#3387,#383,.T.);
#2791=EDGE_CURVE('',#3389,#3077,#3928,.T.);
#2792=EDGE_CURVE('',#3389,#3388,#384,.T.);
#2793=EDGE_CURVE('',#3390,#3076,#3929,.T.);
#2794=EDGE_CURVE('',#3390,#3389,#385,.T.);
#2795=EDGE_CURVE('',#3391,#3075,#3930,.T.);
#2796=EDGE_CURVE('',#3391,#3390,#3931,.T.);
#2797=EDGE_CURVE('',#3392,#3074,#3932,.T.);
#2798=EDGE_CURVE('',#3392,#3391,#162,.F.);
#2799=EDGE_CURVE('',#3393,#3073,#3933,.T.);
#2800=EDGE_CURVE('',#3393,#3392,#386,.T.);
#2801=EDGE_CURVE('',#3394,#3072,#3934,.T.);
#2802=EDGE_CURVE('',#3394,#3393,#387,.T.);
#2803=EDGE_CURVE('',#3395,#3071,#3935,.T.);
#2804=EDGE_CURVE('',#3395,#3394,#388,.T.);
#2805=EDGE_CURVE('',#3396,#3070,#3936,.T.);
#2806=EDGE_CURVE('',#3396,#3395,#389,.T.);
#2807=EDGE_CURVE('',#3369,#3396,#390,.T.);
#2808=EDGE_CURVE('',#3397,#3097,#3937,.T.);
#2809=EDGE_CURVE('',#3397,#3398,#3938,.T.);
#2810=EDGE_CURVE('',#3398,#3098,#3939,.T.);
#2811=EDGE_CURVE('',#3399,#3096,#3940,.T.);
#2812=EDGE_CURVE('',#3399,#3397,#3941,.T.);
#2813=EDGE_CURVE('',#3400,#3108,#3942,.T.);
#2814=EDGE_CURVE('',#3400,#3399,#3943,.T.);
#2815=EDGE_CURVE('',#3401,#3107,#3944,.T.);
#2816=EDGE_CURVE('',#3401,#3400,#3945,.T.);
#2817=EDGE_CURVE('',#3402,#3106,#3946,.T.);
#2818=EDGE_CURVE('',#3402,#3401,#3947,.T.);
#2819=EDGE_CURVE('',#3403,#3105,#3948,.T.);
#2820=EDGE_CURVE('',#3403,#3402,#3949,.T.);
#2821=EDGE_CURVE('',#3404,#3104,#3950,.T.);
#2822=EDGE_CURVE('',#3404,#3403,#3951,.T.);
#2823=EDGE_CURVE('',#3405,#3103,#3952,.T.);
#2824=EDGE_CURVE('',#3405,#3404,#3953,.T.);
#2825=EDGE_CURVE('',#3406,#3102,#3954,.T.);
#2826=EDGE_CURVE('',#3406,#3405,#3955,.T.);
#2827=EDGE_CURVE('',#3407,#3101,#3956,.T.);
#2828=EDGE_CURVE('',#3407,#3406,#3957,.T.);
#2829=EDGE_CURVE('',#3408,#3100,#3958,.T.);
#2830=EDGE_CURVE('',#3408,#3407,#3959,.T.);
#2831=EDGE_CURVE('',#3409,#3099,#3960,.T.);
#2832=EDGE_CURVE('',#3409,#3408,#3961,.T.);
#2833=EDGE_CURVE('',#3398,#3409,#3962,.T.);
#2834=EDGE_CURVE('',#3410,#3110,#3963,.T.);
#2835=EDGE_CURVE('',#3410,#3411,#391,.T.);
#2836=EDGE_CURVE('',#3411,#3111,#3964,.T.);
#2837=EDGE_CURVE('',#3412,#3109,#3965,.T.);
#2838=EDGE_CURVE('',#3412,#3410,#392,.T.);
#2839=EDGE_CURVE('',#3413,#3116,#3966,.T.);
#2840=EDGE_CURVE('',#3413,#3412,#393,.T.);
#2841=EDGE_CURVE('',#3414,#3115,#3967,.T.);
#2842=EDGE_CURVE('',#3414,#3413,#394,.T.);
#2843=EDGE_CURVE('',#3415,#3114,#3968,.T.);
#2844=EDGE_CURVE('',#3415,#3414,#395,.T.);
#2845=EDGE_CURVE('',#3416,#3113,#3969,.T.);
#2846=EDGE_CURVE('',#3416,#3415,#396,.T.);
#2847=EDGE_CURVE('',#3417,#3112,#3970,.T.);
#2848=EDGE_CURVE('',#3417,#3416,#397,.T.);
#2849=EDGE_CURVE('',#3411,#3417,#398,.T.);
#2850=EDGE_CURVE('',#3418,#3118,#3971,.T.);
#2851=EDGE_CURVE('',#3418,#3419,#3972,.T.);
#2852=EDGE_CURVE('',#3419,#3119,#3973,.T.);
#2853=EDGE_CURVE('',#3420,#3117,#3974,.T.);
#2854=EDGE_CURVE('',#3420,#3418,#3975,.T.);
#2855=EDGE_CURVE('',#3421,#3120,#3976,.T.);
#2856=EDGE_CURVE('',#3421,#3420,#3977,.T.);
#2857=EDGE_CURVE('',#3419,#3421,#3978,.T.);
#2858=EDGE_CURVE('',#2894,#2880,#3979,.T.);
#2859=EDGE_CURVE('',#2893,#2878,#3980,.T.);
#2860=EDGE_CURVE('',#2895,#2879,#3981,.T.);
#2861=EDGE_CURVE('',#2901,#2883,#3982,.T.);
#2862=EDGE_CURVE('',#2900,#2881,#3983,.T.);
#2863=EDGE_CURVE('',#2902,#2882,#3984,.T.);
#2864=EDGE_CURVE('',#2891,#2886,#3985,.T.);
#2865=EDGE_CURVE('',#2890,#2885,#3986,.T.);
#2866=EDGE_CURVE('',#2892,#2884,#3987,.T.);
#2867=EDGE_CURVE('',#2904,#2889,#3988,.T.);
#2868=EDGE_CURVE('',#2903,#2887,#3989,.T.);
#2869=EDGE_CURVE('',#2905,#2888,#3990,.T.);
#2870=EDGE_CURVE('',#3136,#3139,#134,.F.);
#2871=EDGE_CURVE('',#3133,#3135,#135,.F.);
#2872=EDGE_CURVE('',#3134,#3138,#136,.F.);
#2873=EDGE_CURVE('',#3137,#3142,#137,.F.);
#2874=VERTEX_POINT('',#6916);
#2875=VERTEX_POINT('',#6917);
#2876=VERTEX_POINT('',#6919);
#2877=VERTEX_POINT('',#6921);
#2878=VERTEX_POINT('',#6924);
#2879=VERTEX_POINT('',#6925);
#2880=VERTEX_POINT('',#6927);
#2881=VERTEX_POINT('',#6930);
#2882=VERTEX_POINT('',#6931);
#2883=VERTEX_POINT('',#6933);
#2884=VERTEX_POINT('',#6936);
#2885=VERTEX_POINT('',#6937);
#2886=VERTEX_POINT('',#6939);
#2887=VERTEX_POINT('',#6942);
#2888=VERTEX_POINT('',#6943);
#2889=VERTEX_POINT('',#6945);
#2890=VERTEX_POINT('',#6949);
#2891=VERTEX_POINT('',#6950);
#2892=VERTEX_POINT('',#6952);
#2893=VERTEX_POINT('',#6955);
#2894=VERTEX_POINT('',#6956);
#2895=VERTEX_POINT('',#6958);
#2896=VERTEX_POINT('',#6961);
#2897=VERTEX_POINT('',#6962);
#2898=VERTEX_POINT('',#6964);
#2899=VERTEX_POINT('',#6966);
#2900=VERTEX_POINT('',#6969);
#2901=VERTEX_POINT('',#6970);
#2902=VERTEX_POINT('',#6972);
#2903=VERTEX_POINT('',#6975);
#2904=VERTEX_POINT('',#6976);
#2905=VERTEX_POINT('',#6978);
#2906=VERTEX_POINT('',#6982);
#2907=VERTEX_POINT('',#6983);
#2908=VERTEX_POINT('',#6985);
#2909=VERTEX_POINT('',#6987);
#2910=VERTEX_POINT('',#6989);
#2911=VERTEX_POINT('',#6991);
#2912=VERTEX_POINT('',#6993);
#2913=VERTEX_POINT('',#6997);
#2914=VERTEX_POINT('',#7001);
#2915=VERTEX_POINT('',#7005);
#2916=VERTEX_POINT('',#7009);
#2917=VERTEX_POINT('',#7011);
#2918=VERTEX_POINT('',#7013);
#2919=VERTEX_POINT('',#7018);
#2920=VERTEX_POINT('',#7019);
#2921=VERTEX_POINT('',#7023);
#2922=VERTEX_POINT('',#7027);
#2923=VERTEX_POINT('',#7031);
#2924=VERTEX_POINT('',#7035);
#2925=VERTEX_POINT('',#7039);
#2926=VERTEX_POINT('',#7043);
#2927=VERTEX_POINT('',#7048);
#2928=VERTEX_POINT('',#7049);
#2929=VERTEX_POINT('',#7051);
#2930=VERTEX_POINT('',#7053);
#2931=VERTEX_POINT('',#7058);
#2932=VERTEX_POINT('',#7059);
#2933=VERTEX_POINT('',#7063);
#2934=VERTEX_POINT('',#7067);
#2935=VERTEX_POINT('',#7071);
#2936=VERTEX_POINT('',#7075);
#2937=VERTEX_POINT('',#7079);
#2938=VERTEX_POINT('',#7083);
#2939=VERTEX_POINT('',#7090);
#2940=VERTEX_POINT('',#7091);
#2941=VERTEX_POINT('',#7095);
#2942=VERTEX_POINT('',#7099);
#2943=VERTEX_POINT('',#7103);
#2944=VERTEX_POINT('',#7107);
#2945=VERTEX_POINT('',#7111);
#2946=VERTEX_POINT('',#7115);
#2947=VERTEX_POINT('',#7120);
#2948=VERTEX_POINT('',#7121);
#2949=VERTEX_POINT('',#7123);
#2950=VERTEX_POINT('',#7125);
#2951=VERTEX_POINT('',#7127);
#2952=VERTEX_POINT('',#7131);
#2953=VERTEX_POINT('',#7133);
#2954=VERTEX_POINT('',#7135);
#2955=VERTEX_POINT('',#7137);
#2956=VERTEX_POINT('',#7139);
#2957=VERTEX_POINT('',#7143);
#2958=VERTEX_POINT('',#7147);
#2959=VERTEX_POINT('',#7149);
#2960=VERTEX_POINT('',#7151);
#2961=VERTEX_POINT('',#7156);
#2962=VERTEX_POINT('',#7157);
#2963=VERTEX_POINT('',#7161);
#2964=VERTEX_POINT('',#7165);
#2965=VERTEX_POINT('',#7169);
#2966=VERTEX_POINT('',#7173);
#2967=VERTEX_POINT('',#7177);
#2968=VERTEX_POINT('',#7181);
#2969=VERTEX_POINT('',#7186);
#2970=VERTEX_POINT('',#7187);
#2971=VERTEX_POINT('',#7189);
#2972=VERTEX_POINT('',#7191);
#2973=VERTEX_POINT('',#7193);
#2974=VERTEX_POINT('',#7195);
#2975=VERTEX_POINT('',#7197);
#2976=VERTEX_POINT('',#7201);
#2977=VERTEX_POINT('',#7205);
#2978=VERTEX_POINT('',#7209);
#2979=VERTEX_POINT('',#7211);
#2980=VERTEX_POINT('',#7213);
#2981=VERTEX_POINT('',#7217);
#2982=VERTEX_POINT('',#7221);
#2983=VERTEX_POINT('',#7223);
#2984=VERTEX_POINT('',#7225);
#2985=VERTEX_POINT('',#7227);
#2986=VERTEX_POINT('',#7229);
#2987=VERTEX_POINT('',#7232);
#2988=VERTEX_POINT('',#7233);
#2989=VERTEX_POINT('',#7237);
#2990=VERTEX_POINT('',#7241);
#2991=VERTEX_POINT('',#7243);
#2992=VERTEX_POINT('',#7245);
#2993=VERTEX_POINT('',#7247);
#2994=VERTEX_POINT('',#7251);
#2995=VERTEX_POINT('',#7255);
#2996=VERTEX_POINT('',#7259);
#2997=VERTEX_POINT('',#7261);
#2998=VERTEX_POINT('',#7263);
#2999=VERTEX_POINT('',#7265);
#3000=VERTEX_POINT('',#7267);
#3001=VERTEX_POINT('',#7270);
#3002=VERTEX_POINT('',#7271);
#3003=VERTEX_POINT('',#7273);
#3004=VERTEX_POINT('',#7275);
#3005=VERTEX_POINT('',#7277);
#3006=VERTEX_POINT('',#7279);
#3007=VERTEX_POINT('',#7281);
#3008=VERTEX_POINT('',#7284);
#3009=VERTEX_POINT('',#7285);
#3010=VERTEX_POINT('',#7287);
#3011=VERTEX_POINT('',#7289);
#3012=VERTEX_POINT('',#7291);
#3013=VERTEX_POINT('',#7293);
#3014=VERTEX_POINT('',#7295);
#3015=VERTEX_POINT('',#7299);
#3016=VERTEX_POINT('',#7303);
#3017=VERTEX_POINT('',#7307);
#3018=VERTEX_POINT('',#7311);
#3019=VERTEX_POINT('',#7313);
#3020=VERTEX_POINT('',#7315);
#3021=VERTEX_POINT('',#7318);
#3022=VERTEX_POINT('',#7319);
#3023=VERTEX_POINT('',#7321);
#3024=VERTEX_POINT('',#7325);
#3025=VERTEX_POINT('',#7329);
#3026=VERTEX_POINT('',#7331);
#3027=VERTEX_POINT('',#7335);
#3028=VERTEX_POINT('',#7339);
#3029=VERTEX_POINT('',#7341);
#3030=VERTEX_POINT('',#7343);
#3031=VERTEX_POINT('',#7345);
#3032=VERTEX_POINT('',#7349);
#3033=VERTEX_POINT('',#7353);
#3034=VERTEX_POINT('',#7357);
#3035=VERTEX_POINT('',#7361);
#3036=VERTEX_POINT('',#7364);
#3037=VERTEX_POINT('',#7365);
#3038=VERTEX_POINT('',#7367);
#3039=VERTEX_POINT('',#7369);
#3040=VERTEX_POINT('',#7372);
#3041=VERTEX_POINT('',#7373);
#3042=VERTEX_POINT('',#7375);
#3043=VERTEX_POINT('',#7377);
#3044=VERTEX_POINT('',#7381);
#3045=VERTEX_POINT('',#7385);
#3046=VERTEX_POINT('',#7389);
#3047=VERTEX_POINT('',#7393);
#3048=VERTEX_POINT('',#7397);
#3049=VERTEX_POINT('',#7401);
#3050=VERTEX_POINT('',#7405);
#3051=VERTEX_POINT('',#7410);
#3052=VERTEX_POINT('',#7411);
#3053=VERTEX_POINT('',#7413);
#3054=VERTEX_POINT('',#7415);
#3055=VERTEX_POINT('',#7417);
#3056=VERTEX_POINT('',#7419);
#3057=VERTEX_POINT('',#7421);
#3058=VERTEX_POINT('',#7423);
#3059=VERTEX_POINT('',#7426);
#3060=VERTEX_POINT('',#7427);
#3061=VERTEX_POINT('',#7429);
#3062=VERTEX_POINT('',#7431);
#3063=VERTEX_POINT('',#7433);
#3064=VERTEX_POINT('',#7435);
#3065=VERTEX_POINT('',#7437);
#3066=VERTEX_POINT('',#7439);
#3067=VERTEX_POINT('',#7444);
#3068=VERTEX_POINT('',#7445);
#3069=VERTEX_POINT('',#7449);
#3070=VERTEX_POINT('',#7453);
#3071=VERTEX_POINT('',#7457);
#3072=VERTEX_POINT('',#7461);
#3073=VERTEX_POINT('',#7465);
#3074=VERTEX_POINT('',#7469);
#3075=VERTEX_POINT('',#7471);
#3076=VERTEX_POINT('',#7473);
#3077=VERTEX_POINT('',#7477);
#3078=VERTEX_POINT('',#7481);
#3079=VERTEX_POINT('',#7485);
#3080=VERTEX_POINT('',#7489);
#3081=VERTEX_POINT('',#7493);
#3082=VERTEX_POINT('',#7497);
#3083=VERTEX_POINT('',#7501);
#3084=VERTEX_POINT('',#7505);
#3085=VERTEX_POINT('',#7509);
#3086=VERTEX_POINT('',#7513);
#3087=VERTEX_POINT('',#7517);
#3088=VERTEX_POINT('',#7521);
#3089=VERTEX_POINT('',#7525);
#3090=VERTEX_POINT('',#7529);
#3091=VERTEX_POINT('',#7531);
#3092=VERTEX_POINT('',#7535);
#3093=VERTEX_POINT('',#7539);
#3094=VERTEX_POINT('',#7543);
#3095=VERTEX_POINT('',#7547);
#3096=VERTEX_POINT('',#7552);
#3097=VERTEX_POINT('',#7553);
#3098=VERTEX_POINT('',#7555);
#3099=VERTEX_POINT('',#7557);
#3100=VERTEX_POINT('',#7559);
#3101=VERTEX_POINT('',#7561);
#3102=VERTEX_POINT('',#7563);
#3103=VERTEX_POINT('',#7565);
#3104=VERTEX_POINT('',#7567);
#3105=VERTEX_POINT('',#7569);
#3106=VERTEX_POINT('',#7571);
#3107=VERTEX_POINT('',#7573);
#3108=VERTEX_POINT('',#7575);
#3109=VERTEX_POINT('',#7580);
#3110=VERTEX_POINT('',#7581);
#3111=VERTEX_POINT('',#7585);
#3112=VERTEX_POINT('',#7589);
#3113=VERTEX_POINT('',#7593);
#3114=VERTEX_POINT('',#7597);
#3115=VERTEX_POINT('',#7601);
#3116=VERTEX_POINT('',#7605);
#3117=VERTEX_POINT('',#7610);
#3118=VERTEX_POINT('',#7611);
#3119=VERTEX_POINT('',#7613);
#3120=VERTEX_POINT('',#7615);
#3121=VERTEX_POINT('',#7619);
#3122=VERTEX_POINT('',#7620);
#3123=VERTEX_POINT('',#7622);
#3124=VERTEX_POINT('',#7624);
#3125=VERTEX_POINT('',#7631);
#3126=VERTEX_POINT('',#7632);
#3127=VERTEX_POINT('',#7634);
#3128=VERTEX_POINT('',#7636);
#3129=VERTEX_POINT('',#7640);
#3130=VERTEX_POINT('',#7641);
#3131=VERTEX_POINT('',#7643);
#3132=VERTEX_POINT('',#7645);
#3133=VERTEX_POINT('',#7652);
#3134=VERTEX_POINT('',#7654);
#3135=VERTEX_POINT('',#7658);
#3136=VERTEX_POINT('',#7659);
#3137=VERTEX_POINT('',#7661);
#3138=VERTEX_POINT('',#7663);
#3139=VERTEX_POINT('',#7667);
#3140=VERTEX_POINT('',#7668);
#3141=VERTEX_POINT('',#7670);
#3142=VERTEX_POINT('',#7672);
#3143=VERTEX_POINT('',#7678);
#3144=VERTEX_POINT('',#7685);
#3145=VERTEX_POINT('',#7699);
#3146=VERTEX_POINT('',#7701);
#3147=VERTEX_POINT('',#7705);
#3148=VERTEX_POINT('',#7709);
#3149=VERTEX_POINT('',#7720);
#3150=VERTEX_POINT('',#7733);
#3151=VERTEX_POINT('',#7746);
#3152=VERTEX_POINT('',#7759);
#3153=VERTEX_POINT('',#7765);
#3154=VERTEX_POINT('',#7769);
#3155=VERTEX_POINT('',#7773);
#3156=VERTEX_POINT('',#7784);
#3157=VERTEX_POINT('',#7797);
#3158=VERTEX_POINT('',#7803);
#3159=VERTEX_POINT('',#7814);
#3160=VERTEX_POINT('',#7832);
#3161=VERTEX_POINT('',#7833);
#3162=VERTEX_POINT('',#7835);
#3163=VERTEX_POINT('',#7837);
#3164=VERTEX_POINT('',#7841);
#3165=VERTEX_POINT('',#7843);
#3166=VERTEX_POINT('',#7847);
#3167=VERTEX_POINT('',#7849);
#3168=VERTEX_POINT('',#7862);
#3169=VERTEX_POINT('',#7864);
#3170=VERTEX_POINT('',#7879);
#3171=VERTEX_POINT('',#7881);
#3172=VERTEX_POINT('',#7896);
#3173=VERTEX_POINT('',#7898);
#3174=VERTEX_POINT('',#7904);
#3175=VERTEX_POINT('',#7905);
#3176=VERTEX_POINT('',#7907);
#3177=VERTEX_POINT('',#7909);
#3178=VERTEX_POINT('',#7913);
#3179=VERTEX_POINT('',#7915);
#3180=VERTEX_POINT('',#7928);
#3181=VERTEX_POINT('',#7930);
#3182=VERTEX_POINT('',#7945);
#3183=VERTEX_POINT('',#7947);
#3184=VERTEX_POINT('',#7962);
#3185=VERTEX_POINT('',#7964);
#3186=VERTEX_POINT('',#7970);
#3187=VERTEX_POINT('',#7972);
#3188=VERTEX_POINT('',#7976);
#3189=VERTEX_POINT('',#7987);
#3190=VERTEX_POINT('',#8000);
#3191=VERTEX_POINT('',#8013);
#3192=VERTEX_POINT('',#8026);
#3193=VERTEX_POINT('',#8039);
#3194=VERTEX_POINT('',#8052);
#3195=VERTEX_POINT('',#8065);
#3196=VERTEX_POINT('',#8078);
#3197=VERTEX_POINT('',#8105);
#3198=VERTEX_POINT('',#8106);
#3199=VERTEX_POINT('',#8108);
#3200=VERTEX_POINT('',#8110);
#3201=VERTEX_POINT('',#8114);
#3202=VERTEX_POINT('',#8116);
#3203=VERTEX_POINT('',#8120);
#3204=VERTEX_POINT('',#8122);
#3205=VERTEX_POINT('',#8135);
#3206=VERTEX_POINT('',#8137);
#3207=VERTEX_POINT('',#8152);
#3208=VERTEX_POINT('',#8154);
#3209=VERTEX_POINT('',#8169);
#3210=VERTEX_POINT('',#8171);
#3211=VERTEX_POINT('',#8177);
#3212=VERTEX_POINT('',#8179);
#3213=VERTEX_POINT('',#8183);
#3214=VERTEX_POINT('',#8187);
#3215=VERTEX_POINT('',#8191);
#3216=VERTEX_POINT('',#8195);
#3217=VERTEX_POINT('',#8206);
#3218=VERTEX_POINT('',#8219);
#3219=VERTEX_POINT('',#8232);
#3220=VERTEX_POINT('',#8245);
#3221=VERTEX_POINT('',#8251);
#3222=VERTEX_POINT('',#8255);
#3223=VERTEX_POINT('',#8259);
#3224=VERTEX_POINT('',#8280);
#3225=VERTEX_POINT('',#8282);
#3226=VERTEX_POINT('',#8286);
#3227=VERTEX_POINT('',#8290);
#3228=VERTEX_POINT('',#8294);
#3229=VERTEX_POINT('',#8298);
#3230=VERTEX_POINT('',#8302);
#3231=VERTEX_POINT('',#8316);
#3232=VERTEX_POINT('',#8320);
#3233=VERTEX_POINT('',#8324);
#3234=VERTEX_POINT('',#8328);
#3235=VERTEX_POINT('',#8332);
#3236=VERTEX_POINT('',#8336);
#3237=VERTEX_POINT('',#8340);
#3238=VERTEX_POINT('',#8344);
#3239=VERTEX_POINT('',#8355);
#3240=VERTEX_POINT('',#8368);
#3241=VERTEX_POINT('',#8381);
#3242=VERTEX_POINT('',#8387);
#3243=VERTEX_POINT('',#8391);
#3244=VERTEX_POINT('',#8395);
#3245=VERTEX_POINT('',#8411);
#3246=VERTEX_POINT('',#8413);
#3247=VERTEX_POINT('',#8417);
#3248=VERTEX_POINT('',#8421);
#3249=VERTEX_POINT('',#8425);
#3250=VERTEX_POINT('',#8429);
#3251=VERTEX_POINT('',#8433);
#3252=VERTEX_POINT('',#8437);
#3253=VERTEX_POINT('',#8448);
#3254=VERTEX_POINT('',#8461);
#3255=VERTEX_POINT('',#8467);
#3256=VERTEX_POINT('',#8471);
#3257=VERTEX_POINT('',#8482);
#3258=VERTEX_POINT('',#8495);
#3259=VERTEX_POINT('',#8508);
#3260=VERTEX_POINT('',#8514);
#3261=VERTEX_POINT('',#8518);
#3262=VERTEX_POINT('',#8522);
#3263=VERTEX_POINT('',#8536);
#3264=VERTEX_POINT('',#8540);
#3265=VERTEX_POINT('',#8551);
#3266=VERTEX_POINT('',#8564);
#3267=VERTEX_POINT('',#8577);
#3268=VERTEX_POINT('',#8590);
#3269=VERTEX_POINT('',#8603);
#3270=VERTEX_POINT('',#8616);
#3271=VERTEX_POINT('',#8634);
#3272=VERTEX_POINT('',#8636);
#3273=VERTEX_POINT('',#8640);
#3274=VERTEX_POINT('',#8644);
#3275=VERTEX_POINT('',#8648);
#3276=VERTEX_POINT('',#8652);
#3277=VERTEX_POINT('',#8663);
#3278=VERTEX_POINT('',#8676);
#3279=VERTEX_POINT('',#8682);
#3280=VERTEX_POINT('',#8686);
#3281=VERTEX_POINT('',#8690);
#3282=VERTEX_POINT('',#8694);
#3283=VERTEX_POINT('',#8705);
#3284=VERTEX_POINT('',#8711);
#3285=VERTEX_POINT('',#8725);
#3286=VERTEX_POINT('',#8729);
#3287=VERTEX_POINT('',#8740);
#3288=VERTEX_POINT('',#8753);
#3289=VERTEX_POINT('',#8766);
#3290=VERTEX_POINT('',#8779);
#3291=VERTEX_POINT('',#8792);
#3292=VERTEX_POINT('',#8805);
#3293=VERTEX_POINT('',#8830);
#3294=VERTEX_POINT('',#8834);
#3295=VERTEX_POINT('',#8845);
#3296=VERTEX_POINT('',#8858);
#3297=VERTEX_POINT('',#8871);
#3298=VERTEX_POINT('',#8884);
#3299=VERTEX_POINT('',#8897);
#3300=VERTEX_POINT('',#8910);
#3301=VERTEX_POINT('',#8928);
#3302=VERTEX_POINT('',#8930);
#3303=VERTEX_POINT('',#8934);
#3304=VERTEX_POINT('',#8938);
#3305=VERTEX_POINT('',#8952);
#3306=VERTEX_POINT('',#8956);
#3307=VERTEX_POINT('',#8967);
#3308=VERTEX_POINT('',#8980);
#3309=VERTEX_POINT('',#8993);
#3310=VERTEX_POINT('',#9006);
#3311=VERTEX_POINT('',#9019);
#3312=VERTEX_POINT('',#9032);
#3313=VERTEX_POINT('',#9050);
#3314=VERTEX_POINT('',#9051);
#3315=VERTEX_POINT('',#9053);
#3316=VERTEX_POINT('',#9055);
#3317=VERTEX_POINT('',#9059);
#3318=VERTEX_POINT('',#9061);
#3319=VERTEX_POINT('',#9065);
#3320=VERTEX_POINT('',#9067);
#3321=VERTEX_POINT('',#9071);
#3322=VERTEX_POINT('',#9075);
#3323=VERTEX_POINT('',#9079);
#3324=VERTEX_POINT('',#9083);
#3325=VERTEX_POINT('',#9087);
#3326=VERTEX_POINT('',#9091);
#3327=VERTEX_POINT('',#9101);
#3328=VERTEX_POINT('',#9102);
#3329=VERTEX_POINT('',#9104);
#3330=VERTEX_POINT('',#9106);
#3331=VERTEX_POINT('',#9110);
#3332=VERTEX_POINT('',#9112);
#3333=VERTEX_POINT('',#9116);
#3334=VERTEX_POINT('',#9118);
#3335=VERTEX_POINT('',#9131);
#3336=VERTEX_POINT('',#9133);
#3337=VERTEX_POINT('',#9148);
#3338=VERTEX_POINT('',#9150);
#3339=VERTEX_POINT('',#9165);
#3340=VERTEX_POINT('',#9167);
#3341=VERTEX_POINT('',#9173);
#3342=VERTEX_POINT('',#9175);
#3343=VERTEX_POINT('',#9179);
#3344=VERTEX_POINT('',#9183);
#3345=VERTEX_POINT('',#9187);
#3346=VERTEX_POINT('',#9191);
#3347=VERTEX_POINT('',#9202);
#3348=VERTEX_POINT('',#9215);
#3349=VERTEX_POINT('',#9228);
#3350=VERTEX_POINT('',#9241);
#3351=VERTEX_POINT('',#9247);
#3352=VERTEX_POINT('',#9251);
#3353=VERTEX_POINT('',#9255);
#3354=VERTEX_POINT('',#9276);
#3355=VERTEX_POINT('',#9277);
#3356=VERTEX_POINT('',#9279);
#3357=VERTEX_POINT('',#9281);
#3358=VERTEX_POINT('',#9285);
#3359=VERTEX_POINT('',#9287);
#3360=VERTEX_POINT('',#9291);
#3361=VERTEX_POINT('',#9293);
#3362=VERTEX_POINT('',#9297);
#3363=VERTEX_POINT('',#9301);
#3364=VERTEX_POINT('',#9305);
#3365=VERTEX_POINT('',#9309);
#3366=VERTEX_POINT('',#9313);
#3367=VERTEX_POINT('',#9317);
#3368=VERTEX_POINT('',#9334);
#3369=VERTEX_POINT('',#9338);
#3370=VERTEX_POINT('',#9349);
#3371=VERTEX_POINT('',#9362);
#3372=VERTEX_POINT('',#9375);
#3373=VERTEX_POINT('',#9388);
#3374=VERTEX_POINT('',#9401);
#3375=VERTEX_POINT('',#9414);
#3376=VERTEX_POINT('',#9420);
#3377=VERTEX_POINT('',#9431);
#3378=VERTEX_POINT('',#9444);
#3379=VERTEX_POINT('',#9457);
#3380=VERTEX_POINT('',#9470);
#3381=VERTEX_POINT('',#9483);
#3382=VERTEX_POINT('',#9496);
#3383=VERTEX_POINT('',#9509);
#3384=VERTEX_POINT('',#9522);
#3385=VERTEX_POINT('',#9535);
#3386=VERTEX_POINT('',#9548);
#3387=VERTEX_POINT('',#9561);
#3388=VERTEX_POINT('',#9574);
#3389=VERTEX_POINT('',#9587);
#3390=VERTEX_POINT('',#9600);
#3391=VERTEX_POINT('',#9606);
#3392=VERTEX_POINT('',#9610);
#3393=VERTEX_POINT('',#9621);
#3394=VERTEX_POINT('',#9634);
#3395=VERTEX_POINT('',#9647);
#3396=VERTEX_POINT('',#9660);
#3397=VERTEX_POINT('',#9678);
#3398=VERTEX_POINT('',#9680);
#3399=VERTEX_POINT('',#9684);
#3400=VERTEX_POINT('',#9688);
#3401=VERTEX_POINT('',#9692);
#3402=VERTEX_POINT('',#9696);
#3403=VERTEX_POINT('',#9700);
#3404=VERTEX_POINT('',#9704);
#3405=VERTEX_POINT('',#9708);
#3406=VERTEX_POINT('',#9712);
#3407=VERTEX_POINT('',#9716);
#3408=VERTEX_POINT('',#9720);
#3409=VERTEX_POINT('',#9724);
#3410=VERTEX_POINT('',#9738);
#3411=VERTEX_POINT('',#9742);
#3412=VERTEX_POINT('',#9753);
#3413=VERTEX_POINT('',#9766);
#3414=VERTEX_POINT('',#9779);
#3415=VERTEX_POINT('',#9792);
#3416=VERTEX_POINT('',#9805);
#3417=VERTEX_POINT('',#9818);
#3418=VERTEX_POINT('',#9836);
#3419=VERTEX_POINT('',#9838);
#3420=VERTEX_POINT('',#9842);
#3421=VERTEX_POINT('',#9846);
#3422=LINE('',#6915,#3991);
#3423=LINE('',#6918,#3992);
#3424=LINE('',#6920,#3993);
#3425=LINE('',#6922,#3994);
#3426=LINE('',#6923,#3995);
#3427=LINE('',#6926,#3996);
#3428=LINE('',#6928,#3997);
#3429=LINE('',#6929,#3998);
#3430=LINE('',#6932,#3999);
#3431=LINE('',#6934,#4000);
#3432=LINE('',#6935,#4001);
#3433=LINE('',#6938,#4002);
#3434=LINE('',#6940,#4003);
#3435=LINE('',#6941,#4004);
#3436=LINE('',#6944,#4005);
#3437=LINE('',#6946,#4006);
#3438=LINE('',#6948,#4007);
#3439=LINE('',#6951,#4008);
#3440=LINE('',#6953,#4009);
#3441=LINE('',#6954,#4010);
#3442=LINE('',#6957,#4011);
#3443=LINE('',#6959,#4012);
#3444=LINE('',#6960,#4013);
#3445=LINE('',#6963,#4014);
#3446=LINE('',#6965,#4015);
#3447=LINE('',#6967,#4016);
#3448=LINE('',#6968,#4017);
#3449=LINE('',#6971,#4018);
#3450=LINE('',#6973,#4019);
#3451=LINE('',#6974,#4020);
#3452=LINE('',#6977,#4021);
#3453=LINE('',#6979,#4022);
#3454=LINE('',#6981,#4023);
#3455=LINE('',#6984,#4024);
#3456=LINE('',#6986,#4025);
#3457=LINE('',#6988,#4026);
#3458=LINE('',#6990,#4027);
#3459=LINE('',#6992,#4028);
#3460=LINE('',#7010,#4029);
#3461=LINE('',#7012,#4030);
#3462=LINE('',#7014,#4031);
#3463=LINE('',#7047,#4032);
#3464=LINE('',#7050,#4033);
#3465=LINE('',#7052,#4034);
#3466=LINE('',#7054,#4035);
#3467=LINE('',#7119,#4036);
#3468=LINE('',#7122,#4037);
#3469=LINE('',#7124,#4038);
#3470=LINE('',#7126,#4039);
#3471=LINE('',#7132,#4040);
#3472=LINE('',#7134,#4041);
#3473=LINE('',#7136,#4042);
#3474=LINE('',#7138,#4043);
#3475=LINE('',#7148,#4044);
#3476=LINE('',#7150,#4045);
#3477=LINE('',#7152,#4046);
#3478=LINE('',#7185,#4047);
#3479=LINE('',#7188,#4048);
#3480=LINE('',#7190,#4049);
#3481=LINE('',#7192,#4050);
#3482=LINE('',#7194,#4051);
#3483=LINE('',#7196,#4052);
#3484=LINE('',#7210,#4053);
#3485=LINE('',#7222,#4054);
#3486=LINE('',#7224,#4055);
#3487=LINE('',#7226,#4056);
#3488=LINE('',#7228,#4057);
#3489=LINE('',#7230,#4058);
#3490=LINE('',#7231,#4059);
#3491=LINE('',#7242,#4060);
#3492=LINE('',#7244,#4061);
#3493=LINE('',#7246,#4062);
#3494=LINE('',#7262,#4063);
#3495=LINE('',#7264,#4064);
#3496=LINE('',#7266,#4065);
#3497=LINE('',#7268,#4066);
#3498=LINE('',#7269,#4067);
#3499=LINE('',#7272,#4068);
#3500=LINE('',#7274,#4069);
#3501=LINE('',#7276,#4070);
#3502=LINE('',#7278,#4071);
#3503=LINE('',#7280,#4072);
#3504=LINE('',#7282,#4073);
#3505=LINE('',#7283,#4074);
#3506=LINE('',#7286,#4075);
#3507=LINE('',#7288,#4076);
#3508=LINE('',#7290,#4077);
#3509=LINE('',#7292,#4078);
#3510=LINE('',#7294,#4079);
#3511=LINE('',#7312,#4080);
#3512=LINE('',#7314,#4081);
#3513=LINE('',#7316,#4082);
#3514=LINE('',#7317,#4083);
#3515=LINE('',#7320,#4084);
#3516=LINE('',#7330,#4085);
#3517=LINE('',#7340,#4086);
#3518=LINE('',#7342,#4087);
#3519=LINE('',#7344,#4088);
#3520=LINE('',#7362,#4089);
#3521=LINE('',#7363,#4090);
#3522=LINE('',#7366,#4091);
#3523=LINE('',#7368,#4092);
#3524=LINE('',#7370,#4093);
#3525=LINE('',#7371,#4094);
#3526=LINE('',#7374,#4095);
#3527=LINE('',#7376,#4096);
#3528=LINE('',#7409,#4097);
#3529=LINE('',#7412,#4098);
#3530=LINE('',#7414,#4099);
#3531=LINE('',#7416,#4100);
#3532=LINE('',#7418,#4101);
#3533=LINE('',#7420,#4102);
#3534=LINE('',#7422,#4103);
#3535=LINE('',#7424,#4104);
#3536=LINE('',#7425,#4105);
#3537=LINE('',#7428,#4106);
#3538=LINE('',#7430,#4107);
#3539=LINE('',#7432,#4108);
#3540=LINE('',#7434,#4109);
#3541=LINE('',#7436,#4110);
#3542=LINE('',#7438,#4111);
#3543=LINE('',#7440,#4112);
#3544=LINE('',#7472,#4113);
#3545=LINE('',#7530,#4114);
#3546=LINE('',#7551,#4115);
#3547=LINE('',#7554,#4116);
#3548=LINE('',#7556,#4117);
#3549=LINE('',#7558,#4118);
#3550=LINE('',#7560,#4119);
#3551=LINE('',#7562,#4120);
#3552=LINE('',#7564,#4121);
#3553=LINE('',#7566,#4122);
#3554=LINE('',#7568,#4123);
#3555=LINE('',#7570,#4124);
#3556=LINE('',#7572,#4125);
#3557=LINE('',#7574,#4126);
#3558=LINE('',#7576,#4127);
#3559=LINE('',#7609,#4128);
#3560=LINE('',#7612,#4129);
#3561=LINE('',#7614,#4130);
#3562=LINE('',#7616,#4131);
#3563=LINE('',#7618,#4132);
#3564=LINE('',#7621,#4133);
#3565=LINE('',#7623,#4134);
#3566=LINE('',#7625,#4135);
#3567=LINE('',#7627,#4136);
#3568=LINE('',#7628,#4137);
#3569=LINE('',#7630,#4138);
#3570=LINE('',#7633,#4139);
#3571=LINE('',#7635,#4140);
#3572=LINE('',#7637,#4141);
#3573=LINE('',#7639,#4142);
#3574=LINE('',#7642,#4143);
#3575=LINE('',#7644,#4144);
#3576=LINE('',#7646,#4145);
#3577=LINE('',#7648,#4146);
#3578=LINE('',#7649,#4147);
#3579=LINE('',#7651,#4148);
#3580=LINE('',#7653,#4149);
#3581=LINE('',#7655,#4150);
#3582=LINE('',#7657,#4151);
#3583=LINE('',#7660,#4152);
#3584=LINE('',#7662,#4153);
#3585=LINE('',#7664,#4154);
#3586=LINE('',#7666,#4155);
#3587=LINE('',#7669,#4156);
#3588=LINE('',#7671,#4157);
#3589=LINE('',#7673,#4158);
#3590=LINE('',#7679,#4159);
#3591=LINE('',#7680,#4160);
#3592=LINE('',#7683,#4161);
#3593=LINE('',#7684,#4162);
#3594=LINE('',#7698,#4163);
#3595=LINE('',#7700,#4164);
#3596=LINE('',#7702,#4165);
#3597=LINE('',#7704,#4166);
#3598=LINE('',#7706,#4167);
#3599=LINE('',#7708,#4168);
#3600=LINE('',#7710,#4169);
#3601=LINE('',#7719,#4170);
#3602=LINE('',#7732,#4171);
#3603=LINE('',#7745,#4172);
#3604=LINE('',#7758,#4173);
#3605=LINE('',#7764,#4174);
#3606=LINE('',#7766,#4175);
#3607=LINE('',#7768,#4176);
#3608=LINE('',#7770,#4177);
#3609=LINE('',#7772,#4178);
#3610=LINE('',#7774,#4179);
#3611=LINE('',#7783,#4180);
#3612=LINE('',#7796,#4181);
#3613=LINE('',#7802,#4182);
#3614=LINE('',#7804,#4183);
#3615=LINE('',#7813,#4184);
#3616=LINE('',#7831,#4185);
#3617=LINE('',#7834,#4186);
#3618=LINE('',#7836,#4187);
#3619=LINE('',#7838,#4188);
#3620=LINE('',#7840,#4189);
#3621=LINE('',#7842,#4190);
#3622=LINE('',#7844,#4191);
#3623=LINE('',#7846,#4192);
#3624=LINE('',#7848,#4193);
#3625=LINE('',#7850,#4194);
#3626=LINE('',#7863,#4195);
#3627=LINE('',#7880,#4196);
#3628=LINE('',#7897,#4197);
#3629=LINE('',#7903,#4198);
#3630=LINE('',#7906,#4199);
#3631=LINE('',#7908,#4200);
#3632=LINE('',#7910,#4201);
#3633=LINE('',#7912,#4202);
#3634=LINE('',#7914,#4203);
#3635=LINE('',#7916,#4204);
#3636=LINE('',#7929,#4205);
#3637=LINE('',#7946,#4206);
#3638=LINE('',#7963,#4207);
#3639=LINE('',#7969,#4208);
#3640=LINE('',#7971,#4209);
#3641=LINE('',#7973,#4210);
#3642=LINE('',#7975,#4211);
#3643=LINE('',#7977,#4212);
#3644=LINE('',#7986,#4213);
#3645=LINE('',#7999,#4214);
#3646=LINE('',#8012,#4215);
#3647=LINE('',#8025,#4216);
#3648=LINE('',#8038,#4217);
#3649=LINE('',#8051,#4218);
#3650=LINE('',#8064,#4219);
#3651=LINE('',#8077,#4220);
#3652=LINE('',#8083,#4221);
#3653=LINE('',#8084,#4222);
#3654=LINE('',#8086,#4223);
#3655=LINE('',#8104,#4224);
#3656=LINE('',#8107,#4225);
#3657=LINE('',#8109,#4226);
#3658=LINE('',#8111,#4227);
#3659=LINE('',#8113,#4228);
#3660=LINE('',#8115,#4229);
#3661=LINE('',#8117,#4230);
#3662=LINE('',#8119,#4231);
#3663=LINE('',#8121,#4232);
#3664=LINE('',#8123,#4233);
#3665=LINE('',#8136,#4234);
#3666=LINE('',#8153,#4235);
#3667=LINE('',#8170,#4236);
#3668=LINE('',#8176,#4237);
#3669=LINE('',#8178,#4238);
#3670=LINE('',#8180,#4239);
#3671=LINE('',#8182,#4240);
#3672=LINE('',#8184,#4241);
#3673=LINE('',#8186,#4242);
#3674=LINE('',#8188,#4243);
#3675=LINE('',#8190,#4244);
#3676=LINE('',#8192,#4245);
#3677=LINE('',#8194,#4246);
#3678=LINE('',#8196,#4247);
#3679=LINE('',#8205,#4248);
#3680=LINE('',#8218,#4249);
#3681=LINE('',#8231,#4250);
#3682=LINE('',#8244,#4251);
#3683=LINE('',#8250,#4252);
#3684=LINE('',#8252,#4253);
#3685=LINE('',#8254,#4254);
#3686=LINE('',#8256,#4255);
#3687=LINE('',#8258,#4256);
#3688=LINE('',#8260,#4257);
#3689=LINE('',#8262,#4258);
#3690=LINE('',#8279,#4259);
#3691=LINE('',#8281,#4260);
#3692=LINE('',#8283,#4261);
#3693=LINE('',#8285,#4262);
#3694=LINE('',#8287,#4263);
#3695=LINE('',#8289,#4264);
#3696=LINE('',#8291,#4265);
#3697=LINE('',#8293,#4266);
#3698=LINE('',#8295,#4267);
#3699=LINE('',#8297,#4268);
#3700=LINE('',#8299,#4269);
#3701=LINE('',#8301,#4270);
#3702=LINE('',#8303,#4271);
#3703=LINE('',#8305,#4272);
#3704=LINE('',#8315,#4273);
#3705=LINE('',#8321,#4274);
#3706=LINE('',#8323,#4275);
#3707=LINE('',#8325,#4276);
#3708=LINE('',#8327,#4277);
#3709=LINE('',#8329,#4278);
#3710=LINE('',#8331,#4279);
#3711=LINE('',#8333,#4280);
#3712=LINE('',#8335,#4281);
#3713=LINE('',#8337,#4282);
#3714=LINE('',#8339,#4283);
#3715=LINE('',#8341,#4284);
#3716=LINE('',#8343,#4285);
#3717=LINE('',#8354,#4286);
#3718=LINE('',#8367,#4287);
#3719=LINE('',#8380,#4288);
#3720=LINE('',#8386,#4289);
#3721=LINE('',#8388,#4290);
#3722=LINE('',#8390,#4291);
#3723=LINE('',#8392,#4292);
#3724=LINE('',#8394,#4293);
#3725=LINE('',#8396,#4294);
#3726=LINE('',#8410,#4295);
#3727=LINE('',#8412,#4296);
#3728=LINE('',#8414,#4297);
#3729=LINE('',#8416,#4298);
#3730=LINE('',#8418,#4299);
#3731=LINE('',#8420,#4300);
#3732=LINE('',#8422,#4301);
#3733=LINE('',#8424,#4302);
#3734=LINE('',#8426,#4303);
#3735=LINE('',#8428,#4304);
#3736=LINE('',#8430,#4305);
#3737=LINE('',#8432,#4306);
#3738=LINE('',#8434,#4307);
#3739=LINE('',#8436,#4308);
#3740=LINE('',#8438,#4309);
#3741=LINE('',#8447,#4310);
#3742=LINE('',#8460,#4311);
#3743=LINE('',#8466,#4312);
#3744=LINE('',#8470,#4313);
#3745=LINE('',#8472,#4314);
#3746=LINE('',#8481,#4315);
#3747=LINE('',#8494,#4316);
#3748=LINE('',#8507,#4317);
#3749=LINE('',#8513,#4318);
#3750=LINE('',#8515,#4319);
#3751=LINE('',#8517,#4320);
#3752=LINE('',#8519,#4321);
#3753=LINE('',#8521,#4322);
#3754=LINE('',#8523,#4323);
#3755=LINE('',#8525,#4324);
#3756=LINE('',#8535,#4325);
#3757=LINE('',#8541,#4326);
#3758=LINE('',#8550,#4327);
#3759=LINE('',#8563,#4328);
#3760=LINE('',#8576,#4329);
#3761=LINE('',#8589,#4330);
#3762=LINE('',#8602,#4331);
#3763=LINE('',#8615,#4332);
#3764=LINE('',#8633,#4333);
#3765=LINE('',#8635,#4334);
#3766=LINE('',#8637,#4335);
#3767=LINE('',#8639,#4336);
#3768=LINE('',#8641,#4337);
#3769=LINE('',#8643,#4338);
#3770=LINE('',#8645,#4339);
#3771=LINE('',#8647,#4340);
#3772=LINE('',#8649,#4341);
#3773=LINE('',#8651,#4342);
#3774=LINE('',#8653,#4343);
#3775=LINE('',#8662,#4344);
#3776=LINE('',#8675,#4345);
#3777=LINE('',#8681,#4346);
#3778=LINE('',#8683,#4347);
#3779=LINE('',#8685,#4348);
#3780=LINE('',#8687,#4349);
#3781=LINE('',#8689,#4350);
#3782=LINE('',#8691,#4351);
#3783=LINE('',#8693,#4352);
#3784=LINE('',#8695,#4353);
#3785=LINE('',#8704,#4354);
#3786=LINE('',#8710,#4355);
#3787=LINE('',#8712,#4356);
#3788=LINE('',#8714,#4357);
#3789=LINE('',#8724,#4358);
#3790=LINE('',#8730,#4359);
#3791=LINE('',#8739,#4360);
#3792=LINE('',#8752,#4361);
#3793=LINE('',#8765,#4362);
#3794=LINE('',#8778,#4363);
#3795=LINE('',#8791,#4364);
#3796=LINE('',#8804,#4365);
#3797=LINE('',#8829,#4366);
#3798=LINE('',#8835,#4367);
#3799=LINE('',#8844,#4368);
#3800=LINE('',#8857,#4369);
#3801=LINE('',#8870,#4370);
#3802=LINE('',#8883,#4371);
#3803=LINE('',#8896,#4372);
#3804=LINE('',#8909,#4373);
#3805=LINE('',#8927,#4374);
#3806=LINE('',#8929,#4375);
#3807=LINE('',#8931,#4376);
#3808=LINE('',#8933,#4377);
#3809=LINE('',#8935,#4378);
#3810=LINE('',#8937,#4379);
#3811=LINE('',#8939,#4380);
#3812=LINE('',#8941,#4381);
#3813=LINE('',#8951,#4382);
#3814=LINE('',#8957,#4383);
#3815=LINE('',#8966,#4384);
#3816=LINE('',#8979,#4385);
#3817=LINE('',#8992,#4386);
#3818=LINE('',#9005,#4387);
#3819=LINE('',#9018,#4388);
#3820=LINE('',#9031,#4389);
#3821=LINE('',#9049,#4390);
#3822=LINE('',#9052,#4391);
#3823=LINE('',#9054,#4392);
#3824=LINE('',#9056,#4393);
#3825=LINE('',#9058,#4394);
#3826=LINE('',#9060,#4395);
#3827=LINE('',#9062,#4396);
#3828=LINE('',#9064,#4397);
#3829=LINE('',#9066,#4398);
#3830=LINE('',#9068,#4399);
#3831=LINE('',#9070,#4400);
#3832=LINE('',#9072,#4401);
#3833=LINE('',#9074,#4402);
#3834=LINE('',#9076,#4403);
#3835=LINE('',#9078,#4404);
#3836=LINE('',#9080,#4405);
#3837=LINE('',#9082,#4406);
#3838=LINE('',#9084,#4407);
#3839=LINE('',#9086,#4408);
#3840=LINE('',#9088,#4409);
#3841=LINE('',#9090,#4410);
#3842=LINE('',#9092,#4411);
#3843=LINE('',#9094,#4412);
#3844=LINE('',#9096,#4413);
#3845=LINE('',#9097,#4414);
#3846=LINE('',#9100,#4415);
#3847=LINE('',#9103,#4416);
#3848=LINE('',#9105,#4417);
#3849=LINE('',#9107,#4418);
#3850=LINE('',#9109,#4419);
#3851=LINE('',#9111,#4420);
#3852=LINE('',#9113,#4421);
#3853=LINE('',#9115,#4422);
#3854=LINE('',#9117,#4423);
#3855=LINE('',#9119,#4424);
#3856=LINE('',#9132,#4425);
#3857=LINE('',#9149,#4426);
#3858=LINE('',#9166,#4427);
#3859=LINE('',#9172,#4428);
#3860=LINE('',#9174,#4429);
#3861=LINE('',#9176,#4430);
#3862=LINE('',#9178,#4431);
#3863=LINE('',#9180,#4432);
#3864=LINE('',#9182,#4433);
#3865=LINE('',#9184,#4434);
#3866=LINE('',#9186,#4435);
#3867=LINE('',#9188,#4436);
#3868=LINE('',#9190,#4437);
#3869=LINE('',#9192,#4438);
#3870=LINE('',#9201,#4439);
#3871=LINE('',#9214,#4440);
#3872=LINE('',#9227,#4441);
#3873=LINE('',#9240,#4442);
#3874=LINE('',#9246,#4443);
#3875=LINE('',#9248,#4444);
#3876=LINE('',#9250,#4445);
#3877=LINE('',#9252,#4446);
#3878=LINE('',#9254,#4447);
#3879=LINE('',#9256,#4448);
#3880=LINE('',#9258,#4449);
#3881=LINE('',#9275,#4450);
#3882=LINE('',#9278,#4451);
#3883=LINE('',#9280,#4452);
#3884=LINE('',#9282,#4453);
#3885=LINE('',#9284,#4454);
#3886=LINE('',#9286,#4455);
#3887=LINE('',#9288,#4456);
#3888=LINE('',#9290,#4457);
#3889=LINE('',#9292,#4458);
#3890=LINE('',#9294,#4459);
#3891=LINE('',#9296,#4460);
#3892=LINE('',#9298,#4461);
#3893=LINE('',#9300,#4462);
#3894=LINE('',#9302,#4463);
#3895=LINE('',#9304,#4464);
#3896=LINE('',#9306,#4465);
#3897=LINE('',#9308,#4466);
#3898=LINE('',#9310,#4467);
#3899=LINE('',#9312,#4468);
#3900=LINE('',#9314,#4469);
#3901=LINE('',#9316,#4470);
#3902=LINE('',#9318,#4471);
#3903=LINE('',#9320,#4472);
#3904=LINE('',#9322,#4473);
#3905=LINE('',#9323,#4474);
#3906=LINE('',#9333,#4475);
#3907=LINE('',#9339,#4476);
#3908=LINE('',#9348,#4477);
#3909=LINE('',#9361,#4478);
#3910=LINE('',#9374,#4479);
#3911=LINE('',#9387,#4480);
#3912=LINE('',#9400,#4481);
#3913=LINE('',#9413,#4482);
#3914=LINE('',#9419,#4483);
#3915=LINE('',#9421,#4484);
#3916=LINE('',#9430,#4485);
#3917=LINE('',#9443,#4486);
#3918=LINE('',#9456,#4487);
#3919=LINE('',#9469,#4488);
#3920=LINE('',#9482,#4489);
#3921=LINE('',#9495,#4490);
#3922=LINE('',#9508,#4491);
#3923=LINE('',#9521,#4492);
#3924=LINE('',#9534,#4493);
#3925=LINE('',#9547,#4494);
#3926=LINE('',#9560,#4495);
#3927=LINE('',#9573,#4496);
#3928=LINE('',#9586,#4497);
#3929=LINE('',#9599,#4498);
#3930=LINE('',#9605,#4499);
#3931=LINE('',#9607,#4500);
#3932=LINE('',#9609,#4501);
#3933=LINE('',#9620,#4502);
#3934=LINE('',#9633,#4503);
#3935=LINE('',#9646,#4504);
#3936=LINE('',#9659,#4505);
#3937=LINE('',#9677,#4506);
#3938=LINE('',#9679,#4507);
#3939=LINE('',#9681,#4508);
#3940=LINE('',#9683,#4509);
#3941=LINE('',#9685,#4510);
#3942=LINE('',#9687,#4511);
#3943=LINE('',#9689,#4512);
#3944=LINE('',#9691,#4513);
#3945=LINE('',#9693,#4514);
#3946=LINE('',#9695,#4515);
#3947=LINE('',#9697,#4516);
#3948=LINE('',#9699,#4517);
#3949=LINE('',#9701,#4518);
#3950=LINE('',#9703,#4519);
#3951=LINE('',#9705,#4520);
#3952=LINE('',#9707,#4521);
#3953=LINE('',#9709,#4522);
#3954=LINE('',#9711,#4523);
#3955=LINE('',#9713,#4524);
#3956=LINE('',#9715,#4525);
#3957=LINE('',#9717,#4526);
#3958=LINE('',#9719,#4527);
#3959=LINE('',#9721,#4528);
#3960=LINE('',#9723,#4529);
#3961=LINE('',#9725,#4530);
#3962=LINE('',#9727,#4531);
#3963=LINE('',#9737,#4532);
#3964=LINE('',#9743,#4533);
#3965=LINE('',#9752,#4534);
#3966=LINE('',#9765,#4535);
#3967=LINE('',#9778,#4536);
#3968=LINE('',#9791,#4537);
#3969=LINE('',#9804,#4538);
#3970=LINE('',#9817,#4539);
#3971=LINE('',#9835,#4540);
#3972=LINE('',#9837,#4541);
#3973=LINE('',#9839,#4542);
#3974=LINE('',#9841,#4543);
#3975=LINE('',#9843,#4544);
#3976=LINE('',#9845,#4545);
#3977=LINE('',#9847,#4546);
#3978=LINE('',#9849,#4547);
#3979=LINE('',#9857,#4548);
#3980=LINE('',#9858,#4549);
#3981=LINE('',#9860,#4550);
#3982=LINE('',#9863,#4551);
#3983=LINE('',#9864,#4552);
#3984=LINE('',#9866,#4553);
#3985=LINE('',#9869,#4554);
#3986=LINE('',#9870,#4555);
#3987=LINE('',#9872,#4556);
#3988=LINE('',#9875,#4557);
#3989=LINE('',#9876,#4558);
#3990=LINE('',#9878,#4559);
#3991=VECTOR('',#5934,1.);
#3992=VECTOR('',#5935,1.);
#3993=VECTOR('',#5936,1.);
#3994=VECTOR('',#5937,1.);
#3995=VECTOR('',#5938,1.);
#3996=VECTOR('',#5939,1.);
#3997=VECTOR('',#5940,1.);
#3998=VECTOR('',#5941,1.);
#3999=VECTOR('',#5942,1.);
#4000=VECTOR('',#5943,1.);
#4001=VECTOR('',#5944,1.);
#4002=VECTOR('',#5945,1.);
#4003=VECTOR('',#5946,1.);
#4004=VECTOR('',#5947,1.);
#4005=VECTOR('',#5948,1.);
#4006=VECTOR('',#5949,1.);
#4007=VECTOR('',#5952,1.);
#4008=VECTOR('',#5953,1.);
#4009=VECTOR('',#5954,1.);
#4010=VECTOR('',#5955,1.);
#4011=VECTOR('',#5956,1.);
#4012=VECTOR('',#5957,1.);
#4013=VECTOR('',#5958,1.);
#4014=VECTOR('',#5959,1.);
#4015=VECTOR('',#5960,1.);
#4016=VECTOR('',#5961,1.);
#4017=VECTOR('',#5962,1.);
#4018=VECTOR('',#5963,1.);
#4019=VECTOR('',#5964,1.);
#4020=VECTOR('',#5965,1.);
#4021=VECTOR('',#5966,1.);
#4022=VECTOR('',#5967,1.);
#4023=VECTOR('',#5970,1.);
#4024=VECTOR('',#5971,1.);
#4025=VECTOR('',#5972,1.);
#4026=VECTOR('',#5973,1.);
#4027=VECTOR('',#5974,1.);
#4028=VECTOR('',#5975,1.);
#4029=VECTOR('',#5976,1.);
#4030=VECTOR('',#5977,1.);
#4031=VECTOR('',#5978,1.);
#4032=VECTOR('',#5979,1.);
#4033=VECTOR('',#5980,1.);
#4034=VECTOR('',#5981,1.);
#4035=VECTOR('',#5982,1.);
#4036=VECTOR('',#5983,1.);
#4037=VECTOR('',#5984,1.);
#4038=VECTOR('',#5985,1.);
#4039=VECTOR('',#5986,1.);
#4040=VECTOR('',#5987,1.);
#4041=VECTOR('',#5988,1.);
#4042=VECTOR('',#5989,1.);
#4043=VECTOR('',#5990,1.);
#4044=VECTOR('',#5991,1.);
#4045=VECTOR('',#5992,1.);
#4046=VECTOR('',#5993,1.);
#4047=VECTOR('',#5994,1.);
#4048=VECTOR('',#5995,1.);
#4049=VECTOR('',#5996,1.);
#4050=VECTOR('',#5997,1.);
#4051=VECTOR('',#5998,1.);
#4052=VECTOR('',#5999,1.);
#4053=VECTOR('',#6000,1.);
#4054=VECTOR('',#6003,1.);
#4055=VECTOR('',#6004,1.);
#4056=VECTOR('',#6005,1.);
#4057=VECTOR('',#6006,1.);
#4058=VECTOR('',#6007,1.);
#4059=VECTOR('',#6008,1.);
#4060=VECTOR('',#6009,1.);
#4061=VECTOR('',#6010,1.);
#4062=VECTOR('',#6011,1.);
#4063=VECTOR('',#6014,1.);
#4064=VECTOR('',#6015,1.);
#4065=VECTOR('',#6016,1.);
#4066=VECTOR('',#6017,1.);
#4067=VECTOR('',#6018,1.);
#4068=VECTOR('',#6019,1.);
#4069=VECTOR('',#6020,1.);
#4070=VECTOR('',#6021,1.);
#4071=VECTOR('',#6022,1.);
#4072=VECTOR('',#6023,1.);
#4073=VECTOR('',#6024,1.);
#4074=VECTOR('',#6025,1.);
#4075=VECTOR('',#6026,1.);
#4076=VECTOR('',#6027,1.);
#4077=VECTOR('',#6028,1.);
#4078=VECTOR('',#6029,1.);
#4079=VECTOR('',#6030,1.);
#4080=VECTOR('',#6031,1.);
#4081=VECTOR('',#6032,1.);
#4082=VECTOR('',#6033,1.);
#4083=VECTOR('',#6034,1.);
#4084=VECTOR('',#6035,1.);
#4085=VECTOR('',#6036,1.);
#4086=VECTOR('',#6037,1.);
#4087=VECTOR('',#6038,1.);
#4088=VECTOR('',#6039,1.);
#4089=VECTOR('',#6040,1.);
#4090=VECTOR('',#6041,1.);
#4091=VECTOR('',#6042,1.);
#4092=VECTOR('',#6043,1.);
#4093=VECTOR('',#6044,1.);
#4094=VECTOR('',#6045,1.);
#4095=VECTOR('',#6046,1.);
#4096=VECTOR('',#6047,1.);
#4097=VECTOR('',#6048,1.);
#4098=VECTOR('',#6049,1.);
#4099=VECTOR('',#6050,1.);
#4100=VECTOR('',#6051,1.);
#4101=VECTOR('',#6052,1.);
#4102=VECTOR('',#6053,1.);
#4103=VECTOR('',#6054,1.);
#4104=VECTOR('',#6055,1.);
#4105=VECTOR('',#6056,1.);
#4106=VECTOR('',#6057,1.);
#4107=VECTOR('',#6058,1.);
#4108=VECTOR('',#6059,1.);
#4109=VECTOR('',#6060,1.);
#4110=VECTOR('',#6061,1.);
#4111=VECTOR('',#6062,1.);
#4112=VECTOR('',#6063,1.);
#4113=VECTOR('',#6066,1.);
#4114=VECTOR('',#6067,1.);
#4115=VECTOR('',#6068,1.);
#4116=VECTOR('',#6069,1.);
#4117=VECTOR('',#6070,1.);
#4118=VECTOR('',#6071,1.);
#4119=VECTOR('',#6072,1.);
#4120=VECTOR('',#6073,1.);
#4121=VECTOR('',#6074,1.);
#4122=VECTOR('',#6075,1.);
#4123=VECTOR('',#6076,1.);
#4124=VECTOR('',#6077,1.);
#4125=VECTOR('',#6078,1.);
#4126=VECTOR('',#6079,1.);
#4127=VECTOR('',#6080,1.);
#4128=VECTOR('',#6081,1.);
#4129=VECTOR('',#6082,1.);
#4130=VECTOR('',#6083,1.);
#4131=VECTOR('',#6084,1.);
#4132=VECTOR('',#6087,1.);
#4133=VECTOR('',#6088,1.);
#4134=VECTOR('',#6089,1.);
#4135=VECTOR('',#6090,1.);
#4136=VECTOR('',#6093,1.);
#4137=VECTOR('',#6094,1.);
#4138=VECTOR('',#6097,1.);
#4139=VECTOR('',#6098,1.);
#4140=VECTOR('',#6099,1.);
#4141=VECTOR('',#6100,1.);
#4142=VECTOR('',#6103,1.);
#4143=VECTOR('',#6104,1.);
#4144=VECTOR('',#6105,1.);
#4145=VECTOR('',#6106,1.);
#4146=VECTOR('',#6109,1.);
#4147=VECTOR('',#6110,1.);
#4148=VECTOR('',#6113,1.);
#4149=VECTOR('',#6114,1.);
#4150=VECTOR('',#6115,1.);
#4151=VECTOR('',#6118,1.);
#4152=VECTOR('',#6119,1.);
#4153=VECTOR('',#6120,1.);
#4154=VECTOR('',#6121,1.);
#4155=VECTOR('',#6124,1.);
#4156=VECTOR('',#6125,1.);
#4157=VECTOR('',#6126,1.);
#4158=VECTOR('',#6127,1.);
#4159=VECTOR('',#6136,1.);
#4160=VECTOR('',#6137,1.);
#4161=VECTOR('',#6142,1.);
#4162=VECTOR('',#6143,1.);
#4163=VECTOR('',#6168,1.);
#4164=VECTOR('',#6169,1.);
#4165=VECTOR('',#6170,1.);
#4166=VECTOR('',#6173,1.);
#4167=VECTOR('',#6174,1.);
#4168=VECTOR('',#6177,1.);
#4169=VECTOR('',#6178,1.);
#4170=VECTOR('',#6179,1.);
#4171=VECTOR('',#6180,1.);
#4172=VECTOR('',#6181,1.);
#4173=VECTOR('',#6182,1.);
#4174=VECTOR('',#6185,1.);
#4175=VECTOR('',#6186,1.);
#4176=VECTOR('',#6189,1.);
#4177=VECTOR('',#6190,1.);
#4178=VECTOR('',#6193,1.);
#4179=VECTOR('',#6194,1.);
#4180=VECTOR('',#6195,1.);
#4181=VECTOR('',#6196,1.);
#4182=VECTOR('',#6199,1.);
#4183=VECTOR('',#6200,1.);
#4184=VECTOR('',#6201,1.);
#4185=VECTOR('',#6206,1.);
#4186=VECTOR('',#6207,1.);
#4187=VECTOR('',#6208,1.);
#4188=VECTOR('',#6209,1.);
#4189=VECTOR('',#6212,1.);
#4190=VECTOR('',#6213,1.);
#4191=VECTOR('',#6214,1.);
#4192=VECTOR('',#6217,1.);
#4193=VECTOR('',#6218,1.);
#4194=VECTOR('',#6219,1.);
#4195=VECTOR('',#6220,1.);
#4196=VECTOR('',#6221,1.);
#4197=VECTOR('',#6222,1.);
#4198=VECTOR('',#6225,1.);
#4199=VECTOR('',#6226,1.);
#4200=VECTOR('',#6227,1.);
#4201=VECTOR('',#6228,1.);
#4202=VECTOR('',#6231,1.);
#4203=VECTOR('',#6232,1.);
#4204=VECTOR('',#6233,1.);
#4205=VECTOR('',#6234,1.);
#4206=VECTOR('',#6235,1.);
#4207=VECTOR('',#6236,1.);
#4208=VECTOR('',#6239,1.);
#4209=VECTOR('',#6240,1.);
#4210=VECTOR('',#6241,1.);
#4211=VECTOR('',#6244,1.);
#4212=VECTOR('',#6245,1.);
#4213=VECTOR('',#6246,1.);
#4214=VECTOR('',#6247,1.);
#4215=VECTOR('',#6248,1.);
#4216=VECTOR('',#6249,1.);
#4217=VECTOR('',#6250,1.);
#4218=VECTOR('',#6251,1.);
#4219=VECTOR('',#6252,1.);
#4220=VECTOR('',#6253,1.);
#4221=VECTOR('',#6256,1.);
#4222=VECTOR('',#6257,1.);
#4223=VECTOR('',#6260,1.);
#4224=VECTOR('',#6267,1.);
#4225=VECTOR('',#6268,1.);
#4226=VECTOR('',#6269,1.);
#4227=VECTOR('',#6270,1.);
#4228=VECTOR('',#6273,1.);
#4229=VECTOR('',#6274,1.);
#4230=VECTOR('',#6275,1.);
#4231=VECTOR('',#6278,1.);
#4232=VECTOR('',#6279,1.);
#4233=VECTOR('',#6280,1.);
#4234=VECTOR('',#6281,1.);
#4235=VECTOR('',#6282,1.);
#4236=VECTOR('',#6283,1.);
#4237=VECTOR('',#6286,1.);
#4238=VECTOR('',#6287,1.);
#4239=VECTOR('',#6288,1.);
#4240=VECTOR('',#6291,1.);
#4241=VECTOR('',#6292,1.);
#4242=VECTOR('',#6295,1.);
#4243=VECTOR('',#6296,1.);
#4244=VECTOR('',#6299,1.);
#4245=VECTOR('',#6300,1.);
#4246=VECTOR('',#6303,1.);
#4247=VECTOR('',#6304,1.);
#4248=VECTOR('',#6305,1.);
#4249=VECTOR('',#6306,1.);
#4250=VECTOR('',#6307,1.);
#4251=VECTOR('',#6308,1.);
#4252=VECTOR('',#6311,1.);
#4253=VECTOR('',#6312,1.);
#4254=VECTOR('',#6315,1.);
#4255=VECTOR('',#6316,1.);
#4256=VECTOR('',#6319,1.);
#4257=VECTOR('',#6320,1.);
#4258=VECTOR('',#6323,1.);
#4259=VECTOR('',#6328,1.);
#4260=VECTOR('',#6329,1.);
#4261=VECTOR('',#6330,1.);
#4262=VECTOR('',#6333,1.);
#4263=VECTOR('',#6334,1.);
#4264=VECTOR('',#6337,1.);
#4265=VECTOR('',#6338,1.);
#4266=VECTOR('',#6341,1.);
#4267=VECTOR('',#6342,1.);
#4268=VECTOR('',#6345,1.);
#4269=VECTOR('',#6346,1.);
#4270=VECTOR('',#6349,1.);
#4271=VECTOR('',#6350,1.);
#4272=VECTOR('',#6353,1.);
#4273=VECTOR('',#6356,1.);
#4274=VECTOR('',#6357,1.);
#4275=VECTOR('',#6360,1.);
#4276=VECTOR('',#6361,1.);
#4277=VECTOR('',#6364,1.);
#4278=VECTOR('',#6365,1.);
#4279=VECTOR('',#6368,1.);
#4280=VECTOR('',#6369,1.);
#4281=VECTOR('',#6372,1.);
#4282=VECTOR('',#6373,1.);
#4283=VECTOR('',#6376,1.);
#4284=VECTOR('',#6377,1.);
#4285=VECTOR('',#6380,1.);
#4286=VECTOR('',#6383,1.);
#4287=VECTOR('',#6384,1.);
#4288=VECTOR('',#6385,1.);
#4289=VECTOR('',#6388,1.);
#4290=VECTOR('',#6389,1.);
#4291=VECTOR('',#6392,1.);
#4292=VECTOR('',#6393,1.);
#4293=VECTOR('',#6396,1.);
#4294=VECTOR('',#6397,1.);
#4295=VECTOR('',#6402,1.);
#4296=VECTOR('',#6403,1.);
#4297=VECTOR('',#6404,1.);
#4298=VECTOR('',#6407,1.);
#4299=VECTOR('',#6408,1.);
#4300=VECTOR('',#6411,1.);
#4301=VECTOR('',#6412,1.);
#4302=VECTOR('',#6415,1.);
#4303=VECTOR('',#6416,1.);
#4304=VECTOR('',#6419,1.);
#4305=VECTOR('',#6420,1.);
#4306=VECTOR('',#6423,1.);
#4307=VECTOR('',#6424,1.);
#4308=VECTOR('',#6427,1.);
#4309=VECTOR('',#6428,1.);
#4310=VECTOR('',#6429,1.);
#4311=VECTOR('',#6430,1.);
#4312=VECTOR('',#6433,1.);
#4313=VECTOR('',#6438,1.);
#4314=VECTOR('',#6439,1.);
#4315=VECTOR('',#6440,1.);
#4316=VECTOR('',#6441,1.);
#4317=VECTOR('',#6442,1.);
#4318=VECTOR('',#6445,1.);
#4319=VECTOR('',#6446,1.);
#4320=VECTOR('',#6449,1.);
#4321=VECTOR('',#6450,1.);
#4322=VECTOR('',#6453,1.);
#4323=VECTOR('',#6454,1.);
#4324=VECTOR('',#6457,1.);
#4325=VECTOR('',#6460,1.);
#4326=VECTOR('',#6461,1.);
#4327=VECTOR('',#6462,1.);
#4328=VECTOR('',#6463,1.);
#4329=VECTOR('',#6464,1.);
#4330=VECTOR('',#6465,1.);
#4331=VECTOR('',#6466,1.);
#4332=VECTOR('',#6467,1.);
#4333=VECTOR('',#6472,1.);
#4334=VECTOR('',#6473,1.);
#4335=VECTOR('',#6474,1.);
#4336=VECTOR('',#6477,1.);
#4337=VECTOR('',#6478,1.);
#4338=VECTOR('',#6481,1.);
#4339=VECTOR('',#6482,1.);
#4340=VECTOR('',#6485,1.);
#4341=VECTOR('',#6486,1.);
#4342=VECTOR('',#6489,1.);
#4343=VECTOR('',#6490,1.);
#4344=VECTOR('',#6491,1.);
#4345=VECTOR('',#6492,1.);
#4346=VECTOR('',#6495,1.);
#4347=VECTOR('',#6496,1.);
#4348=VECTOR('',#6499,1.);
#4349=VECTOR('',#6500,1.);
#4350=VECTOR('',#6503,1.);
#4351=VECTOR('',#6504,1.);
#4352=VECTOR('',#6507,1.);
#4353=VECTOR('',#6508,1.);
#4354=VECTOR('',#6509,1.);
#4355=VECTOR('',#6512,1.);
#4356=VECTOR('',#6513,1.);
#4357=VECTOR('',#6516,1.);
#4358=VECTOR('',#6519,1.);
#4359=VECTOR('',#6520,1.);
#4360=VECTOR('',#6521,1.);
#4361=VECTOR('',#6522,1.);
#4362=VECTOR('',#6523,1.);
#4363=VECTOR('',#6524,1.);
#4364=VECTOR('',#6525,1.);
#4365=VECTOR('',#6526,1.);
#4366=VECTOR('',#6529,1.);
#4367=VECTOR('',#6530,1.);
#4368=VECTOR('',#6531,1.);
#4369=VECTOR('',#6532,1.);
#4370=VECTOR('',#6533,1.);
#4371=VECTOR('',#6534,1.);
#4372=VECTOR('',#6535,1.);
#4373=VECTOR('',#6536,1.);
#4374=VECTOR('',#6541,1.);
#4375=VECTOR('',#6542,1.);
#4376=VECTOR('',#6543,1.);
#4377=VECTOR('',#6546,1.);
#4378=VECTOR('',#6547,1.);
#4379=VECTOR('',#6550,1.);
#4380=VECTOR('',#6551,1.);
#4381=VECTOR('',#6554,1.);
#4382=VECTOR('',#6557,1.);
#4383=VECTOR('',#6558,1.);
#4384=VECTOR('',#6559,1.);
#4385=VECTOR('',#6560,1.);
#4386=VECTOR('',#6561,1.);
#4387=VECTOR('',#6562,1.);
#4388=VECTOR('',#6563,1.);
#4389=VECTOR('',#6564,1.);
#4390=VECTOR('',#6569,1.);
#4391=VECTOR('',#6570,1.);
#4392=VECTOR('',#6571,1.);
#4393=VECTOR('',#6572,1.);
#4394=VECTOR('',#6575,1.);
#4395=VECTOR('',#6576,1.);
#4396=VECTOR('',#6577,1.);
#4397=VECTOR('',#6580,1.);
#4398=VECTOR('',#6581,1.);
#4399=VECTOR('',#6582,1.);
#4400=VECTOR('',#6585,1.);
#4401=VECTOR('',#6586,1.);
#4402=VECTOR('',#6589,1.);
#4403=VECTOR('',#6590,1.);
#4404=VECTOR('',#6593,1.);
#4405=VECTOR('',#6594,1.);
#4406=VECTOR('',#6597,1.);
#4407=VECTOR('',#6598,1.);
#4408=VECTOR('',#6601,1.);
#4409=VECTOR('',#6602,1.);
#4410=VECTOR('',#6605,1.);
#4411=VECTOR('',#6606,1.);
#4412=VECTOR('',#6609,1.);
#4413=VECTOR('',#6612,1.);
#4414=VECTOR('',#6613,1.);
#4415=VECTOR('',#6618,1.);
#4416=VECTOR('',#6619,1.);
#4417=VECTOR('',#6620,1.);
#4418=VECTOR('',#6621,1.);
#4419=VECTOR('',#6624,1.);
#4420=VECTOR('',#6625,1.);
#4421=VECTOR('',#6626,1.);
#4422=VECTOR('',#6629,1.);
#4423=VECTOR('',#6630,1.);
#4424=VECTOR('',#6631,1.);
#4425=VECTOR('',#6632,1.);
#4426=VECTOR('',#6633,1.);
#4427=VECTOR('',#6634,1.);
#4428=VECTOR('',#6637,1.);
#4429=VECTOR('',#6638,1.);
#4430=VECTOR('',#6639,1.);
#4431=VECTOR('',#6642,1.);
#4432=VECTOR('',#6643,1.);
#4433=VECTOR('',#6646,1.);
#4434=VECTOR('',#6647,1.);
#4435=VECTOR('',#6650,1.);
#4436=VECTOR('',#6651,1.);
#4437=VECTOR('',#6654,1.);
#4438=VECTOR('',#6655,1.);
#4439=VECTOR('',#6656,1.);
#4440=VECTOR('',#6657,1.);
#4441=VECTOR('',#6658,1.);
#4442=VECTOR('',#6659,1.);
#4443=VECTOR('',#6662,1.);
#4444=VECTOR('',#6663,1.);
#4445=VECTOR('',#6666,1.);
#4446=VECTOR('',#6667,1.);
#4447=VECTOR('',#6670,1.);
#4448=VECTOR('',#6671,1.);
#4449=VECTOR('',#6674,1.);
#4450=VECTOR('',#6679,1.);
#4451=VECTOR('',#6680,1.);
#4452=VECTOR('',#6681,1.);
#4453=VECTOR('',#6682,1.);
#4454=VECTOR('',#6685,1.);
#4455=VECTOR('',#6686,1.);
#4456=VECTOR('',#6687,1.);
#4457=VECTOR('',#6690,1.);
#4458=VECTOR('',#6691,1.);
#4459=VECTOR('',#6692,1.);
#4460=VECTOR('',#6695,1.);
#4461=VECTOR('',#6696,1.);
#4462=VECTOR('',#6699,1.);
#4463=VECTOR('',#6700,1.);
#4464=VECTOR('',#6703,1.);
#4465=VECTOR('',#6704,1.);
#4466=VECTOR('',#6707,1.);
#4467=VECTOR('',#6708,1.);
#4468=VECTOR('',#6711,1.);
#4469=VECTOR('',#6712,1.);
#4470=VECTOR('',#6715,1.);
#4471=VECTOR('',#6716,1.);
#4472=VECTOR('',#6719,1.);
#4473=VECTOR('',#6722,1.);
#4474=VECTOR('',#6723,1.);
#4475=VECTOR('',#6726,1.);
#4476=VECTOR('',#6727,1.);
#4477=VECTOR('',#6728,1.);
#4478=VECTOR('',#6729,1.);
#4479=VECTOR('',#6730,1.);
#4480=VECTOR('',#6731,1.);
#4481=VECTOR('',#6732,1.);
#4482=VECTOR('',#6733,1.);
#4483=VECTOR('',#6736,1.);
#4484=VECTOR('',#6737,1.);
#4485=VECTOR('',#6738,1.);
#4486=VECTOR('',#6739,1.);
#4487=VECTOR('',#6740,1.);
#4488=VECTOR('',#6741,1.);
#4489=VECTOR('',#6742,1.);
#4490=VECTOR('',#6743,1.);
#4491=VECTOR('',#6744,1.);
#4492=VECTOR('',#6745,1.);
#4493=VECTOR('',#6746,1.);
#4494=VECTOR('',#6747,1.);
#4495=VECTOR('',#6748,1.);
#4496=VECTOR('',#6749,1.);
#4497=VECTOR('',#6750,1.);
#4498=VECTOR('',#6751,1.);
#4499=VECTOR('',#6754,1.);
#4500=VECTOR('',#6755,1.);
#4501=VECTOR('',#6758,1.);
#4502=VECTOR('',#6761,1.);
#4503=VECTOR('',#6762,1.);
#4504=VECTOR('',#6763,1.);
#4505=VECTOR('',#6764,1.);
#4506=VECTOR('',#6769,1.);
#4507=VECTOR('',#6770,1.);
#4508=VECTOR('',#6771,1.);
#4509=VECTOR('',#6774,1.);
#4510=VECTOR('',#6775,1.);
#4511=VECTOR('',#6778,1.);
#4512=VECTOR('',#6779,1.);
#4513=VECTOR('',#6782,1.);
#4514=VECTOR('',#6783,1.);
#4515=VECTOR('',#6786,1.);
#4516=VECTOR('',#6787,1.);
#4517=VECTOR('',#6790,1.);
#4518=VECTOR('',#6791,1.);
#4519=VECTOR('',#6794,1.);
#4520=VECTOR('',#6795,1.);
#4521=VECTOR('',#6798,1.);
#4522=VECTOR('',#6799,1.);
#4523=VECTOR('',#6802,1.);
#4524=VECTOR('',#6803,1.);
#4525=VECTOR('',#6806,1.);
#4526=VECTOR('',#6807,1.);
#4527=VECTOR('',#6810,1.);
#4528=VECTOR('',#6811,1.);
#4529=VECTOR('',#6814,1.);
#4530=VECTOR('',#6815,1.);
#4531=VECTOR('',#6818,1.);
#4532=VECTOR('',#6821,1.);
#4533=VECTOR('',#6822,1.);
#4534=VECTOR('',#6823,1.);
#4535=VECTOR('',#6824,1.);
#4536=VECTOR('',#6825,1.);
#4537=VECTOR('',#6826,1.);
#4538=VECTOR('',#6827,1.);
#4539=VECTOR('',#6828,1.);
#4540=VECTOR('',#6833,1.);
#4541=VECTOR('',#6834,1.);
#4542=VECTOR('',#6835,1.);
#4543=VECTOR('',#6838,1.);
#4544=VECTOR('',#6839,1.);
#4545=VECTOR('',#6842,1.);
#4546=VECTOR('',#6843,1.);
#4547=VECTOR('',#6846,1.);
#4548=VECTOR('',#6861,1.);
#4549=VECTOR('',#6862,1.);
#4550=VECTOR('',#6865,1.);
#4551=VECTOR('',#6870,1.);
#4552=VECTOR('',#6871,1.);
#4553=VECTOR('',#6874,1.);
#4554=VECTOR('',#6879,1.);
#4555=VECTOR('',#6880,1.);
#4556=VECTOR('',#6883,1.);
#4557=VECTOR('',#6888,1.);
#4558=VECTOR('',#6889,1.);
#4559=VECTOR('',#6892,1.);
#4560=EDGE_LOOP('',(#399,#400,#401,#402));
#4561=EDGE_LOOP('',(#403,#404,#405));
#4562=EDGE_LOOP('',(#406,#407,#408));
#4563=EDGE_LOOP('',(#409,#410,#411));
#4564=EDGE_LOOP('',(#412,#413,#414));
#4565=EDGE_LOOP('',(#415,#416,#417));
#4566=EDGE_LOOP('',(#418,#419,#420));
#4567=EDGE_LOOP('',(#421,#422,#423,#424));
#4568=EDGE_LOOP('',(#425,#426,#427));
#4569=EDGE_LOOP('',(#428,#429,#430));
#4570=EDGE_LOOP('',(#431,#432,#433,#434,#435,#436,#437,#438,#439,#440,#441,
#442,#443));
#4571=EDGE_LOOP('',(#444,#445,#446,#447,#448,#449,#450,#451));
#4572=EDGE_LOOP('',(#452,#453,#454,#455));
#4573=EDGE_LOOP('',(#456,#457,#458,#459,#460,#461,#462,#463));
#4574=EDGE_LOOP('',(#464,#465,#466,#467,#468,#469,#470,#471));
#4575=EDGE_LOOP('',(#472,#473,#474,#475,#476,#477,#478,#479,#480,#481,#482,
#483,#484,#485));
#4576=EDGE_LOOP('',(#486,#487,#488,#489,#490,#491,#492,#493));
#4577=EDGE_LOOP('',(#494,#495,#496,#497,#498,#499,#500,#501,#502,#503,#504,
#505,#506,#507,#508,#509,#510,#511));
#4578=EDGE_LOOP('',(#512,#513,#514,#515,#516,#517,#518,#519,#520,#521,#522,
#523,#524,#525));
#4579=EDGE_LOOP('',(#526,#527,#528,#529,#530,#531,#532));
#4580=EDGE_LOOP('',(#533,#534,#535,#536,#537,#538,#539,#540,#541,#542,#543,
#544,#545));
#4581=EDGE_LOOP('',(#546,#547,#548,#549,#550,#551,#552,#553,#554,#555,#556,
#557,#558,#559,#560));
#4582=EDGE_LOOP('',(#561,#562,#563,#564));
#4583=EDGE_LOOP('',(#565,#566,#567,#568,#569,#570,#571,#572,#573,#574,#575));
#4584=EDGE_LOOP('',(#576,#577,#578,#579,#580,#581,#582,#583));
#4585=EDGE_LOOP('',(#584,#585,#586,#587,#588,#589,#590,#591));
#4586=EDGE_LOOP('',(#592,#593,#594,#595,#596,#597,#598,#599,#600,#601,#602,
#603,#604,#605,#606,#607,#608,#609,#610,#611,#612,#613,#614,#615,#616,#617,
#618,#619,#620));
#4587=EDGE_LOOP('',(#621,#622,#623,#624,#625,#626,#627,#628,#629,#630,#631,
#632,#633));
#4588=EDGE_LOOP('',(#634,#635,#636,#637,#638,#639,#640,#641));
#4589=EDGE_LOOP('',(#642,#643,#644,#645));
#4590=EDGE_LOOP('',(#646,#647,#648,#649));
#4591=EDGE_LOOP('',(#650,#651,#652,#653));
#4592=EDGE_LOOP('',(#654,#655,#656,#657));
#4593=EDGE_LOOP('',(#658,#659,#660,#661));
#4594=EDGE_LOOP('',(#662,#663,#664,#665));
#4595=EDGE_LOOP('',(#666,#667,#668,#669));
#4596=EDGE_LOOP('',(#670,#671,#672,#673));
#4597=EDGE_LOOP('',(#674,#675,#676,#677));
#4598=EDGE_LOOP('',(#678,#679,#680,#681,#682,#683,#684,#685,#686,#687,#688,
#689,#690,#691));
#4599=EDGE_LOOP('',(#692,#693,#694,#695,#696,#697,#698,#699,#700,#701,#702,
#703,#704,#705));
#4600=EDGE_LOOP('',(#706,#707,#708,#709));
#4601=EDGE_LOOP('',(#710,#711,#712,#713));
#4602=EDGE_LOOP('',(#714,#715,#716,#717));
#4603=EDGE_LOOP('',(#718,#719,#720,#721,#722,#723));
#4604=EDGE_LOOP('',(#724,#725,#726,#727));
#4605=EDGE_LOOP('',(#728,#729,#730,#731));
#4606=EDGE_LOOP('',(#732,#733,#734,#735));
#4607=EDGE_LOOP('',(#736,#737,#738,#739));
#4608=EDGE_LOOP('',(#740,#741,#742,#743));
#4609=EDGE_LOOP('',(#744,#745,#746,#747));
#4610=EDGE_LOOP('',(#748,#749,#750,#751));
#4611=EDGE_LOOP('',(#752,#753,#754,#755));
#4612=EDGE_LOOP('',(#756,#757,#758,#759));
#4613=EDGE_LOOP('',(#760,#761,#762,#763));
#4614=EDGE_LOOP('',(#764,#765,#766,#767));
#4615=EDGE_LOOP('',(#768,#769,#770,#771));
#4616=EDGE_LOOP('',(#772,#773,#774,#775));
#4617=EDGE_LOOP('',(#776,#777,#778,#779));
#4618=EDGE_LOOP('',(#780,#781,#782,#783));
#4619=EDGE_LOOP('',(#784,#785,#786,#787));
#4620=EDGE_LOOP('',(#788,#789,#790,#791,#792,#793,#794,#795,#796,#797,#798,
#799,#800,#801,#802));
#4621=EDGE_LOOP('',(#803,#804,#805,#806));
#4622=EDGE_LOOP('',(#807,#808,#809,#810));
#4623=EDGE_LOOP('',(#811,#812,#813,#814));
#4624=EDGE_LOOP('',(#815,#816,#817,#818));
#4625=EDGE_LOOP('',(#819,#820,#821,#822));
#4626=EDGE_LOOP('',(#823,#824,#825,#826));
#4627=EDGE_LOOP('',(#827,#828,#829,#830));
#4628=EDGE_LOOP('',(#831,#832,#833,#834));
#4629=EDGE_LOOP('',(#835,#836,#837,#838));
#4630=EDGE_LOOP('',(#839,#840,#841,#842));
#4631=EDGE_LOOP('',(#843,#844,#845,#846));
#4632=EDGE_LOOP('',(#847,#848,#849,#850));
#4633=EDGE_LOOP('',(#851,#852,#853,#854));
#4634=EDGE_LOOP('',(#855,#856,#857,#858));
#4635=EDGE_LOOP('',(#859,#860,#861,#862));
#4636=EDGE_LOOP('',(#863,#864,#865,#866));
#4637=EDGE_LOOP('',(#867,#868,#869,#870));
#4638=EDGE_LOOP('',(#871,#872,#873,#874));
#4639=EDGE_LOOP('',(#875,#876,#877,#878));
#4640=EDGE_LOOP('',(#879,#880,#881,#882));
#4641=EDGE_LOOP('',(#883,#884,#885,#886));
#4642=EDGE_LOOP('',(#887,#888,#889,#890));
#4643=EDGE_LOOP('',(#891,#892,#893,#894));
#4644=EDGE_LOOP('',(#895,#896,#897,#898));
#4645=EDGE_LOOP('',(#899,#900,#901,#902,#903,#904,#905,#906,#907,#908,#909));
#4646=EDGE_LOOP('',(#910,#911,#912,#913,#914,#915));
#4647=EDGE_LOOP('',(#916,#917,#918,#919,#920,#921,#922));
#4648=EDGE_LOOP('',(#923,#924,#925,#926,#927,#928));
#4649=EDGE_LOOP('',(#929,#930,#931,#932));
#4650=EDGE_LOOP('',(#933,#934,#935,#936));
#4651=EDGE_LOOP('',(#937,#938,#939,#940));
#4652=EDGE_LOOP('',(#941,#942,#943,#944));
#4653=EDGE_LOOP('',(#945,#946,#947,#948));
#4654=EDGE_LOOP('',(#949,#950,#951,#952));
#4655=EDGE_LOOP('',(#953,#954,#955,#956));
#4656=EDGE_LOOP('',(#957,#958,#959,#960));
#4657=EDGE_LOOP('',(#961,#962,#963,#964));
#4658=EDGE_LOOP('',(#965,#966,#967,#968));
#4659=EDGE_LOOP('',(#969,#970,#971,#972));
#4660=EDGE_LOOP('',(#973,#974,#975,#976));
#4661=EDGE_LOOP('',(#977,#978,#979,#980));
#4662=EDGE_LOOP('',(#981,#982,#983,#984));
#4663=EDGE_LOOP('',(#985,#986,#987,#988));
#4664=EDGE_LOOP('',(#989,#990,#991,#992));
#4665=EDGE_LOOP('',(#993,#994,#995,#996));
#4666=EDGE_LOOP('',(#997,#998,#999,#1000));
#4667=EDGE_LOOP('',(#1001,#1002,#1003,#1004));
#4668=EDGE_LOOP('',(#1005,#1006,#1007,#1008));
#4669=EDGE_LOOP('',(#1009,#1010,#1011,#1012,#1013,#1014,#1015,#1016,#1017,
#1018,#1019,#1020,#1021));
#4670=EDGE_LOOP('',(#1022,#1023,#1024,#1025,#1026,#1027,#1028));
#4671=EDGE_LOOP('',(#1029,#1030,#1031,#1032));
#4672=EDGE_LOOP('',(#1033,#1034,#1035,#1036));
#4673=EDGE_LOOP('',(#1037,#1038,#1039,#1040));
#4674=EDGE_LOOP('',(#1041,#1042,#1043,#1044));
#4675=EDGE_LOOP('',(#1045,#1046,#1047,#1048));
#4676=EDGE_LOOP('',(#1049,#1050,#1051,#1052));
#4677=EDGE_LOOP('',(#1053,#1054,#1055,#1056));
#4678=EDGE_LOOP('',(#1057,#1058,#1059,#1060,#1061,#1062,#1063));
#4679=EDGE_LOOP('',(#1064,#1065,#1066,#1067));
#4680=EDGE_LOOP('',(#1068,#1069,#1070,#1071));
#4681=EDGE_LOOP('',(#1072,#1073,#1074,#1075));
#4682=EDGE_LOOP('',(#1076,#1077,#1078,#1079));
#4683=EDGE_LOOP('',(#1080,#1081,#1082,#1083));
#4684=EDGE_LOOP('',(#1084,#1085,#1086,#1087));
#4685=EDGE_LOOP('',(#1088,#1089,#1090,#1091));
#4686=EDGE_LOOP('',(#1092,#1093,#1094,#1095));
#4687=EDGE_LOOP('',(#1096,#1097,#1098,#1099));
#4688=EDGE_LOOP('',(#1100,#1101,#1102,#1103));
#4689=EDGE_LOOP('',(#1104,#1105,#1106,#1107));
#4690=EDGE_LOOP('',(#1108,#1109,#1110,#1111));
#4691=EDGE_LOOP('',(#1112,#1113,#1114,#1115));
#4692=EDGE_LOOP('',(#1116,#1117,#1118,#1119));
#4693=EDGE_LOOP('',(#1120,#1121,#1122,#1123,#1124,#1125,#1126,#1127,#1128,
#1129,#1130,#1131,#1132,#1133));
#4694=EDGE_LOOP('',(#1134,#1135,#1136,#1137));
#4695=EDGE_LOOP('',(#1138,#1139,#1140,#1141));
#4696=EDGE_LOOP('',(#1142,#1143,#1144,#1145));
#4697=EDGE_LOOP('',(#1146,#1147,#1148,#1149));
#4698=EDGE_LOOP('',(#1150,#1151,#1152,#1153));
#4699=EDGE_LOOP('',(#1154,#1155,#1156,#1157));
#4700=EDGE_LOOP('',(#1158,#1159,#1160,#1161));
#4701=EDGE_LOOP('',(#1162,#1163,#1164,#1165));
#4702=EDGE_LOOP('',(#1166,#1167,#1168,#1169));
#4703=EDGE_LOOP('',(#1170,#1171,#1172,#1173));
#4704=EDGE_LOOP('',(#1174,#1175,#1176,#1177));
#4705=EDGE_LOOP('',(#1178,#1179,#1180,#1181));
#4706=EDGE_LOOP('',(#1182,#1183,#1184,#1185));
#4707=EDGE_LOOP('',(#1186,#1187,#1188,#1189));
#4708=EDGE_LOOP('',(#1190,#1191,#1192,#1193));
#4709=EDGE_LOOP('',(#1194,#1195,#1196,#1197));
#4710=EDGE_LOOP('',(#1198,#1199,#1200,#1201));
#4711=EDGE_LOOP('',(#1202,#1203,#1204,#1205));
#4712=EDGE_LOOP('',(#1206,#1207,#1208,#1209,#1210,#1211,#1212,#1213,#1214,
#1215,#1216,#1217,#1218,#1219,#1220,#1221,#1222,#1223));
#4713=EDGE_LOOP('',(#1224,#1225,#1226,#1227));
#4714=EDGE_LOOP('',(#1228,#1229,#1230,#1231));
#4715=EDGE_LOOP('',(#1232,#1233,#1234,#1235));
#4716=EDGE_LOOP('',(#1236,#1237,#1238,#1239));
#4717=EDGE_LOOP('',(#1240,#1241,#1242,#1243));
#4718=EDGE_LOOP('',(#1244,#1245,#1246,#1247));
#4719=EDGE_LOOP('',(#1248,#1249,#1250,#1251));
#4720=EDGE_LOOP('',(#1252,#1253,#1254,#1255));
#4721=EDGE_LOOP('',(#1256,#1257,#1258,#1259,#1260,#1261,#1262,#1263));
#4722=EDGE_LOOP('',(#1264,#1265,#1266,#1267));
#4723=EDGE_LOOP('',(#1268,#1269,#1270,#1271));
#4724=EDGE_LOOP('',(#1272,#1273,#1274,#1275));
#4725=EDGE_LOOP('',(#1276,#1277,#1278,#1279));
#4726=EDGE_LOOP('',(#1280,#1281,#1282,#1283));
#4727=EDGE_LOOP('',(#1284,#1285,#1286,#1287));
#4728=EDGE_LOOP('',(#1288,#1289,#1290,#1291));
#4729=EDGE_LOOP('',(#1292,#1293,#1294,#1295));
#4730=EDGE_LOOP('',(#1296,#1297,#1298,#1299));
#4731=EDGE_LOOP('',(#1300,#1301,#1302,#1303));
#4732=EDGE_LOOP('',(#1304,#1305,#1306,#1307));
#4733=EDGE_LOOP('',(#1308,#1309,#1310,#1311));
#4734=EDGE_LOOP('',(#1312,#1313,#1314,#1315));
#4735=EDGE_LOOP('',(#1316,#1317,#1318,#1319));
#4736=EDGE_LOOP('',(#1320,#1321,#1322,#1323,#1324,#1325,#1326,#1327,#1328,
#1329,#1330,#1331,#1332,#1333));
#4737=EDGE_LOOP('',(#1334,#1335,#1336,#1337));
#4738=EDGE_LOOP('',(#1338,#1339,#1340,#1341));
#4739=EDGE_LOOP('',(#1342,#1343,#1344,#1345));
#4740=EDGE_LOOP('',(#1346,#1347,#1348,#1349));
#4741=EDGE_LOOP('',(#1350,#1351,#1352,#1353));
#4742=EDGE_LOOP('',(#1354,#1355,#1356,#1357));
#4743=EDGE_LOOP('',(#1358,#1359,#1360,#1361));
#4744=EDGE_LOOP('',(#1362,#1363,#1364,#1365));
#4745=EDGE_LOOP('',(#1366,#1367,#1368,#1369,#1370,#1371,#1372,#1373));
#4746=EDGE_LOOP('',(#1374,#1375,#1376,#1377));
#4747=EDGE_LOOP('',(#1378,#1379,#1380,#1381));
#4748=EDGE_LOOP('',(#1382,#1383,#1384,#1385));
#4749=EDGE_LOOP('',(#1386,#1387,#1388,#1389));
#4750=EDGE_LOOP('',(#1390,#1391,#1392,#1393));
#4751=EDGE_LOOP('',(#1394,#1395,#1396,#1397));
#4752=EDGE_LOOP('',(#1398,#1399,#1400,#1401));
#4753=EDGE_LOOP('',(#1402,#1403,#1404,#1405));
#4754=EDGE_LOOP('',(#1406,#1407,#1408,#1409,#1410,#1411,#1412,#1413));
#4755=EDGE_LOOP('',(#1414,#1415,#1416,#1417));
#4756=EDGE_LOOP('',(#1418,#1419,#1420,#1421));
#4757=EDGE_LOOP('',(#1422,#1423,#1424,#1425));
#4758=EDGE_LOOP('',(#1426,#1427,#1428,#1429));
#4759=EDGE_LOOP('',(#1430,#1431,#1432,#1433));
#4760=EDGE_LOOP('',(#1434,#1435,#1436,#1437));
#4761=EDGE_LOOP('',(#1438,#1439,#1440,#1441));
#4762=EDGE_LOOP('',(#1442,#1443,#1444,#1445));
#4763=EDGE_LOOP('',(#1446,#1447,#1448,#1449));
#4764=EDGE_LOOP('',(#1450,#1451,#1452,#1453));
#4765=EDGE_LOOP('',(#1454,#1455,#1456,#1457));
#4766=EDGE_LOOP('',(#1458,#1459,#1460,#1461));
#4767=EDGE_LOOP('',(#1462,#1463,#1464,#1465));
#4768=EDGE_LOOP('',(#1466,#1467,#1468,#1469,#1470,#1471,#1472,#1473));
#4769=EDGE_LOOP('',(#1474,#1475,#1476,#1477));
#4770=EDGE_LOOP('',(#1478,#1479,#1480,#1481));
#4771=EDGE_LOOP('',(#1482,#1483,#1484,#1485));
#4772=EDGE_LOOP('',(#1486,#1487,#1488,#1489));
#4773=EDGE_LOOP('',(#1490,#1491,#1492,#1493));
#4774=EDGE_LOOP('',(#1494,#1495,#1496,#1497));
#4775=EDGE_LOOP('',(#1498,#1499,#1500,#1501));
#4776=EDGE_LOOP('',(#1502,#1503,#1504,#1505));
#4777=EDGE_LOOP('',(#1506,#1507,#1508,#1509));
#4778=EDGE_LOOP('',(#1510,#1511,#1512,#1513));
#4779=EDGE_LOOP('',(#1514,#1515,#1516,#1517));
#4780=EDGE_LOOP('',(#1518,#1519,#1520,#1521,#1522,#1523,#1524,#1525));
#4781=EDGE_LOOP('',(#1526,#1527,#1528));
#4782=EDGE_LOOP('',(#1529,#1530,#1531,#1532));
#4783=EDGE_LOOP('',(#1533,#1534,#1535,#1536));
#4784=EDGE_LOOP('',(#1537,#1538,#1539,#1540));
#4785=EDGE_LOOP('',(#1541,#1542,#1543,#1544));
#4786=EDGE_LOOP('',(#1545,#1546,#1547,#1548));
#4787=EDGE_LOOP('',(#1549,#1550,#1551,#1552));
#4788=EDGE_LOOP('',(#1553,#1554,#1555,#1556));
#4789=EDGE_LOOP('',(#1557,#1558,#1559,#1560));
#4790=EDGE_LOOP('',(#1561,#1562,#1563,#1564));
#4791=EDGE_LOOP('',(#1565,#1566,#1567,#1568));
#4792=EDGE_LOOP('',(#1569,#1570,#1571,#1572));
#4793=EDGE_LOOP('',(#1573,#1574,#1575,#1576));
#4794=EDGE_LOOP('',(#1577,#1578,#1579,#1580));
#4795=EDGE_LOOP('',(#1581,#1582,#1583,#1584));
#4796=EDGE_LOOP('',(#1585,#1586,#1587,#1588));
#4797=EDGE_LOOP('',(#1589,#1590,#1591,#1592));
#4798=EDGE_LOOP('',(#1593,#1594,#1595,#1596));
#4799=EDGE_LOOP('',(#1597,#1598,#1599,#1600));
#4800=EDGE_LOOP('',(#1601,#1602,#1603,#1604));
#4801=EDGE_LOOP('',(#1605,#1606,#1607,#1608));
#4802=EDGE_LOOP('',(#1609,#1610,#1611,#1612,#1613,#1614,#1615,#1616,#1617,
#1618,#1619,#1620,#1621));
#4803=EDGE_LOOP('',(#1622,#1623,#1624,#1625,#1626,#1627,#1628));
#4804=EDGE_LOOP('',(#1629,#1630,#1631,#1632));
#4805=EDGE_LOOP('',(#1633,#1634,#1635,#1636));
#4806=EDGE_LOOP('',(#1637,#1638,#1639,#1640));
#4807=EDGE_LOOP('',(#1641,#1642,#1643,#1644));
#4808=EDGE_LOOP('',(#1645,#1646,#1647,#1648));
#4809=EDGE_LOOP('',(#1649,#1650,#1651,#1652));
#4810=EDGE_LOOP('',(#1653,#1654,#1655,#1656));
#4811=EDGE_LOOP('',(#1657,#1658,#1659,#1660));
#4812=EDGE_LOOP('',(#1661,#1662,#1663,#1664));
#4813=EDGE_LOOP('',(#1665,#1666,#1667,#1668));
#4814=EDGE_LOOP('',(#1669,#1670,#1671,#1672));
#4815=EDGE_LOOP('',(#1673,#1674,#1675,#1676,#1677,#1678,#1679,#1680));
#4816=EDGE_LOOP('',(#1681,#1682,#1683));
#4817=EDGE_LOOP('',(#1684,#1685,#1686,#1687));
#4818=EDGE_LOOP('',(#1688,#1689,#1690,#1691));
#4819=EDGE_LOOP('',(#1692,#1693,#1694,#1695));
#4820=EDGE_LOOP('',(#1696,#1697,#1698,#1699));
#4821=EDGE_LOOP('',(#1700,#1701,#1702,#1703));
#4822=EDGE_LOOP('',(#1704,#1705,#1706,#1707));
#4823=EDGE_LOOP('',(#1708,#1709,#1710,#1711));
#4824=EDGE_LOOP('',(#1712,#1713,#1714,#1715));
#4825=EDGE_LOOP('',(#1716,#1717,#1718,#1719));
#4826=EDGE_LOOP('',(#1720,#1721,#1722,#1723));
#4827=EDGE_LOOP('',(#1724,#1725,#1726,#1727));
#4828=EDGE_LOOP('',(#1728,#1729,#1730,#1731));
#4829=EDGE_LOOP('',(#1732,#1733,#1734,#1735));
#4830=EDGE_LOOP('',(#1736,#1737,#1738,#1739));
#4831=EDGE_LOOP('',(#1740,#1741,#1742,#1743));
#4832=EDGE_LOOP('',(#1744,#1745,#1746,#1747));
#4833=EDGE_LOOP('',(#1748,#1749,#1750,#1751));
#4834=EDGE_LOOP('',(#1752,#1753,#1754,#1755));
#4835=EDGE_LOOP('',(#1756,#1757,#1758,#1759));
#4836=EDGE_LOOP('',(#1760,#1761,#1762,#1763));
#4837=EDGE_LOOP('',(#1764,#1765,#1766,#1767));
#4838=EDGE_LOOP('',(#1768,#1769,#1770,#1771));
#4839=EDGE_LOOP('',(#1772,#1773,#1774,#1775));
#4840=EDGE_LOOP('',(#1776,#1777,#1778,#1779));
#4841=EDGE_LOOP('',(#1780,#1781,#1782,#1783));
#4842=EDGE_LOOP('',(#1784,#1785,#1786,#1787));
#4843=EDGE_LOOP('',(#1788,#1789,#1790,#1791));
#4844=EDGE_LOOP('',(#1792,#1793,#1794,#1795));
#4845=EDGE_LOOP('',(#1796,#1797,#1798,#1799));
#4846=EDGE_LOOP('',(#1800,#1801,#1802,#1803,#1804,#1805,#1806,#1807,#1808,
#1809,#1810,#1811,#1812,#1813,#1814,#1815,#1816,#1817,#1818,#1819,#1820,
#1821,#1822,#1823,#1824,#1825,#1826,#1827,#1828));
#4847=EDGE_LOOP('',(#1829,#1830,#1831,#1832));
#4848=EDGE_LOOP('',(#1833,#1834,#1835,#1836));
#4849=EDGE_LOOP('',(#1837,#1838,#1839,#1840));
#4850=EDGE_LOOP('',(#1841,#1842,#1843,#1844));
#4851=EDGE_LOOP('',(#1845,#1846,#1847,#1848));
#4852=EDGE_LOOP('',(#1849,#1850,#1851,#1852));
#4853=EDGE_LOOP('',(#1853,#1854,#1855,#1856));
#4854=EDGE_LOOP('',(#1857,#1858,#1859,#1860));
#4855=EDGE_LOOP('',(#1861,#1862,#1863,#1864));
#4856=EDGE_LOOP('',(#1865,#1866,#1867,#1868));
#4857=EDGE_LOOP('',(#1869,#1870,#1871,#1872));
#4858=EDGE_LOOP('',(#1873,#1874,#1875,#1876));
#4859=EDGE_LOOP('',(#1877,#1878,#1879,#1880));
#4860=EDGE_LOOP('',(#1881,#1882,#1883,#1884,#1885,#1886,#1887,#1888,#1889,
#1890,#1891,#1892,#1893));
#4861=EDGE_LOOP('',(#1894,#1895,#1896,#1897));
#4862=EDGE_LOOP('',(#1898,#1899,#1900,#1901));
#4863=EDGE_LOOP('',(#1902,#1903,#1904,#1905));
#4864=EDGE_LOOP('',(#1906,#1907,#1908,#1909));
#4865=EDGE_LOOP('',(#1910,#1911,#1912,#1913));
#4866=EDGE_LOOP('',(#1914,#1915,#1916,#1917));
#4867=EDGE_LOOP('',(#1918,#1919,#1920,#1921));
#4868=EDGE_LOOP('',(#1922,#1923,#1924,#1925));
#4869=EDGE_LOOP('',(#1926,#1927,#1928,#1929,#1930,#1931,#1932,#1933));
#4870=EDGE_LOOP('',(#1934,#1935,#1936,#1937));
#4871=EDGE_LOOP('',(#1938,#1939,#1940,#1941));
#4872=EDGE_LOOP('',(#1942,#1943,#1944,#1945));
#4873=EDGE_LOOP('',(#1946,#1947,#1948,#1949));
#4874=EDGE_LOOP('',(#1950,#1951,#1952,#1953));
#4875=EDGE_LOOP('',(#1954,#1955,#1956,#1957,#1958,#1959,#1960));
#4876=EDGE_LOOP('',(#1961,#1962,#1963,#1964,#1965,#1966,#1967));
#4877=EDGE_LOOP('',(#1968,#1969,#1970));
#4878=EDGE_LOOP('',(#1971,#1972,#1973,#1974,#1975,#1976,#1977));
#4879=EDGE_LOOP('',(#1978,#1979,#1980));
#4880=EDGE_LOOP('',(#1981,#1982,#1983,#1984));
#4881=EDGE_LOOP('',(#1985,#1986,#1987,#1988));
#4882=EDGE_LOOP('',(#1989,#1990,#1991,#1992));
#4883=EDGE_LOOP('',(#1993,#1994,#1995,#1996));
#4884=EDGE_LOOP('',(#1997,#1998,#1999,#2000));
#4885=EDGE_LOOP('',(#2001,#2002,#2003,#2004));
#4886=EDGE_LOOP('',(#2005,#2006,#2007,#2008));
#4887=EDGE_LOOP('',(#2009,#2010,#2011,#2012));
#4888=EDGE_LOOP('',(#2013,#2014,#2015,#2016));
#4889=EDGE_LOOP('',(#2017,#2018,#2019,#2020));
#4890=EDGE_LOOP('',(#2021,#2022,#2023,#2024));
#4891=EDGE_LOOP('',(#2025,#2026,#2027,#2028));
#4892=EDGE_LOOP('',(#2029,#2030,#2031,#2032));
#4893=EDGE_LOOP('',(#2033,#2034,#2035,#2036));
#4894=EDGE_LOOP('',(#2037,#2038,#2039,#2040));
#4895=EDGE_LOOP('',(#2041,#2042,#2043,#2044));
#4896=EDGE_LOOP('',(#2045,#2046,#2047,#2048));
#4897=FACE_BOUND('',#4560,.T.);
#4898=FACE_BOUND('',#4561,.T.);
#4899=FACE_BOUND('',#4562,.T.);
#4900=FACE_BOUND('',#4563,.T.);
#4901=FACE_BOUND('',#4564,.T.);
#4902=FACE_BOUND('',#4565,.T.);
#4903=FACE_BOUND('',#4566,.T.);
#4904=FACE_BOUND('',#4567,.T.);
#4905=FACE_BOUND('',#4568,.T.);
#4906=FACE_BOUND('',#4569,.T.);
#4907=FACE_BOUND('',#4570,.T.);
#4908=FACE_BOUND('',#4571,.T.);
#4909=FACE_BOUND('',#4572,.T.);
#4910=FACE_BOUND('',#4573,.T.);
#4911=FACE_BOUND('',#4574,.T.);
#4912=FACE_BOUND('',#4575,.T.);
#4913=FACE_BOUND('',#4576,.T.);
#4914=FACE_BOUND('',#4577,.T.);
#4915=FACE_BOUND('',#4578,.T.);
#4916=FACE_BOUND('',#4579,.T.);
#4917=FACE_BOUND('',#4580,.T.);
#4918=FACE_BOUND('',#4581,.T.);
#4919=FACE_BOUND('',#4582,.T.);
#4920=FACE_BOUND('',#4583,.T.);
#4921=FACE_BOUND('',#4584,.T.);
#4922=FACE_BOUND('',#4585,.T.);
#4923=FACE_BOUND('',#4586,.T.);
#4924=FACE_BOUND('',#4587,.T.);
#4925=FACE_BOUND('',#4588,.T.);
#4926=FACE_BOUND('',#4589,.T.);
#4927=FACE_BOUND('',#4590,.T.);
#4928=FACE_BOUND('',#4591,.T.);
#4929=FACE_BOUND('',#4592,.T.);
#4930=FACE_BOUND('',#4593,.T.);
#4931=FACE_BOUND('',#4594,.T.);
#4932=FACE_BOUND('',#4595,.T.);
#4933=FACE_BOUND('',#4596,.T.);
#4934=FACE_BOUND('',#4597,.T.);
#4935=FACE_BOUND('',#4598,.T.);
#4936=FACE_BOUND('',#4599,.T.);
#4937=FACE_BOUND('',#4600,.T.);
#4938=FACE_BOUND('',#4601,.T.);
#4939=FACE_BOUND('',#4602,.T.);
#4940=FACE_BOUND('',#4603,.T.);
#4941=FACE_BOUND('',#4604,.T.);
#4942=FACE_BOUND('',#4605,.T.);
#4943=FACE_BOUND('',#4606,.T.);
#4944=FACE_BOUND('',#4607,.T.);
#4945=FACE_BOUND('',#4608,.T.);
#4946=FACE_BOUND('',#4609,.T.);
#4947=FACE_BOUND('',#4610,.T.);
#4948=FACE_BOUND('',#4611,.T.);
#4949=FACE_BOUND('',#4612,.T.);
#4950=FACE_BOUND('',#4613,.T.);
#4951=FACE_BOUND('',#4614,.T.);
#4952=FACE_BOUND('',#4615,.T.);
#4953=FACE_BOUND('',#4616,.T.);
#4954=FACE_BOUND('',#4617,.T.);
#4955=FACE_BOUND('',#4618,.T.);
#4956=FACE_BOUND('',#4619,.T.);
#4957=FACE_BOUND('',#4620,.T.);
#4958=FACE_BOUND('',#4621,.T.);
#4959=FACE_BOUND('',#4622,.T.);
#4960=FACE_BOUND('',#4623,.T.);
#4961=FACE_BOUND('',#4624,.T.);
#4962=FACE_BOUND('',#4625,.T.);
#4963=FACE_BOUND('',#4626,.T.);
#4964=FACE_BOUND('',#4627,.T.);
#4965=FACE_BOUND('',#4628,.T.);
#4966=FACE_BOUND('',#4629,.T.);
#4967=FACE_BOUND('',#4630,.T.);
#4968=FACE_BOUND('',#4631,.T.);
#4969=FACE_BOUND('',#4632,.T.);
#4970=FACE_BOUND('',#4633,.T.);
#4971=FACE_BOUND('',#4634,.T.);
#4972=FACE_BOUND('',#4635,.T.);
#4973=FACE_BOUND('',#4636,.T.);
#4974=FACE_BOUND('',#4637,.T.);
#4975=FACE_BOUND('',#4638,.T.);
#4976=FACE_BOUND('',#4639,.T.);
#4977=FACE_BOUND('',#4640,.T.);
#4978=FACE_BOUND('',#4641,.T.);
#4979=FACE_BOUND('',#4642,.T.);
#4980=FACE_BOUND('',#4643,.T.);
#4981=FACE_BOUND('',#4644,.T.);
#4982=FACE_BOUND('',#4645,.T.);
#4983=FACE_BOUND('',#4646,.T.);
#4984=FACE_BOUND('',#4647,.T.);
#4985=FACE_BOUND('',#4648,.T.);
#4986=FACE_BOUND('',#4649,.T.);
#4987=FACE_BOUND('',#4650,.T.);
#4988=FACE_BOUND('',#4651,.T.);
#4989=FACE_BOUND('',#4652,.T.);
#4990=FACE_BOUND('',#4653,.T.);
#4991=FACE_BOUND('',#4654,.T.);
#4992=FACE_BOUND('',#4655,.T.);
#4993=FACE_BOUND('',#4656,.T.);
#4994=FACE_BOUND('',#4657,.T.);
#4995=FACE_BOUND('',#4658,.T.);
#4996=FACE_BOUND('',#4659,.T.);
#4997=FACE_BOUND('',#4660,.T.);
#4998=FACE_BOUND('',#4661,.T.);
#4999=FACE_BOUND('',#4662,.T.);
#5000=FACE_BOUND('',#4663,.T.);
#5001=FACE_BOUND('',#4664,.T.);
#5002=FACE_BOUND('',#4665,.T.);
#5003=FACE_BOUND('',#4666,.T.);
#5004=FACE_BOUND('',#4667,.T.);
#5005=FACE_BOUND('',#4668,.T.);
#5006=FACE_BOUND('',#4669,.T.);
#5007=FACE_BOUND('',#4670,.T.);
#5008=FACE_BOUND('',#4671,.T.);
#5009=FACE_BOUND('',#4672,.T.);
#5010=FACE_BOUND('',#4673,.T.);
#5011=FACE_BOUND('',#4674,.T.);
#5012=FACE_BOUND('',#4675,.T.);
#5013=FACE_BOUND('',#4676,.T.);
#5014=FACE_BOUND('',#4677,.T.);
#5015=FACE_BOUND('',#4678,.T.);
#5016=FACE_BOUND('',#4679,.T.);
#5017=FACE_BOUND('',#4680,.T.);
#5018=FACE_BOUND('',#4681,.T.);
#5019=FACE_BOUND('',#4682,.T.);
#5020=FACE_BOUND('',#4683,.T.);
#5021=FACE_BOUND('',#4684,.T.);
#5022=FACE_BOUND('',#4685,.T.);
#5023=FACE_BOUND('',#4686,.T.);
#5024=FACE_BOUND('',#4687,.T.);
#5025=FACE_BOUND('',#4688,.T.);
#5026=FACE_BOUND('',#4689,.T.);
#5027=FACE_BOUND('',#4690,.T.);
#5028=FACE_BOUND('',#4691,.T.);
#5029=FACE_BOUND('',#4692,.T.);
#5030=FACE_BOUND('',#4693,.T.);
#5031=FACE_BOUND('',#4694,.T.);
#5032=FACE_BOUND('',#4695,.T.);
#5033=FACE_BOUND('',#4696,.T.);
#5034=FACE_BOUND('',#4697,.T.);
#5035=FACE_BOUND('',#4698,.T.);
#5036=FACE_BOUND('',#4699,.T.);
#5037=FACE_BOUND('',#4700,.T.);
#5038=FACE_BOUND('',#4701,.T.);
#5039=FACE_BOUND('',#4702,.T.);
#5040=FACE_BOUND('',#4703,.T.);
#5041=FACE_BOUND('',#4704,.T.);
#5042=FACE_BOUND('',#4705,.T.);
#5043=FACE_BOUND('',#4706,.T.);
#5044=FACE_BOUND('',#4707,.T.);
#5045=FACE_BOUND('',#4708,.T.);
#5046=FACE_BOUND('',#4709,.T.);
#5047=FACE_BOUND('',#4710,.T.);
#5048=FACE_BOUND('',#4711,.T.);
#5049=FACE_BOUND('',#4712,.T.);
#5050=FACE_BOUND('',#4713,.T.);
#5051=FACE_BOUND('',#4714,.T.);
#5052=FACE_BOUND('',#4715,.T.);
#5053=FACE_BOUND('',#4716,.T.);
#5054=FACE_BOUND('',#4717,.T.);
#5055=FACE_BOUND('',#4718,.T.);
#5056=FACE_BOUND('',#4719,.T.);
#5057=FACE_BOUND('',#4720,.T.);
#5058=FACE_BOUND('',#4721,.T.);
#5059=FACE_BOUND('',#4722,.T.);
#5060=FACE_BOUND('',#4723,.T.);
#5061=FACE_BOUND('',#4724,.T.);
#5062=FACE_BOUND('',#4725,.T.);
#5063=FACE_BOUND('',#4726,.T.);
#5064=FACE_BOUND('',#4727,.T.);
#5065=FACE_BOUND('',#4728,.T.);
#5066=FACE_BOUND('',#4729,.T.);
#5067=FACE_BOUND('',#4730,.T.);
#5068=FACE_BOUND('',#4731,.T.);
#5069=FACE_BOUND('',#4732,.T.);
#5070=FACE_BOUND('',#4733,.T.);
#5071=FACE_BOUND('',#4734,.T.);
#5072=FACE_BOUND('',#4735,.T.);
#5073=FACE_BOUND('',#4736,.T.);
#5074=FACE_BOUND('',#4737,.T.);
#5075=FACE_BOUND('',#4738,.T.);
#5076=FACE_BOUND('',#4739,.T.);
#5077=FACE_BOUND('',#4740,.T.);
#5078=FACE_BOUND('',#4741,.T.);
#5079=FACE_BOUND('',#4742,.T.);
#5080=FACE_BOUND('',#4743,.T.);
#5081=FACE_BOUND('',#4744,.T.);
#5082=FACE_BOUND('',#4745,.T.);
#5083=FACE_BOUND('',#4746,.T.);
#5084=FACE_BOUND('',#4747,.T.);
#5085=FACE_BOUND('',#4748,.T.);
#5086=FACE_BOUND('',#4749,.T.);
#5087=FACE_BOUND('',#4750,.T.);
#5088=FACE_BOUND('',#4751,.T.);
#5089=FACE_BOUND('',#4752,.T.);
#5090=FACE_BOUND('',#4753,.T.);
#5091=FACE_BOUND('',#4754,.T.);
#5092=FACE_BOUND('',#4755,.T.);
#5093=FACE_BOUND('',#4756,.T.);
#5094=FACE_BOUND('',#4757,.T.);
#5095=FACE_BOUND('',#4758,.T.);
#5096=FACE_BOUND('',#4759,.T.);
#5097=FACE_BOUND('',#4760,.T.);
#5098=FACE_BOUND('',#4761,.T.);
#5099=FACE_BOUND('',#4762,.T.);
#5100=FACE_BOUND('',#4763,.T.);
#5101=FACE_BOUND('',#4764,.T.);
#5102=FACE_BOUND('',#4765,.T.);
#5103=FACE_BOUND('',#4766,.T.);
#5104=FACE_BOUND('',#4767,.T.);
#5105=FACE_BOUND('',#4768,.T.);
#5106=FACE_BOUND('',#4769,.T.);
#5107=FACE_BOUND('',#4770,.T.);
#5108=FACE_BOUND('',#4771,.T.);
#5109=FACE_BOUND('',#4772,.T.);
#5110=FACE_BOUND('',#4773,.T.);
#5111=FACE_BOUND('',#4774,.T.);
#5112=FACE_BOUND('',#4775,.T.);
#5113=FACE_BOUND('',#4776,.T.);
#5114=FACE_BOUND('',#4777,.T.);
#5115=FACE_BOUND('',#4778,.T.);
#5116=FACE_BOUND('',#4779,.T.);
#5117=FACE_BOUND('',#4780,.T.);
#5118=FACE_BOUND('',#4781,.T.);
#5119=FACE_BOUND('',#4782,.T.);
#5120=FACE_BOUND('',#4783,.T.);
#5121=FACE_BOUND('',#4784,.T.);
#5122=FACE_BOUND('',#4785,.T.);
#5123=FACE_BOUND('',#4786,.T.);
#5124=FACE_BOUND('',#4787,.T.);
#5125=FACE_BOUND('',#4788,.T.);
#5126=FACE_BOUND('',#4789,.T.);
#5127=FACE_BOUND('',#4790,.T.);
#5128=FACE_BOUND('',#4791,.T.);
#5129=FACE_BOUND('',#4792,.T.);
#5130=FACE_BOUND('',#4793,.T.);
#5131=FACE_BOUND('',#4794,.T.);
#5132=FACE_BOUND('',#4795,.T.);
#5133=FACE_BOUND('',#4796,.T.);
#5134=FACE_BOUND('',#4797,.T.);
#5135=FACE_BOUND('',#4798,.T.);
#5136=FACE_BOUND('',#4799,.T.);
#5137=FACE_BOUND('',#4800,.T.);
#5138=FACE_BOUND('',#4801,.T.);
#5139=FACE_BOUND('',#4802,.T.);
#5140=FACE_BOUND('',#4803,.T.);
#5141=FACE_BOUND('',#4804,.T.);
#5142=FACE_BOUND('',#4805,.T.);
#5143=FACE_BOUND('',#4806,.T.);
#5144=FACE_BOUND('',#4807,.T.);
#5145=FACE_BOUND('',#4808,.T.);
#5146=FACE_BOUND('',#4809,.T.);
#5147=FACE_BOUND('',#4810,.T.);
#5148=FACE_BOUND('',#4811,.T.);
#5149=FACE_BOUND('',#4812,.T.);
#5150=FACE_BOUND('',#4813,.T.);
#5151=FACE_BOUND('',#4814,.T.);
#5152=FACE_BOUND('',#4815,.T.);
#5153=FACE_BOUND('',#4816,.T.);
#5154=FACE_BOUND('',#4817,.T.);
#5155=FACE_BOUND('',#4818,.T.);
#5156=FACE_BOUND('',#4819,.T.);
#5157=FACE_BOUND('',#4820,.T.);
#5158=FACE_BOUND('',#4821,.T.);
#5159=FACE_BOUND('',#4822,.T.);
#5160=FACE_BOUND('',#4823,.T.);
#5161=FACE_BOUND('',#4824,.T.);
#5162=FACE_BOUND('',#4825,.T.);
#5163=FACE_BOUND('',#4826,.T.);
#5164=FACE_BOUND('',#4827,.T.);
#5165=FACE_BOUND('',#4828,.T.);
#5166=FACE_BOUND('',#4829,.T.);
#5167=FACE_BOUND('',#4830,.T.);
#5168=FACE_BOUND('',#4831,.T.);
#5169=FACE_BOUND('',#4832,.T.);
#5170=FACE_BOUND('',#4833,.T.);
#5171=FACE_BOUND('',#4834,.T.);
#5172=FACE_BOUND('',#4835,.T.);
#5173=FACE_BOUND('',#4836,.T.);
#5174=FACE_BOUND('',#4837,.T.);
#5175=FACE_BOUND('',#4838,.T.);
#5176=FACE_BOUND('',#4839,.T.);
#5177=FACE_BOUND('',#4840,.T.);
#5178=FACE_BOUND('',#4841,.T.);
#5179=FACE_BOUND('',#4842,.T.);
#5180=FACE_BOUND('',#4843,.T.);
#5181=FACE_BOUND('',#4844,.T.);
#5182=FACE_BOUND('',#4845,.T.);
#5183=FACE_BOUND('',#4846,.T.);
#5184=FACE_BOUND('',#4847,.T.);
#5185=FACE_BOUND('',#4848,.T.);
#5186=FACE_BOUND('',#4849,.T.);
#5187=FACE_BOUND('',#4850,.T.);
#5188=FACE_BOUND('',#4851,.T.);
#5189=FACE_BOUND('',#4852,.T.);
#5190=FACE_BOUND('',#4853,.T.);
#5191=FACE_BOUND('',#4854,.T.);
#5192=FACE_BOUND('',#4855,.T.);
#5193=FACE_BOUND('',#4856,.T.);
#5194=FACE_BOUND('',#4857,.T.);
#5195=FACE_BOUND('',#4858,.T.);
#5196=FACE_BOUND('',#4859,.T.);
#5197=FACE_BOUND('',#4860,.T.);
#5198=FACE_BOUND('',#4861,.T.);
#5199=FACE_BOUND('',#4862,.T.);
#5200=FACE_BOUND('',#4863,.T.);
#5201=FACE_BOUND('',#4864,.T.);
#5202=FACE_BOUND('',#4865,.T.);
#5203=FACE_BOUND('',#4866,.T.);
#5204=FACE_BOUND('',#4867,.T.);
#5205=FACE_BOUND('',#4868,.T.);
#5206=FACE_BOUND('',#4869,.T.);
#5207=FACE_BOUND('',#4870,.T.);
#5208=FACE_BOUND('',#4871,.T.);
#5209=FACE_BOUND('',#4872,.T.);
#5210=FACE_BOUND('',#4873,.T.);
#5211=FACE_BOUND('',#4874,.T.);
#5212=FACE_BOUND('',#4875,.T.);
#5213=FACE_BOUND('',#4876,.T.);
#5214=FACE_BOUND('',#4877,.T.);
#5215=FACE_BOUND('',#4878,.T.);
#5216=FACE_BOUND('',#4879,.T.);
#5217=FACE_BOUND('',#4880,.T.);
#5218=FACE_BOUND('',#4881,.T.);
#5219=FACE_BOUND('',#4882,.T.);
#5220=FACE_BOUND('',#4883,.T.);
#5221=FACE_BOUND('',#4884,.T.);
#5222=FACE_BOUND('',#4885,.T.);
#5223=FACE_BOUND('',#4886,.T.);
#5224=FACE_BOUND('',#4887,.T.);
#5225=FACE_BOUND('',#4888,.T.);
#5226=FACE_BOUND('',#4889,.T.);
#5227=FACE_BOUND('',#4890,.T.);
#5228=FACE_BOUND('',#4891,.T.);
#5229=FACE_BOUND('',#4892,.T.);
#5230=FACE_BOUND('',#4893,.T.);
#5231=FACE_BOUND('',#4894,.T.);
#5232=FACE_BOUND('',#4895,.T.);
#5233=FACE_BOUND('',#4896,.T.);
#5234=PLANE('',#5724);
#5235=PLANE('',#5725);
#5236=PLANE('',#5726);
#5237=PLANE('',#5730);
#5238=PLANE('',#5731);
#5239=PLANE('',#5732);
#5240=PLANE('',#5733);
#5241=PLANE('',#5734);
#5242=PLANE('',#5735);
#5243=PLANE('',#5736);
#5244=PLANE('',#5737);
#5245=PLANE('',#5738);
#5246=PLANE('',#5742);
#5247=PLANE('',#5755);
#5248=PLANE('',#5756);
#5249=PLANE('',#5757);
#5250=PLANE('',#5758);
#5251=PLANE('',#5759);
#5252=PLANE('',#5760);
#5253=PLANE('',#5761);
#5254=PLANE('',#5762);
#5255=PLANE('',#5763);
#5256=PLANE('',#5764);
#5257=PLANE('',#5765);
#5258=PLANE('',#5766);
#5259=PLANE('',#5767);
#5260=PLANE('',#5768);
#5261=PLANE('',#5769);
#5262=PLANE('',#5770);
#5263=PLANE('',#5771);
#5264=PLANE('',#5772);
#5265=PLANE('',#5773);
#5266=PLANE('',#5774);
#5267=PLANE('',#5775);
#5268=PLANE('',#5776);
#5269=PLANE('',#5777);
#5270=PLANE('',#5778);
#5271=PLANE('',#5779);
#5272=PLANE('',#5780);
#5273=PLANE('',#5781);
#5274=PLANE('',#5782);
#5275=PLANE('',#5783);
#5276=PLANE('',#5784);
#5277=PLANE('',#5785);
#5278=PLANE('',#5786);
#5279=PLANE('',#5787);
#5280=PLANE('',#5788);
#5281=PLANE('',#5789);
#5282=PLANE('',#5790);
#5283=PLANE('',#5791);
#5284=PLANE('',#5792);
#5285=PLANE('',#5793);
#5286=PLANE('',#5794);
#5287=PLANE('',#5795);
#5288=PLANE('',#5796);
#5289=PLANE('',#5797);
#5290=PLANE('',#5798);
#5291=PLANE('',#5799);
#5292=PLANE('',#5802);
#5293=PLANE('',#5803);
#5294=PLANE('',#5804);
#5295=PLANE('',#5805);
#5296=PLANE('',#5806);
#5297=PLANE('',#5807);
#5298=PLANE('',#5808);
#5299=PLANE('',#5809);
#5300=PLANE('',#5810);
#5301=PLANE('',#5811);
#5302=PLANE('',#5812);
#5303=PLANE('',#5815);
#5304=PLANE('',#5816);
#5305=PLANE('',#5817);
#5306=PLANE('',#5818);
#5307=PLANE('',#5819);
#5308=PLANE('',#5820);
#5309=PLANE('',#5821);
#5310=PLANE('',#5822);
#5311=PLANE('',#5823);
#5312=PLANE('',#5824);
#5313=PLANE('',#5825);
#5314=PLANE('',#5826);
#5315=PLANE('',#5827);
#5316=PLANE('',#5828);
#5317=PLANE('',#5829);
#5318=PLANE('',#5830);
#5319=PLANE('',#5831);
#5320=PLANE('',#5832);
#5321=PLANE('',#5833);
#5322=PLANE('',#5834);
#5323=PLANE('',#5835);
#5324=PLANE('',#5836);
#5325=PLANE('',#5837);
#5326=PLANE('',#5838);
#5327=PLANE('',#5839);
#5328=PLANE('',#5840);
#5329=PLANE('',#5841);
#5330=PLANE('',#5842);
#5331=PLANE('',#5843);
#5332=PLANE('',#5844);
#5333=PLANE('',#5845);
#5334=PLANE('',#5846);
#5335=PLANE('',#5847);
#5336=PLANE('',#5848);
#5337=PLANE('',#5849);
#5338=PLANE('',#5850);
#5339=PLANE('',#5851);
#5340=PLANE('',#5852);
#5341=PLANE('',#5853);
#5342=PLANE('',#5854);
#5343=PLANE('',#5855);
#5344=PLANE('',#5856);
#5345=PLANE('',#5857);
#5346=PLANE('',#5858);
#5347=PLANE('',#5859);
#5348=PLANE('',#5860);
#5349=PLANE('',#5861);
#5350=PLANE('',#5862);
#5351=PLANE('',#5863);
#5352=PLANE('',#5864);
#5353=PLANE('',#5865);
#5354=PLANE('',#5866);
#5355=PLANE('',#5867);
#5356=PLANE('',#5868);
#5357=PLANE('',#5869);
#5358=PLANE('',#5870);
#5359=PLANE('',#5871);
#5360=PLANE('',#5872);
#5361=PLANE('',#5873);
#5362=PLANE('',#5874);
#5363=PLANE('',#5875);
#5364=PLANE('',#5876);
#5365=PLANE('',#5877);
#5366=PLANE('',#5878);
#5367=PLANE('',#5879);
#5368=PLANE('',#5880);
#5369=PLANE('',#5883);
#5370=PLANE('',#5884);
#5371=PLANE('',#5885);
#5372=PLANE('',#5886);
#5373=PLANE('',#5887);
#5374=PLANE('',#5888);
#5375=PLANE('',#5889);
#5376=PLANE('',#5890);
#5377=PLANE('',#5891);
#5378=PLANE('',#5892);
#5379=PLANE('',#5893);
#5380=PLANE('',#5894);
#5381=PLANE('',#5895);
#5382=PLANE('',#5896);
#5383=PLANE('',#5897);
#5384=PLANE('',#5898);
#5385=PLANE('',#5899);
#5386=PLANE('',#5900);
#5387=PLANE('',#5901);
#5388=PLANE('',#5902);
#5389=PLANE('',#5903);
#5390=PLANE('',#5904);
#5391=PLANE('',#5905);
#5392=PLANE('',#5906);
#5393=PLANE('',#5907);
#5394=PLANE('',#5908);
#5395=PLANE('',#5909);
#5396=PLANE('',#5910);
#5397=PLANE('',#5911);
#5398=PLANE('',#5912);
#5399=PLANE('',#5913);
#5400=PLANE('',#5914);
#5401=PLANE('',#5915);
#5402=PLANE('',#5916);
#5403=PLANE('',#5917);
#5404=PLANE('',#5918);
#5405=PLANE('',#5919);
#5406=PLANE('',#5920);
#5407=ADVANCED_FACE('',(#4897,#4898,#4899,#4900,#4901),#5234,.T.);
#5408=ADVANCED_FACE('',(#4902,#4903,#4904,#4905,#4906),#5235,.F.);
#5409=ADVANCED_FACE('',(#4907,#4908,#4909,#4910,#4911,#4912,#4913,#4914,
#4915,#4916,#4917,#4918,#4919,#4920,#4921,#4922,#4923,#4924,#4925,#4926),
#5236,.T.);
#5410=ADVANCED_FACE('',(#4927),#5237,.T.);
#5411=ADVANCED_FACE('',(#4928),#5238,.T.);
#5412=ADVANCED_FACE('',(#4929),#5239,.T.);
#5413=ADVANCED_FACE('',(#4930),#5240,.F.);
#5414=ADVANCED_FACE('',(#4931),#5241,.F.);
#5415=ADVANCED_FACE('',(#4932),#5242,.F.);
#5416=ADVANCED_FACE('',(#4933),#5243,.F.);
#5417=ADVANCED_FACE('',(#4934),#5244,.F.);
#5418=ADVANCED_FACE('',(#4935),#5245,.T.);
#5419=ADVANCED_FACE('',(#4936),#5246,.F.);
#5420=ADVANCED_FACE('',(#4937),#138,.T.);
#5421=ADVANCED_FACE('',(#4938),#139,.T.);
#5422=ADVANCED_FACE('',(#4939),#140,.T.);
#5423=ADVANCED_FACE('',(#4940),#141,.T.);
#5424=ADVANCED_FACE('',(#4941),#142,.T.);
#5425=ADVANCED_FACE('',(#4942),#5247,.T.);
#5426=ADVANCED_FACE('',(#4943),#5248,.T.);
#5427=ADVANCED_FACE('',(#4944),#5249,.T.);
#5428=ADVANCED_FACE('',(#4945),#12,.T.);
#5429=ADVANCED_FACE('',(#4946),#13,.T.);
#5430=ADVANCED_FACE('',(#4947),#14,.T.);
#5431=ADVANCED_FACE('',(#4948),#15,.T.);
#5432=ADVANCED_FACE('',(#4949),#5250,.T.);
#5433=ADVANCED_FACE('',(#4950),#5251,.T.);
#5434=ADVANCED_FACE('',(#4951),#5252,.T.);
#5435=ADVANCED_FACE('',(#4952),#16,.T.);
#5436=ADVANCED_FACE('',(#4953),#17,.T.);
#5437=ADVANCED_FACE('',(#4954),#5253,.T.);
#5438=ADVANCED_FACE('',(#4955),#18,.T.);
#5439=ADVANCED_FACE('',(#4956),#19,.T.);
#5440=ADVANCED_FACE('',(#4957),#5254,.T.);
#5441=ADVANCED_FACE('',(#4958),#5255,.T.);
#5442=ADVANCED_FACE('',(#4959),#5256,.T.);
#5443=ADVANCED_FACE('',(#4960),#5257,.T.);
#5444=ADVANCED_FACE('',(#4961),#20,.T.);
#5445=ADVANCED_FACE('',(#4962),#21,.T.);
#5446=ADVANCED_FACE('',(#4963),#22,.T.);
#5447=ADVANCED_FACE('',(#4964),#5258,.T.);
#5448=ADVANCED_FACE('',(#4965),#5259,.T.);
#5449=ADVANCED_FACE('',(#4966),#23,.T.);
#5450=ADVANCED_FACE('',(#4967),#24,.T.);
#5451=ADVANCED_FACE('',(#4968),#25,.T.);
#5452=ADVANCED_FACE('',(#4969),#5260,.T.);
#5453=ADVANCED_FACE('',(#4970),#5261,.T.);
#5454=ADVANCED_FACE('',(#4971),#26,.T.);
#5455=ADVANCED_FACE('',(#4972),#27,.T.);
#5456=ADVANCED_FACE('',(#4973),#28,.T.);
#5457=ADVANCED_FACE('',(#4974),#29,.T.);
#5458=ADVANCED_FACE('',(#4975),#30,.T.);
#5459=ADVANCED_FACE('',(#4976),#31,.T.);
#5460=ADVANCED_FACE('',(#4977),#32,.T.);
#5461=ADVANCED_FACE('',(#4978),#33,.T.);
#5462=ADVANCED_FACE('',(#4979),#5262,.T.);
#5463=ADVANCED_FACE('',(#4980),#5263,.T.);
#5464=ADVANCED_FACE('',(#4981),#34,.T.);
#5465=ADVANCED_FACE('',(#4982,#4983,#4984),#5264,.T.);
#5466=ADVANCED_FACE('',(#4985),#5265,.T.);
#5467=ADVANCED_FACE('',(#4986),#5266,.T.);
#5468=ADVANCED_FACE('',(#4987),#5267,.T.);
#5469=ADVANCED_FACE('',(#4988),#5268,.T.);
#5470=ADVANCED_FACE('',(#4989),#35,.T.);
#5471=ADVANCED_FACE('',(#4990),#36,.T.);
#5472=ADVANCED_FACE('',(#4991),#37,.T.);
#5473=ADVANCED_FACE('',(#4992),#5269,.T.);
#5474=ADVANCED_FACE('',(#4993),#5270,.T.);
#5475=ADVANCED_FACE('',(#4994),#5271,.T.);
#5476=ADVANCED_FACE('',(#4995),#5272,.T.);
#5477=ADVANCED_FACE('',(#4996),#5273,.T.);
#5478=ADVANCED_FACE('',(#4997),#38,.T.);
#5479=ADVANCED_FACE('',(#4998),#39,.T.);
#5480=ADVANCED_FACE('',(#4999),#40,.T.);
#5481=ADVANCED_FACE('',(#5000),#41,.T.);
#5482=ADVANCED_FACE('',(#5001),#5274,.T.);
#5483=ADVANCED_FACE('',(#5002),#5275,.T.);
#5484=ADVANCED_FACE('',(#5003),#5276,.T.);
#5485=ADVANCED_FACE('',(#5004),#5277,.T.);
#5486=ADVANCED_FACE('',(#5005),#42,.T.);
#5487=ADVANCED_FACE('',(#5006,#5007),#5278,.T.);
#5488=ADVANCED_FACE('',(#5008),#5279,.T.);
#5489=ADVANCED_FACE('',(#5009),#5280,.T.);
#5490=ADVANCED_FACE('',(#5010),#5281,.T.);
#5491=ADVANCED_FACE('',(#5011),#5282,.T.);
#5492=ADVANCED_FACE('',(#5012),#5283,.T.);
#5493=ADVANCED_FACE('',(#5013),#5284,.T.);
#5494=ADVANCED_FACE('',(#5014),#5285,.T.);
#5495=ADVANCED_FACE('',(#5015),#5286,.T.);
#5496=ADVANCED_FACE('',(#5016),#43,.T.);
#5497=ADVANCED_FACE('',(#5017),#5287,.T.);
#5498=ADVANCED_FACE('',(#5018),#5288,.T.);
#5499=ADVANCED_FACE('',(#5019),#5289,.T.);
#5500=ADVANCED_FACE('',(#5020),#5290,.T.);
#5501=ADVANCED_FACE('',(#5021),#5291,.T.);
#5502=ADVANCED_FACE('',(#5022),#143,.T.);
#5503=ADVANCED_FACE('',(#5023),#44,.T.);
#5504=ADVANCED_FACE('',(#5024),#45,.T.);
#5505=ADVANCED_FACE('',(#5025),#46,.T.);
#5506=ADVANCED_FACE('',(#5026),#5292,.T.);
#5507=ADVANCED_FACE('',(#5027),#5293,.T.);
#5508=ADVANCED_FACE('',(#5028),#5294,.T.);
#5509=ADVANCED_FACE('',(#5029),#47,.T.);
#5510=ADVANCED_FACE('',(#5030),#5295,.T.);
#5511=ADVANCED_FACE('',(#5031),#5296,.T.);
#5512=ADVANCED_FACE('',(#5032),#5297,.T.);
#5513=ADVANCED_FACE('',(#5033),#5298,.T.);
#5514=ADVANCED_FACE('',(#5034),#5299,.T.);
#5515=ADVANCED_FACE('',(#5035),#5300,.T.);
#5516=ADVANCED_FACE('',(#5036),#5301,.T.);
#5517=ADVANCED_FACE('',(#5037),#5302,.T.);
#5518=ADVANCED_FACE('',(#5038),#48,.T.);
#5519=ADVANCED_FACE('',(#5039),#49,.T.);
#5520=ADVANCED_FACE('',(#5040),#144,.F.);
#5521=ADVANCED_FACE('',(#5041),#5303,.T.);
#5522=ADVANCED_FACE('',(#5042),#50,.T.);
#5523=ADVANCED_FACE('',(#5043),#51,.T.);
#5524=ADVANCED_FACE('',(#5044),#52,.T.);
#5525=ADVANCED_FACE('',(#5045),#5304,.T.);
#5526=ADVANCED_FACE('',(#5046),#5305,.T.);
#5527=ADVANCED_FACE('',(#5047),#5306,.T.);
#5528=ADVANCED_FACE('',(#5048),#5307,.T.);
#5529=ADVANCED_FACE('',(#5049),#5308,.T.);
#5530=ADVANCED_FACE('',(#5050),#53,.T.);
#5531=ADVANCED_FACE('',(#5051),#54,.T.);
#5532=ADVANCED_FACE('',(#5052),#55,.T.);
#5533=ADVANCED_FACE('',(#5053),#56,.T.);
#5534=ADVANCED_FACE('',(#5054),#57,.T.);
#5535=ADVANCED_FACE('',(#5055),#58,.T.);
#5536=ADVANCED_FACE('',(#5056),#59,.T.);
#5537=ADVANCED_FACE('',(#5057),#60,.T.);
#5538=ADVANCED_FACE('',(#5058),#5309,.T.);
#5539=ADVANCED_FACE('',(#5059),#5310,.T.);
#5540=ADVANCED_FACE('',(#5060),#5311,.T.);
#5541=ADVANCED_FACE('',(#5061),#5312,.T.);
#5542=ADVANCED_FACE('',(#5062),#5313,.T.);
#5543=ADVANCED_FACE('',(#5063),#5314,.T.);
#5544=ADVANCED_FACE('',(#5064),#61,.T.);
#5545=ADVANCED_FACE('',(#5065),#62,.T.);
#5546=ADVANCED_FACE('',(#5066),#5315,.T.);
#5547=ADVANCED_FACE('',(#5067),#5316,.T.);
#5548=ADVANCED_FACE('',(#5068),#5317,.T.);
#5549=ADVANCED_FACE('',(#5069),#5318,.T.);
#5550=ADVANCED_FACE('',(#5070),#63,.T.);
#5551=ADVANCED_FACE('',(#5071),#5319,.T.);
#5552=ADVANCED_FACE('',(#5072),#5320,.T.);
#5553=ADVANCED_FACE('',(#5073),#5321,.T.);
#5554=ADVANCED_FACE('',(#5074),#64,.T.);
#5555=ADVANCED_FACE('',(#5075),#65,.T.);
#5556=ADVANCED_FACE('',(#5076),#66,.T.);
#5557=ADVANCED_FACE('',(#5077),#67,.T.);
#5558=ADVANCED_FACE('',(#5078),#68,.T.);
#5559=ADVANCED_FACE('',(#5079),#69,.T.);
#5560=ADVANCED_FACE('',(#5080),#70,.T.);
#5561=ADVANCED_FACE('',(#5081),#71,.T.);
#5562=ADVANCED_FACE('',(#5082),#5322,.T.);
#5563=ADVANCED_FACE('',(#5083),#72,.T.);
#5564=ADVANCED_FACE('',(#5084),#73,.T.);
#5565=ADVANCED_FACE('',(#5085),#74,.T.);
#5566=ADVANCED_FACE('',(#5086),#75,.T.);
#5567=ADVANCED_FACE('',(#5087),#76,.T.);
#5568=ADVANCED_FACE('',(#5088),#77,.T.);
#5569=ADVANCED_FACE('',(#5089),#78,.T.);
#5570=ADVANCED_FACE('',(#5090),#79,.T.);
#5571=ADVANCED_FACE('',(#5091),#5323,.T.);
#5572=ADVANCED_FACE('',(#5092),#5324,.T.);
#5573=ADVANCED_FACE('',(#5093),#5325,.T.);
#5574=ADVANCED_FACE('',(#5094),#5326,.T.);
#5575=ADVANCED_FACE('',(#5095),#5327,.T.);
#5576=ADVANCED_FACE('',(#5096),#5328,.T.);
#5577=ADVANCED_FACE('',(#5097),#80,.T.);
#5578=ADVANCED_FACE('',(#5098),#81,.T.);
#5579=ADVANCED_FACE('',(#5099),#82,.T.);
#5580=ADVANCED_FACE('',(#5100),#83,.T.);
#5581=ADVANCED_FACE('',(#5101),#84,.T.);
#5582=ADVANCED_FACE('',(#5102),#85,.T.);
#5583=ADVANCED_FACE('',(#5103),#86,.T.);
#5584=ADVANCED_FACE('',(#5104),#87,.T.);
#5585=ADVANCED_FACE('',(#5105),#5329,.T.);
#5586=ADVANCED_FACE('',(#5106),#5330,.T.);
#5587=ADVANCED_FACE('',(#5107),#5331,.T.);
#5588=ADVANCED_FACE('',(#5108),#5332,.T.);
#5589=ADVANCED_FACE('',(#5109),#5333,.T.);
#5590=ADVANCED_FACE('',(#5110),#5334,.T.);
#5591=ADVANCED_FACE('',(#5111),#5335,.T.);
#5592=ADVANCED_FACE('',(#5112),#5336,.T.);
#5593=ADVANCED_FACE('',(#5113),#5337,.T.);
#5594=ADVANCED_FACE('',(#5114),#5338,.T.);
#5595=ADVANCED_FACE('',(#5115),#5339,.T.);
#5596=ADVANCED_FACE('',(#5116),#5340,.T.);
#5597=ADVANCED_FACE('',(#5117,#5118),#5341,.T.);
#5598=ADVANCED_FACE('',(#5119),#5342,.T.);
#5599=ADVANCED_FACE('',(#5120),#5343,.T.);
#5600=ADVANCED_FACE('',(#5121),#5344,.T.);
#5601=ADVANCED_FACE('',(#5122),#88,.T.);
#5602=ADVANCED_FACE('',(#5123),#89,.T.);
#5603=ADVANCED_FACE('',(#5124),#90,.T.);
#5604=ADVANCED_FACE('',(#5125),#5345,.T.);
#5605=ADVANCED_FACE('',(#5126),#5346,.T.);
#5606=ADVANCED_FACE('',(#5127),#5347,.T.);
#5607=ADVANCED_FACE('',(#5128),#5348,.T.);
#5608=ADVANCED_FACE('',(#5129),#5349,.T.);
#5609=ADVANCED_FACE('',(#5130),#91,.T.);
#5610=ADVANCED_FACE('',(#5131),#92,.T.);
#5611=ADVANCED_FACE('',(#5132),#93,.T.);
#5612=ADVANCED_FACE('',(#5133),#94,.T.);
#5613=ADVANCED_FACE('',(#5134),#5350,.T.);
#5614=ADVANCED_FACE('',(#5135),#5351,.T.);
#5615=ADVANCED_FACE('',(#5136),#5352,.T.);
#5616=ADVANCED_FACE('',(#5137),#5353,.T.);
#5617=ADVANCED_FACE('',(#5138),#95,.T.);
#5618=ADVANCED_FACE('',(#5139,#5140),#5354,.T.);
#5619=ADVANCED_FACE('',(#5141),#5355,.T.);
#5620=ADVANCED_FACE('',(#5142),#5356,.T.);
#5621=ADVANCED_FACE('',(#5143),#5357,.T.);
#5622=ADVANCED_FACE('',(#5144),#5358,.T.);
#5623=ADVANCED_FACE('',(#5145),#5359,.T.);
#5624=ADVANCED_FACE('',(#5146),#5360,.T.);
#5625=ADVANCED_FACE('',(#5147),#5361,.T.);
#5626=ADVANCED_FACE('',(#5148),#5362,.T.);
#5627=ADVANCED_FACE('',(#5149),#5363,.T.);
#5628=ADVANCED_FACE('',(#5150),#5364,.T.);
#5629=ADVANCED_FACE('',(#5151),#5365,.T.);
#5630=ADVANCED_FACE('',(#5152,#5153),#5366,.T.);
#5631=ADVANCED_FACE('',(#5154),#96,.T.);
#5632=ADVANCED_FACE('',(#5155),#97,.T.);
#5633=ADVANCED_FACE('',(#5156),#98,.T.);
#5634=ADVANCED_FACE('',(#5157),#99,.T.);
#5635=ADVANCED_FACE('',(#5158),#100,.T.);
#5636=ADVANCED_FACE('',(#5159),#101,.T.);
#5637=ADVANCED_FACE('',(#5160),#102,.T.);
#5638=ADVANCED_FACE('',(#5161),#5367,.T.);
#5639=ADVANCED_FACE('',(#5162),#103,.T.);
#5640=ADVANCED_FACE('',(#5163),#104,.T.);
#5641=ADVANCED_FACE('',(#5164),#105,.T.);
#5642=ADVANCED_FACE('',(#5165),#106,.T.);
#5643=ADVANCED_FACE('',(#5166),#107,.T.);
#5644=ADVANCED_FACE('',(#5167),#108,.T.);
#5645=ADVANCED_FACE('',(#5168),#109,.T.);
#5646=ADVANCED_FACE('',(#5169),#110,.T.);
#5647=ADVANCED_FACE('',(#5170),#111,.T.);
#5648=ADVANCED_FACE('',(#5171),#112,.T.);
#5649=ADVANCED_FACE('',(#5172),#113,.T.);
#5650=ADVANCED_FACE('',(#5173),#114,.T.);
#5651=ADVANCED_FACE('',(#5174),#115,.T.);
#5652=ADVANCED_FACE('',(#5175),#116,.T.);
#5653=ADVANCED_FACE('',(#5176),#5368,.T.);
#5654=ADVANCED_FACE('',(#5177),#145,.F.);
#5655=ADVANCED_FACE('',(#5178),#117,.T.);
#5656=ADVANCED_FACE('',(#5179),#118,.T.);
#5657=ADVANCED_FACE('',(#5180),#119,.T.);
#5658=ADVANCED_FACE('',(#5181),#120,.T.);
#5659=ADVANCED_FACE('',(#5182),#121,.T.);
#5660=ADVANCED_FACE('',(#5183),#5369,.T.);
#5661=ADVANCED_FACE('',(#5184),#5370,.T.);
#5662=ADVANCED_FACE('',(#5185),#5371,.T.);
#5663=ADVANCED_FACE('',(#5186),#5372,.T.);
#5664=ADVANCED_FACE('',(#5187),#5373,.T.);
#5665=ADVANCED_FACE('',(#5188),#5374,.T.);
#5666=ADVANCED_FACE('',(#5189),#5375,.T.);
#5667=ADVANCED_FACE('',(#5190),#5376,.T.);
#5668=ADVANCED_FACE('',(#5191),#5377,.T.);
#5669=ADVANCED_FACE('',(#5192),#5378,.T.);
#5670=ADVANCED_FACE('',(#5193),#5379,.T.);
#5671=ADVANCED_FACE('',(#5194),#5380,.T.);
#5672=ADVANCED_FACE('',(#5195),#5381,.T.);
#5673=ADVANCED_FACE('',(#5196),#5382,.T.);
#5674=ADVANCED_FACE('',(#5197),#5383,.T.);
#5675=ADVANCED_FACE('',(#5198),#122,.T.);
#5676=ADVANCED_FACE('',(#5199),#123,.T.);
#5677=ADVANCED_FACE('',(#5200),#124,.T.);
#5678=ADVANCED_FACE('',(#5201),#125,.T.);
#5679=ADVANCED_FACE('',(#5202),#126,.T.);
#5680=ADVANCED_FACE('',(#5203),#127,.T.);
#5681=ADVANCED_FACE('',(#5204),#128,.T.);
#5682=ADVANCED_FACE('',(#5205),#129,.T.);
#5683=ADVANCED_FACE('',(#5206),#5384,.T.);
#5684=ADVANCED_FACE('',(#5207),#5385,.T.);
#5685=ADVANCED_FACE('',(#5208),#5386,.T.);
#5686=ADVANCED_FACE('',(#5209),#5387,.T.);
#5687=ADVANCED_FACE('',(#5210),#5388,.T.);
#5688=ADVANCED_FACE('',(#5211),#5389,.T.);
#5689=ADVANCED_FACE('',(#5212),#5390,.T.);
#5690=ADVANCED_FACE('',(#5213),#5391,.T.);
#5691=ADVANCED_FACE('',(#5214),#5392,.T.);
#5692=ADVANCED_FACE('',(#5215),#5393,.T.);
#5693=ADVANCED_FACE('',(#5216),#5394,.T.);
#5694=ADVANCED_FACE('',(#5217),#5395,.T.);
#5695=ADVANCED_FACE('',(#5218),#5396,.F.);
#5696=ADVANCED_FACE('',(#5219),#5397,.T.);
#5697=ADVANCED_FACE('',(#5220),#5398,.T.);
#5698=ADVANCED_FACE('',(#5221),#5399,.F.);
#5699=ADVANCED_FACE('',(#5222),#5400,.T.);
#5700=ADVANCED_FACE('',(#5223),#5401,.T.);
#5701=ADVANCED_FACE('',(#5224),#5402,.T.);
#5702=ADVANCED_FACE('',(#5225),#5403,.F.);
#5703=ADVANCED_FACE('',(#5226),#5404,.T.);
#5704=ADVANCED_FACE('',(#5227),#5405,.F.);
#5705=ADVANCED_FACE('',(#5228),#5406,.T.);
#5706=ADVANCED_FACE('',(#5229),#146,.T.);
#5707=ADVANCED_FACE('',(#5230),#147,.T.);
#5708=ADVANCED_FACE('',(#5231),#148,.T.);
#5709=ADVANCED_FACE('',(#5232),#149,.T.);
#5710=ADVANCED_FACE('',(#5233),#150,.T.);
#5711=CLOSED_SHELL('',(#5407,#5408,#5409,#5410,#5411,#5412,#5413,#5414,
#5415,#5416,#5417,#5418,#5419,#5420,#5421,#5422,#5423,#5424,#5425,#5426,
#5427,#5428,#5429,#5430,#5431,#5432,#5433,#5434,#5435,#5436,#5437,#5438,
#5439,#5440,#5441,#5442,#5443,#5444,#5445,#5446,#5447,#5448,#5449,#5450,
#5451,#5452,#5453,#5454,#5455,#5456,#5457,#5458,#5459,#5460,#5461,#5462,
#5463,#5464,#5465,#5466,#5467,#5468,#5469,#5470,#5471,#5472,#5473,#5474,
#5475,#5476,#5477,#5478,#5479,#5480,#5481,#5482,#5483,#5484,#5485,#5486,
#5487,#5488,#5489,#5490,#5491,#5492,#5493,#5494,#5495,#5496,#5497,#5498,
#5499,#5500,#5501,#5502,#5503,#5504,#5505,#5506,#5507,#5508,#5509,#5510,
#5511,#5512,#5513,#5514,#5515,#5516,#5517,#5518,#5519,#5520,#5521,#5522,
#5523,#5524,#5525,#5526,#5527,#5528,#5529,#5530,#5531,#5532,#5533,#5534,
#5535,#5536,#5537,#5538,#5539,#5540,#5541,#5542,#5543,#5544,#5545,#5546,
#5547,#5548,#5549,#5550,#5551,#5552,#5553,#5554,#5555,#5556,#5557,#5558,
#5559,#5560,#5561,#5562,#5563,#5564,#5565,#5566,#5567,#5568,#5569,#5570,
#5571,#5572,#5573,#5574,#5575,#5576,#5577,#5578,#5579,#5580,#5581,#5582,
#5583,#5584,#5585,#5586,#5587,#5588,#5589,#5590,#5591,#5592,#5593,#5594,
#5595,#5596,#5597,#5598,#5599,#5600,#5601,#5602,#5603,#5604,#5605,#5606,
#5607,#5608,#5609,#5610,#5611,#5612,#5613,#5614,#5615,#5616,#5617,#5618,
#5619,#5620,#5621,#5622,#5623,#5624,#5625,#5626,#5627,#5628,#5629,#5630,
#5631,#5632,#5633,#5634,#5635,#5636,#5637,#5638,#5639,#5640,#5641,#5642,
#5643,#5644,#5645,#5646,#5647,#5648,#5649,#5650,#5651,#5652,#5653,#5654,
#5655,#5656,#5657,#5658,#5659,#5660,#5661,#5662,#5663,#5664,#5665,#5666,
#5667,#5668,#5669,#5670,#5671,#5672,#5673,#5674,#5675,#5676,#5677,#5678,
#5679,#5680,#5681,#5682,#5683,#5684,#5685,#5686,#5687,#5688,#5689,#5690,
#5691,#5692,#5693,#5694,#5695,#5696,#5697,#5698,#5699,#5700,#5701,#5702,
#5703,#5704,#5705,#5706,#5707,#5708,#5709,#5710));
#5712=STYLED_ITEM('',(#5713),#5720);
#5713=PRESENTATION_STYLE_ASSIGNMENT((#5714));
#5714=SURFACE_STYLE_USAGE(.BOTH.,#5715);
#5715=SURFACE_SIDE_STYLE('',(#5716));
#5716=SURFACE_STYLE_FILL_AREA(#5717);
#5717=FILL_AREA_STYLE('',(#5718));
#5718=FILL_AREA_STYLE_COLOUR('',#5719);
#5719=COLOUR_RGB('',0.615686274509804,0.811764705882353,0.929411764705882);
#5720=MANIFOLD_SOLID_BREP('Part 1',#5711);
#5721=SHAPE_DEFINITION_REPRESENTATION(#9895,#5722);
#5722=SHAPE_REPRESENTATION('Part 1',(#5723),#9890);
#5723=AXIS2_PLACEMENT_3D('',#6913,#5930,#5931);
#5724=AXIS2_PLACEMENT_3D('',#6914,#5932,#5933);
#5725=AXIS2_PLACEMENT_3D('',#6947,#5950,#5951);
#5726=AXIS2_PLACEMENT_3D('',#6980,#5968,#5969);
#5727=AXIS2_PLACEMENT_3D('',#7212,#6001,#6002);
#5728=AXIS2_PLACEMENT_3D('',#7260,#6012,#6013);
#5729=AXIS2_PLACEMENT_3D('',#7470,#6064,#6065);
#5730=AXIS2_PLACEMENT_3D('',#7617,#6085,#6086);
#5731=AXIS2_PLACEMENT_3D('',#7626,#6091,#6092);
#5732=AXIS2_PLACEMENT_3D('',#7629,#6095,#6096);
#5733=AXIS2_PLACEMENT_3D('',#7638,#6101,#6102);
#5734=AXIS2_PLACEMENT_3D('',#7647,#6107,#6108);
#5735=AXIS2_PLACEMENT_3D('',#7650,#6111,#6112);
#5736=AXIS2_PLACEMENT_3D('',#7656,#6116,#6117);
#5737=AXIS2_PLACEMENT_3D('',#7665,#6122,#6123);
#5738=AXIS2_PLACEMENT_3D('',#7674,#6128,#6129);
#5739=AXIS2_PLACEMENT_3D('',#7675,#6130,#6131);
#5740=AXIS2_PLACEMENT_3D('',#7676,#6132,#6133);
#5741=AXIS2_PLACEMENT_3D('',#7677,#6134,#6135);
#5742=AXIS2_PLACEMENT_3D('',#7681,#6138,#6139);
#5743=AXIS2_PLACEMENT_3D('',#7682,#6140,#6141);
#5744=AXIS2_PLACEMENT_3D('',#7686,#6144,#6145);
#5745=AXIS2_PLACEMENT_3D('',#7687,#6146,#6147);
#5746=AXIS2_PLACEMENT_3D('',#7688,#6148,#6149);
#5747=AXIS2_PLACEMENT_3D('',#7689,#6150,#6151);
#5748=AXIS2_PLACEMENT_3D('',#7690,#6152,#6153);
#5749=AXIS2_PLACEMENT_3D('',#7691,#6154,#6155);
#5750=AXIS2_PLACEMENT_3D('',#7692,#6156,#6157);
#5751=AXIS2_PLACEMENT_3D('',#7693,#6158,#6159);
#5752=AXIS2_PLACEMENT_3D('',#7694,#6160,#6161);
#5753=AXIS2_PLACEMENT_3D('',#7695,#6162,#6163);
#5754=AXIS2_PLACEMENT_3D('',#7696,#6164,#6165);
#5755=AXIS2_PLACEMENT_3D('',#7697,#6166,#6167);
#5756=AXIS2_PLACEMENT_3D('',#7703,#6171,#6172);
#5757=AXIS2_PLACEMENT_3D('',#7707,#6175,#6176);
#5758=AXIS2_PLACEMENT_3D('',#7763,#6183,#6184);
#5759=AXIS2_PLACEMENT_3D('',#7767,#6187,#6188);
#5760=AXIS2_PLACEMENT_3D('',#7771,#6191,#6192);
#5761=AXIS2_PLACEMENT_3D('',#7801,#6197,#6198);
#5762=AXIS2_PLACEMENT_3D('',#7829,#6202,#6203);
#5763=AXIS2_PLACEMENT_3D('',#7830,#6204,#6205);
#5764=AXIS2_PLACEMENT_3D('',#7839,#6210,#6211);
#5765=AXIS2_PLACEMENT_3D('',#7845,#6215,#6216);
#5766=AXIS2_PLACEMENT_3D('',#7902,#6223,#6224);
#5767=AXIS2_PLACEMENT_3D('',#7911,#6229,#6230);
#5768=AXIS2_PLACEMENT_3D('',#7968,#6237,#6238);
#5769=AXIS2_PLACEMENT_3D('',#7974,#6242,#6243);
#5770=AXIS2_PLACEMENT_3D('',#8082,#6254,#6255);
#5771=AXIS2_PLACEMENT_3D('',#8085,#6258,#6259);
#5772=AXIS2_PLACEMENT_3D('',#8101,#6261,#6262);
#5773=AXIS2_PLACEMENT_3D('',#8102,#6263,#6264);
#5774=AXIS2_PLACEMENT_3D('',#8103,#6265,#6266);
#5775=AXIS2_PLACEMENT_3D('',#8112,#6271,#6272);
#5776=AXIS2_PLACEMENT_3D('',#8118,#6276,#6277);
#5777=AXIS2_PLACEMENT_3D('',#8175,#6284,#6285);
#5778=AXIS2_PLACEMENT_3D('',#8181,#6289,#6290);
#5779=AXIS2_PLACEMENT_3D('',#8185,#6293,#6294);
#5780=AXIS2_PLACEMENT_3D('',#8189,#6297,#6298);
#5781=AXIS2_PLACEMENT_3D('',#8193,#6301,#6302);
#5782=AXIS2_PLACEMENT_3D('',#8249,#6309,#6310);
#5783=AXIS2_PLACEMENT_3D('',#8253,#6313,#6314);
#5784=AXIS2_PLACEMENT_3D('',#8257,#6317,#6318);
#5785=AXIS2_PLACEMENT_3D('',#8261,#6321,#6322);
#5786=AXIS2_PLACEMENT_3D('',#8277,#6324,#6325);
#5787=AXIS2_PLACEMENT_3D('',#8278,#6326,#6327);
#5788=AXIS2_PLACEMENT_3D('',#8284,#6331,#6332);
#5789=AXIS2_PLACEMENT_3D('',#8288,#6335,#6336);
#5790=AXIS2_PLACEMENT_3D('',#8292,#6339,#6340);
#5791=AXIS2_PLACEMENT_3D('',#8296,#6343,#6344);
#5792=AXIS2_PLACEMENT_3D('',#8300,#6347,#6348);
#5793=AXIS2_PLACEMENT_3D('',#8304,#6351,#6352);
#5794=AXIS2_PLACEMENT_3D('',#8306,#6354,#6355);
#5795=AXIS2_PLACEMENT_3D('',#8322,#6358,#6359);
#5796=AXIS2_PLACEMENT_3D('',#8326,#6362,#6363);
#5797=AXIS2_PLACEMENT_3D('',#8330,#6366,#6367);
#5798=AXIS2_PLACEMENT_3D('',#8334,#6370,#6371);
#5799=AXIS2_PLACEMENT_3D('',#8338,#6374,#6375);
#5800=AXIS2_PLACEMENT_3D('',#8342,#6378,#6379);
#5801=AXIS2_PLACEMENT_3D('',#8345,#6381,#6382);
#5802=AXIS2_PLACEMENT_3D('',#8385,#6386,#6387);
#5803=AXIS2_PLACEMENT_3D('',#8389,#6390,#6391);
#5804=AXIS2_PLACEMENT_3D('',#8393,#6394,#6395);
#5805=AXIS2_PLACEMENT_3D('',#8408,#6398,#6399);
#5806=AXIS2_PLACEMENT_3D('',#8409,#6400,#6401);
#5807=AXIS2_PLACEMENT_3D('',#8415,#6405,#6406);
#5808=AXIS2_PLACEMENT_3D('',#8419,#6409,#6410);
#5809=AXIS2_PLACEMENT_3D('',#8423,#6413,#6414);
#5810=AXIS2_PLACEMENT_3D('',#8427,#6417,#6418);
#5811=AXIS2_PLACEMENT_3D('',#8431,#6421,#6422);
#5812=AXIS2_PLACEMENT_3D('',#8435,#6425,#6426);
#5813=AXIS2_PLACEMENT_3D('',#8465,#6431,#6432);
#5814=AXIS2_PLACEMENT_3D('',#8468,#6434,#6435);
#5815=AXIS2_PLACEMENT_3D('',#8469,#6436,#6437);
#5816=AXIS2_PLACEMENT_3D('',#8512,#6443,#6444);
#5817=AXIS2_PLACEMENT_3D('',#8516,#6447,#6448);
#5818=AXIS2_PLACEMENT_3D('',#8520,#6451,#6452);
#5819=AXIS2_PLACEMENT_3D('',#8524,#6455,#6456);
#5820=AXIS2_PLACEMENT_3D('',#8526,#6458,#6459);
#5821=AXIS2_PLACEMENT_3D('',#8631,#6468,#6469);
#5822=AXIS2_PLACEMENT_3D('',#8632,#6470,#6471);
#5823=AXIS2_PLACEMENT_3D('',#8638,#6475,#6476);
#5824=AXIS2_PLACEMENT_3D('',#8642,#6479,#6480);
#5825=AXIS2_PLACEMENT_3D('',#8646,#6483,#6484);
#5826=AXIS2_PLACEMENT_3D('',#8650,#6487,#6488);
#5827=AXIS2_PLACEMENT_3D('',#8680,#6493,#6494);
#5828=AXIS2_PLACEMENT_3D('',#8684,#6497,#6498);
#5829=AXIS2_PLACEMENT_3D('',#8688,#6501,#6502);
#5830=AXIS2_PLACEMENT_3D('',#8692,#6505,#6506);
#5831=AXIS2_PLACEMENT_3D('',#8709,#6510,#6511);
#5832=AXIS2_PLACEMENT_3D('',#8713,#6514,#6515);
#5833=AXIS2_PLACEMENT_3D('',#8715,#6517,#6518);
#5834=AXIS2_PLACEMENT_3D('',#8820,#6527,#6528);
#5835=AXIS2_PLACEMENT_3D('',#8925,#6537,#6538);
#5836=AXIS2_PLACEMENT_3D('',#8926,#6539,#6540);
#5837=AXIS2_PLACEMENT_3D('',#8932,#6544,#6545);
#5838=AXIS2_PLACEMENT_3D('',#8936,#6548,#6549);
#5839=AXIS2_PLACEMENT_3D('',#8940,#6552,#6553);
#5840=AXIS2_PLACEMENT_3D('',#8942,#6555,#6556);
#5841=AXIS2_PLACEMENT_3D('',#9047,#6565,#6566);
#5842=AXIS2_PLACEMENT_3D('',#9048,#6567,#6568);
#5843=AXIS2_PLACEMENT_3D('',#9057,#6573,#6574);
#5844=AXIS2_PLACEMENT_3D('',#9063,#6578,#6579);
#5845=AXIS2_PLACEMENT_3D('',#9069,#6583,#6584);
#5846=AXIS2_PLACEMENT_3D('',#9073,#6587,#6588);
#5847=AXIS2_PLACEMENT_3D('',#9077,#6591,#6592);
#5848=AXIS2_PLACEMENT_3D('',#9081,#6595,#6596);
#5849=AXIS2_PLACEMENT_3D('',#9085,#6599,#6600);
#5850=AXIS2_PLACEMENT_3D('',#9089,#6603,#6604);
#5851=AXIS2_PLACEMENT_3D('',#9093,#6607,#6608);
#5852=AXIS2_PLACEMENT_3D('',#9095,#6610,#6611);
#5853=AXIS2_PLACEMENT_3D('',#9098,#6614,#6615);
#5854=AXIS2_PLACEMENT_3D('',#9099,#6616,#6617);
#5855=AXIS2_PLACEMENT_3D('',#9108,#6622,#6623);
#5856=AXIS2_PLACEMENT_3D('',#9114,#6627,#6628);
#5857=AXIS2_PLACEMENT_3D('',#9171,#6635,#6636);
#5858=AXIS2_PLACEMENT_3D('',#9177,#6640,#6641);
#5859=AXIS2_PLACEMENT_3D('',#9181,#6644,#6645);
#5860=AXIS2_PLACEMENT_3D('',#9185,#6648,#6649);
#5861=AXIS2_PLACEMENT_3D('',#9189,#6652,#6653);
#5862=AXIS2_PLACEMENT_3D('',#9245,#6660,#6661);
#5863=AXIS2_PLACEMENT_3D('',#9249,#6664,#6665);
#5864=AXIS2_PLACEMENT_3D('',#9253,#6668,#6669);
#5865=AXIS2_PLACEMENT_3D('',#9257,#6672,#6673);
#5866=AXIS2_PLACEMENT_3D('',#9273,#6675,#6676);
#5867=AXIS2_PLACEMENT_3D('',#9274,#6677,#6678);
#5868=AXIS2_PLACEMENT_3D('',#9283,#6683,#6684);
#5869=AXIS2_PLACEMENT_3D('',#9289,#6688,#6689);
#5870=AXIS2_PLACEMENT_3D('',#9295,#6693,#6694);
#5871=AXIS2_PLACEMENT_3D('',#9299,#6697,#6698);
#5872=AXIS2_PLACEMENT_3D('',#9303,#6701,#6702);
#5873=AXIS2_PLACEMENT_3D('',#9307,#6705,#6706);
#5874=AXIS2_PLACEMENT_3D('',#9311,#6709,#6710);
#5875=AXIS2_PLACEMENT_3D('',#9315,#6713,#6714);
#5876=AXIS2_PLACEMENT_3D('',#9319,#6717,#6718);
#5877=AXIS2_PLACEMENT_3D('',#9321,#6720,#6721);
#5878=AXIS2_PLACEMENT_3D('',#9324,#6724,#6725);
#5879=AXIS2_PLACEMENT_3D('',#9418,#6734,#6735);
#5880=AXIS2_PLACEMENT_3D('',#9604,#6752,#6753);
#5881=AXIS2_PLACEMENT_3D('',#9608,#6756,#6757);
#5882=AXIS2_PLACEMENT_3D('',#9611,#6759,#6760);
#5883=AXIS2_PLACEMENT_3D('',#9675,#6765,#6766);
#5884=AXIS2_PLACEMENT_3D('',#9676,#6767,#6768);
#5885=AXIS2_PLACEMENT_3D('',#9682,#6772,#6773);
#5886=AXIS2_PLACEMENT_3D('',#9686,#6776,#6777);
#5887=AXIS2_PLACEMENT_3D('',#9690,#6780,#6781);
#5888=AXIS2_PLACEMENT_3D('',#9694,#6784,#6785);
#5889=AXIS2_PLACEMENT_3D('',#9698,#6788,#6789);
#5890=AXIS2_PLACEMENT_3D('',#9702,#6792,#6793);
#5891=AXIS2_PLACEMENT_3D('',#9706,#6796,#6797);
#5892=AXIS2_PLACEMENT_3D('',#9710,#6800,#6801);
#5893=AXIS2_PLACEMENT_3D('',#9714,#6804,#6805);
#5894=AXIS2_PLACEMENT_3D('',#9718,#6808,#6809);
#5895=AXIS2_PLACEMENT_3D('',#9722,#6812,#6813);
#5896=AXIS2_PLACEMENT_3D('',#9726,#6816,#6817);
#5897=AXIS2_PLACEMENT_3D('',#9728,#6819,#6820);
#5898=AXIS2_PLACEMENT_3D('',#9833,#6829,#6830);
#5899=AXIS2_PLACEMENT_3D('',#9834,#6831,#6832);
#5900=AXIS2_PLACEMENT_3D('',#9840,#6836,#6837);
#5901=AXIS2_PLACEMENT_3D('',#9844,#6840,#6841);
#5902=AXIS2_PLACEMENT_3D('',#9848,#6844,#6845);
#5903=AXIS2_PLACEMENT_3D('',#9850,#6847,#6848);
#5904=AXIS2_PLACEMENT_3D('',#9851,#6849,#6850);
#5905=AXIS2_PLACEMENT_3D('',#9852,#6851,#6852);
#5906=AXIS2_PLACEMENT_3D('',#9853,#6853,#6854);
#5907=AXIS2_PLACEMENT_3D('',#9854,#6855,#6856);
#5908=AXIS2_PLACEMENT_3D('',#9855,#6857,#6858);
#5909=AXIS2_PLACEMENT_3D('',#9856,#6859,#6860);
#5910=AXIS2_PLACEMENT_3D('',#9859,#6863,#6864);
#5911=AXIS2_PLACEMENT_3D('',#9861,#6866,#6867);
#5912=AXIS2_PLACEMENT_3D('',#9862,#6868,#6869);
#5913=AXIS2_PLACEMENT_3D('',#9865,#6872,#6873);
#5914=AXIS2_PLACEMENT_3D('',#9867,#6875,#6876);
#5915=AXIS2_PLACEMENT_3D('',#9868,#6877,#6878);
#5916=AXIS2_PLACEMENT_3D('',#9871,#6881,#6882);
#5917=AXIS2_PLACEMENT_3D('',#9873,#6884,#6885);
#5918=AXIS2_PLACEMENT_3D('',#9874,#6886,#6887);
#5919=AXIS2_PLACEMENT_3D('',#9877,#6890,#6891);
#5920=AXIS2_PLACEMENT_3D('',#9879,#6893,#6894);
#5921=AXIS2_PLACEMENT_3D('',#9880,#6895,#6896);
#5922=AXIS2_PLACEMENT_3D('',#9881,#6897,#6898);
#5923=AXIS2_PLACEMENT_3D('',#9882,#6899,#6900);
#5924=AXIS2_PLACEMENT_3D('',#9883,#6901,#6902);
#5925=AXIS2_PLACEMENT_3D('',#9884,#6903,#6904);
#5926=AXIS2_PLACEMENT_3D('',#9885,#6905,#6906);
#5927=AXIS2_PLACEMENT_3D('',#9886,#6907,#6908);
#5928=AXIS2_PLACEMENT_3D('',#9887,#6909,#6910);
#5929=AXIS2_PLACEMENT_3D('',#9888,#6911,#6912);
#5930=DIRECTION('',(0.,0.,1.));
#5931=DIRECTION('',(1.,0.,0.));
#5932=DIRECTION('',(-0.921668238763622,0.,0.387978939704674));
#5933=DIRECTION('',(0.387978939704674,0.,0.921668238763622));
#5934=DIRECTION('',(0.387978939704674,0.,0.921668238763622));
#5935=DIRECTION('',(0.,1.,0.));
#5936=DIRECTION('',(0.387978939704674,0.,0.921668238763622));
#5937=DIRECTION('',(0.,1.,0.));
#5938=DIRECTION('',(-0.299492674340681,-0.6357072528611,-0.711463580709554));
#5939=DIRECTION('',(0.,-1.,0.));
#5940=DIRECTION('',(-0.299492674340681,0.6357072528611,-0.711463580709554));
#5941=DIRECTION('',(0.,-1.,0.));
#5942=DIRECTION('',(0.299492674340681,-0.6357072528611,0.711463580709554));
#5943=DIRECTION('',(-0.299492674340681,-0.6357072528611,-0.711463580709554));
#5944=DIRECTION('',(0.299492674340681,-0.635707252861099,0.711463580709555));
#5945=DIRECTION('',(-0.387978939704674,-3.46944695195362E-16,-0.921668238763622));
#5946=DIRECTION('',(-0.299492674340681,-0.6357072528611,-0.711463580709554));
#5947=DIRECTION('',(-0.387978939704674,-1.84314369322536E-16,-0.921668238763622));
#5948=DIRECTION('',(-0.299492674340681,-0.6357072528611,-0.711463580709554));
#5949=DIRECTION('',(-0.299492674340681,0.6357072528611,-0.711463580709554));
#5950=DIRECTION('',(-0.921668238763622,0.,0.387978939704674));
#5951=DIRECTION('',(0.387978939704674,0.,0.921668238763622));
#5952=DIRECTION('',(-0.387978939704674,-3.46944695195362E-16,-0.921668238763622));
#5953=DIRECTION('',(0.299492674340681,-0.635707252861099,0.711463580709554));
#5954=DIRECTION('',(-0.299492674340681,-0.6357072528611,-0.711463580709554));
#5955=DIRECTION('',(0.,-1.,0.));
#5956=DIRECTION('',(-0.299492674340681,-0.6357072528611,-0.711463580709554));
#5957=DIRECTION('',(-0.299492674340681,0.6357072528611,-0.711463580709554));
#5958=DIRECTION('',(0.387978939704674,0.,0.921668238763622));
#5959=DIRECTION('',(0.,1.,0.));
#5960=DIRECTION('',(0.387978939704674,0.,0.921668238763622));
#5961=DIRECTION('',(0.,1.,0.));
#5962=DIRECTION('',(0.299492674340681,-0.6357072528611,0.711463580709554));
#5963=DIRECTION('',(0.,-1.,0.));
#5964=DIRECTION('',(-0.299492674340681,-0.6357072528611,-0.711463580709554));
#5965=DIRECTION('',(-0.299492674340681,-0.6357072528611,-0.711463580709554));
#5966=DIRECTION('',(-0.387978939704674,-1.84314369322536E-16,-0.921668238763622));
#5967=DIRECTION('',(-0.299492674340681,0.6357072528611,-0.711463580709554));
#5968=DIRECTION('',(0.961205414450187,0.,0.275833557116686));
#5969=DIRECTION('',(0.275833557116686,0.,-0.961205414450187));
#5970=DIRECTION('',(-0.243100519354223,-0.472500367637087,0.847139622537233));
#5971=DIRECTION('',(0.,-1.,0.));
#5972=DIRECTION('',(0.275833557116686,0.,-0.961205414450187));
#5973=DIRECTION('',(0.,-1.,0.));
#5974=DIRECTION('',(-0.275833557116686,0.,0.961205414450187));
#5975=DIRECTION('',(0.,1.,0.));
#5976=DIRECTION('',(0.241322068794025,0.484334461422021,-0.840942202884368));
#5977=DIRECTION('',(0.275833557116686,0.,-0.961205414450187));
#5978=DIRECTION('',(0.,-1.,0.));
#5979=DIRECTION('',(0.275833557116686,0.,-0.961205414450187));
#5980=DIRECTION('',(0.,-1.,0.));
#5981=DIRECTION('',(-0.275833557116686,0.,0.961205414450187));
#5982=DIRECTION('',(0.,1.,0.));
#5983=DIRECTION('',(0.261699336380228,0.316003110389894,-0.911951474346119));
#5984=DIRECTION('',(-0.263421481631937,0.296600726103498,0.917952685212976));
#5985=DIRECTION('',(0.,1.,0.));
#5986=DIRECTION('',(0.260494183964135,-0.328830306037589,-0.907751843816406));
#5987=DIRECTION('',(-0.0249727968771223,-0.995893206467703,0.087023449297361));
#5988=DIRECTION('',(-0.0504521411455546,-0.983130049483585,0.17581207938089));
#5989=DIRECTION('',(-0.275833557116686,0.,0.961205414450187));
#5990=DIRECTION('',(0.0211554681057712,0.997054485501582,-0.0737210899973759));
#5991=DIRECTION('',(-0.258517236984693,0.348733712021405,0.90086271777756));
#5992=DIRECTION('',(-0.259465930286362,-0.339347122651172,0.904168657590498));
#5993=DIRECTION('',(0.,1.,0.));
#5994=DIRECTION('',(0.,1.,0.));
#5995=DIRECTION('',(0.275833557116686,0.,-0.961205414450187));
#5996=DIRECTION('',(0.,1.,0.));
#5997=DIRECTION('',(0.275833557116686,0.,-0.961205414450187));
#5998=DIRECTION('',(0.,-1.,0.));
#5999=DIRECTION('',(0.275833557116686,0.,-0.961205414450187));
#6000=DIRECTION('',(0.275833557116686,0.,-0.961205414450187));
#6001=DIRECTION('',(0.961205414450187,0.,0.275833557116686));
#6002=DIRECTION('',(0.275833557116686,0.,-0.961205414450187));
#6003=DIRECTION('',(-0.275833557116686,0.,0.961205414450187));
#6004=DIRECTION('',(0.,-1.,0.));
#6005=DIRECTION('',(-0.275833557116686,0.,0.961205414450187));
#6006=DIRECTION('',(0.,1.,0.));
#6007=DIRECTION('',(-0.275833557116686,0.,0.961205414450187));
#6008=DIRECTION('',(0.275833557116686,0.,-0.961205414450187));
#6009=DIRECTION('',(0.275833557116686,0.,-0.961205414450187));
#6010=DIRECTION('',(0.,-1.,0.));
#6011=DIRECTION('',(-0.275833557116686,0.,0.961205414450187));
#6012=DIRECTION('',(0.961205414450187,0.,0.275833557116686));
#6013=DIRECTION('',(0.275833557116686,0.,-0.961205414450187));
#6014=DIRECTION('',(0.275833557116686,0.,-0.961205414450187));
#6015=DIRECTION('',(0.,-1.,0.));
#6016=DIRECTION('',(-0.275833557116686,0.,0.961205414450187));
#6017=DIRECTION('',(0.,1.,0.));
#6018=DIRECTION('',(0.261879667820434,0.314033439214519,-0.912579880688458));
#6019=DIRECTION('',(-0.262505550800152,0.307088434274777,0.914760913754941));
#6020=DIRECTION('',(0.,1.,0.));
#6021=DIRECTION('',(0.25965437718613,-0.337447330782795,-0.904825344116559));
#6022=DIRECTION('',(0.,-1.,0.));
#6023=DIRECTION('',(-0.259336124367116,-0.340648777049921,0.903716319036365));
#6024=DIRECTION('',(0.,1.,0.));
#6025=DIRECTION('',(-0.243100519354223,-0.472500367637086,0.847139622537233));
#6026=DIRECTION('',(0.,-1.,0.));
#6027=DIRECTION('',(0.275833557116686,0.,-0.961205414450187));
#6028=DIRECTION('',(0.,-1.,0.));
#6029=DIRECTION('',(-0.275833557116686,0.,0.961205414450187));
#6030=DIRECTION('',(0.,1.,0.));
#6031=DIRECTION('',(0.241322068794025,0.48433446142202,-0.840942202884368));
#6032=DIRECTION('',(0.275833557116686,0.,-0.961205414450187));
#6033=DIRECTION('',(0.,-1.,0.));
#6034=DIRECTION('',(0.,1.,0.));
#6035=DIRECTION('',(0.275833557116686,0.,-0.961205414450187));
#6036=DIRECTION('',(0.0120561854934867,-0.999044340425501,-0.0420125487815572));
#6037=DIRECTION('',(-0.275833557116686,0.,0.961205414450187));
#6038=DIRECTION('',(0.,1.,0.));
#6039=DIRECTION('',(0.275833557116686,0.,-0.961205414450187));
#6040=DIRECTION('',(-0.275833557116686,0.,0.961205414450187));
#6041=DIRECTION('',(0.275833557116686,0.,-0.961205414450187));
#6042=DIRECTION('',(0.,1.,0.));
#6043=DIRECTION('',(0.275833557116686,0.,-0.961205414450187));
#6044=DIRECTION('',(0.,1.,0.));
#6045=DIRECTION('',(0.,-1.,0.));
#6046=DIRECTION('',(-0.275833557116686,0.,0.961205414450187));
#6047=DIRECTION('',(0.,1.,0.));
#6048=DIRECTION('',(-0.259086192260871,-0.343139296945436,0.902845373179458));
#6049=DIRECTION('',(0.,-1.,0.));
#6050=DIRECTION('',(0.259506037176233,-0.338943799937904,-0.904308419264546));
#6051=DIRECTION('',(0.,-1.,0.));
#6052=DIRECTION('',(-0.257693927475367,0.356652691909981,0.89799370660138));
#6053=DIRECTION('',(0.,1.,0.));
#6054=DIRECTION('',(0.257618389708083,0.357369212923884,-0.897730477893214));
#6055=DIRECTION('',(0.,-1.,0.));
#6056=DIRECTION('',(-0.259086192260871,-0.343139296945436,0.902845373179458));
#6057=DIRECTION('',(0.,-1.,0.));
#6058=DIRECTION('',(0.259506037176233,-0.338943799937903,-0.904308419264546));
#6059=DIRECTION('',(0.,-1.,0.));
#6060=DIRECTION('',(-0.257693927475367,0.356652691909982,0.897993706601379));
#6061=DIRECTION('',(0.,1.,0.));
#6062=DIRECTION('',(0.257618389708083,0.357369212923884,-0.897730477893214));
#6063=DIRECTION('',(0.,-1.,0.));
#6064=DIRECTION('',(0.961205414450187,0.,0.275833557116686));
#6065=DIRECTION('',(0.275833557116686,0.,-0.961205414450187));
#6066=DIRECTION('',(0.,-1.,0.));
#6067=DIRECTION('',(0.,1.,0.));
#6068=DIRECTION('',(-0.22043014364905,-0.601142476765794,0.768139488894268));
#6069=DIRECTION('',(0.199214381124214,-0.691656332035507,-0.694208289138415));
#6070=DIRECTION('',(0.275833557116686,0.,-0.961205414450187));
#6071=DIRECTION('',(0.,-1.,0.));
#6072=DIRECTION('',(-0.275833557116686,0.,0.961205414450187));
#6073=DIRECTION('',(0.,1.,0.));
#6074=DIRECTION('',(0.275833557116686,0.,-0.961205414450187));
#6075=DIRECTION('',(-0.212181455715656,0.638963226041387,0.739395040297924));
#6076=DIRECTION('',(-0.200284701916481,0.68758162538428,0.697938067891513));
#6077=DIRECTION('',(0.,1.,0.));
#6078=DIRECTION('',(0.201853873041146,-0.681523825217897,-0.703406205260271));
#6079=DIRECTION('',(0.221083833039589,0.597979044828673,-0.770417419788981));
#6080=DIRECTION('',(0.,-1.,0.));
#6081=DIRECTION('',(0.275833557116686,0.,-0.961205414450187));
#6082=DIRECTION('',(0.,-1.,0.));
#6083=DIRECTION('',(-0.275833557116686,0.,0.961205414450187));
#6084=DIRECTION('',(0.,1.,0.));
#6085=DIRECTION('',(-0.961205414450187,0.,-0.275833557116686));
#6086=DIRECTION('',(-0.275833557116686,0.,0.961205414450187));
#6087=DIRECTION('',(-0.275833557116686,0.,0.961205414450187));
#6088=DIRECTION('',(0.,1.,0.));
#6089=DIRECTION('',(-0.275833557116686,0.,0.961205414450187));
#6090=DIRECTION('',(0.,1.,0.));
#6091=DIRECTION('',(-0.275833557116687,0.,0.961205414450187));
#6092=DIRECTION('',(0.961205414450187,0.,0.275833557116687));
#6093=DIRECTION('',(0.961205414450187,0.,0.275833557116687));
#6094=DIRECTION('',(0.961205414450187,0.,0.275833557116687));
#6095=DIRECTION('',(1.23149651817624E-16,0.,-1.));
#6096=DIRECTION('',(-1.,0.,-1.23149651817624E-16));
#6097=DIRECTION('',(-1.,0.,-1.23149651817624E-16));
#6098=DIRECTION('',(0.,1.,0.));
#6099=DIRECTION('',(-1.,0.,-1.23149651817624E-16));
#6100=DIRECTION('',(0.,1.,0.));
#6101=DIRECTION('',(-1.,0.,0.));
#6102=DIRECTION('',(0.,0.,1.));
#6103=DIRECTION('',(0.,0.,1.));
#6104=DIRECTION('',(0.,1.,0.));
#6105=DIRECTION('',(0.,0.,1.));
#6106=DIRECTION('',(0.,1.,0.));
#6107=DIRECTION('',(0.,0.,-1.));
#6108=DIRECTION('',(-1.,0.,0.));
#6109=DIRECTION('',(-1.,0.,0.));
#6110=DIRECTION('',(-1.,0.,0.));
#6111=DIRECTION('',(0.961205414450187,0.,0.275833557116686));
#6112=DIRECTION('',(0.275833557116686,0.,-0.961205414450187));
#6113=DIRECTION('',(0.275833557116686,0.,-0.961205414450187));
#6114=DIRECTION('',(0.,1.,0.));
#6115=DIRECTION('',(0.275833557116686,0.,-0.961205414450187));
#6116=DIRECTION('',(-0.275833557116687,0.,0.961205414450187));
#6117=DIRECTION('',(0.961205414450187,0.,0.275833557116687));
#6118=DIRECTION('',(0.961205414450187,0.,0.275833557116687));
#6119=DIRECTION('',(0.,1.,0.));
#6120=DIRECTION('',(0.961205414450187,0.,0.275833557116687));
#6121=DIRECTION('',(0.,1.,0.));
#6122=DIRECTION('',(-0.961205414450187,0.,-0.275833557116686));
#6123=DIRECTION('',(-0.275833557116686,0.,0.961205414450187));
#6124=DIRECTION('',(-0.275833557116686,0.,0.961205414450187));
#6125=DIRECTION('',(0.,1.,0.));
#6126=DIRECTION('',(-0.275833557116686,0.,0.961205414450187));
#6127=DIRECTION('',(0.,1.,0.));
#6128=DIRECTION('',(0.,-1.,0.));
#6129=DIRECTION('',(1.,0.,0.));
#6130=DIRECTION('',(0.,-1.,0.));
#6131=DIRECTION('',(0.,0.,-1.));
#6132=DIRECTION('',(0.,-1.,0.));
#6133=DIRECTION('',(0.,0.,-1.));
#6134=DIRECTION('',(0.,-1.,0.));
#6135=DIRECTION('',(0.,0.,-1.));
#6136=DIRECTION('',(-1.,0.,-1.23149651817624E-16));
#6137=DIRECTION('',(0.961205414450187,0.,0.275833557116687));
#6138=DIRECTION('',(0.,-1.,0.));
#6139=DIRECTION('',(1.,0.,0.));
#6140=DIRECTION('',(0.,-1.,0.));
#6141=DIRECTION('',(0.,0.,-1.));
#6142=DIRECTION('',(0.961205414450187,0.,0.275833557116687));
#6143=DIRECTION('',(-1.,0.,-1.23149651817624E-16));
#6144=DIRECTION('',(0.,-1.,0.));
#6145=DIRECTION('',(0.,0.,-1.));
#6146=DIRECTION('',(0.,-1.,0.));
#6147=DIRECTION('',(0.,0.,-1.));
#6148=DIRECTION('',(0.,1.,0.));
#6149=DIRECTION('',(0.,0.,1.));
#6150=DIRECTION('',(1.,0.,1.23149651817624E-16));
#6151=DIRECTION('',(1.23149651817624E-16,0.,-1.));
#6152=DIRECTION('',(0.707106781186548,0.707106781186548,8.70799539010044E-17));
#6153=DIRECTION('',(-0.707106781186548,0.707106781186548,-8.70799539010044E-17));
#6154=DIRECTION('',(0.707106781186548,-0.707106781186548,8.70799539010044E-17));
#6155=DIRECTION('',(-0.707106781186548,-0.707106781186548,-8.70799539010044E-17));
#6156=DIRECTION('',(0.,-1.,0.));
#6157=DIRECTION('',(0.,0.,-1.));
#6158=DIRECTION('',(-0.707106781186548,-0.707106781186548,-8.70799539010044E-17));
#6159=DIRECTION('',(0.707106781186548,-0.707106781186548,8.70799539010044E-17));
#6160=DIRECTION('',(0.,1.,0.));
#6161=DIRECTION('',(0.,0.,1.));
#6162=DIRECTION('',(-0.707106781186548,0.707106781186548,-8.70799539010044E-17));
#6163=DIRECTION('',(0.707106781186548,0.707106781186548,8.70799539010044E-17));
#6164=DIRECTION('',(-1.,0.,-1.23149651817624E-16));
#6165=DIRECTION('',(-1.23149651817624E-16,0.,1.));
#6166=DIRECTION('',(0.,-1.,0.));
#6167=DIRECTION('',(0.,0.,-1.));
#6168=DIRECTION('',(0.961205414450187,0.,0.275833557116686));
#6169=DIRECTION('',(0.275833557116686,0.,-0.961205414450187));
#6170=DIRECTION('',(0.961205414450187,0.,0.275833557116686));
#6171=DIRECTION('',(0.275833557116686,0.,-0.961205414450187));
#6172=DIRECTION('',(-0.961205414450187,0.,-0.275833557116686));
#6173=DIRECTION('',(0.961205414450187,0.,0.275833557116686));
#6174=DIRECTION('',(0.,1.,0.));
#6175=DIRECTION('',(0.,1.,0.));
#6176=DIRECTION('',(0.,0.,1.));
#6177=DIRECTION('',(0.961205414450187,0.,0.275833557116686));
#6178=DIRECTION('',(-0.275833557116686,0.,0.961205414450187));
#6179=DIRECTION('',(0.961205414450187,0.,0.275833557116686));
#6180=DIRECTION('',(0.961205414450187,0.,0.275833557116686));
#6181=DIRECTION('',(0.961205414450187,0.,0.275833557116686));
#6182=DIRECTION('',(0.961205414450187,0.,0.275833557116686));
#6183=DIRECTION('',(0.,-1.,0.));
#6184=DIRECTION('',(0.,0.,-1.));
#6185=DIRECTION('',(0.961205414450187,0.,0.275833557116686));
#6186=DIRECTION('',(0.275833557116686,0.,-0.961205414450187));
#6187=DIRECTION('',(0.275833557116686,0.,-0.961205414450187));
#6188=DIRECTION('',(-0.961205414450187,0.,-0.275833557116686));
#6189=DIRECTION('',(0.961205414450187,0.,0.275833557116686));
#6190=DIRECTION('',(0.,1.,0.));
#6191=DIRECTION('',(0.,1.,0.));
#6192=DIRECTION('',(0.,0.,1.));
#6193=DIRECTION('',(0.961205414450187,0.,0.275833557116686));
#6194=DIRECTION('',(-0.275833557116686,0.,0.961205414450187));
#6195=DIRECTION('',(0.961205414450187,0.,0.275833557116686));
#6196=DIRECTION('',(0.961205414450187,0.,0.275833557116686));
#6197=DIRECTION('',(-0.275569954136859,-0.0437081898936124,0.960286829292807));
#6198=DIRECTION('',(0.961205414450187,0.,0.275833557116686));
#6199=DIRECTION('',(0.961205414450187,0.,0.275833557116686));
#6200=DIRECTION('',(0.0120561854934867,-0.999044340425501,-0.0420125487815572));
#6201=DIRECTION('',(0.961205414450187,0.,0.275833557116686));
#6202=DIRECTION('',(0.961205414450187,0.,0.275833557116686));
#6203=DIRECTION('',(0.,1.,0.));
#6204=DIRECTION('',(0.275833557116686,0.,-0.961205414450187));
#6205=DIRECTION('',(-0.961205414450187,0.,-0.275833557116686));
#6206=DIRECTION('',(0.,1.,0.));
#6207=DIRECTION('',(0.961205414450187,0.,0.275833557116686));
#6208=DIRECTION('',(0.,1.,0.));
#6209=DIRECTION('',(0.961205414450187,0.,0.275833557116686));
#6210=DIRECTION('',(0.,-1.,0.));
#6211=DIRECTION('',(0.,0.,-1.));
#6212=DIRECTION('',(0.275833557116686,0.,-0.961205414450187));
#6213=DIRECTION('',(0.961205414450187,0.,0.275833557116686));
#6214=DIRECTION('',(0.275833557116686,0.,-0.961205414450187));
#6215=DIRECTION('',(-0.275833557116686,0.,0.961205414450187));
#6216=DIRECTION('',(0.961205414450187,0.,0.275833557116686));
#6217=DIRECTION('',(0.,-1.,0.));
#6218=DIRECTION('',(0.961205414450187,0.,0.275833557116686));
#6219=DIRECTION('',(0.,-1.,0.));
#6220=DIRECTION('',(0.961205414450187,0.,0.275833557116686));
#6221=DIRECTION('',(0.961205414450187,0.,0.275833557116686));
#6222=DIRECTION('',(0.961205414450187,0.,0.275833557116686));
#6223=DIRECTION('',(0.,-1.,0.));
#6224=DIRECTION('',(0.,0.,-1.));
#6225=DIRECTION('',(0.275833557116686,0.,-0.961205414450187));
#6226=DIRECTION('',(0.961205414450187,0.,0.275833557116686));
#6227=DIRECTION('',(0.275833557116686,0.,-0.961205414450187));
#6228=DIRECTION('',(0.961205414450187,0.,0.275833557116686));
#6229=DIRECTION('',(-0.275833557116686,0.,0.961205414450187));
#6230=DIRECTION('',(0.961205414450187,0.,0.275833557116686));
#6231=DIRECTION('',(0.,-1.,0.));
#6232=DIRECTION('',(0.961205414450187,0.,0.275833557116686));
#6233=DIRECTION('',(0.,-1.,0.));
#6234=DIRECTION('',(0.961205414450187,0.,0.275833557116686));
#6235=DIRECTION('',(0.961205414450187,0.,0.275833557116686));
#6236=DIRECTION('',(0.961205414450187,0.,0.275833557116686));
#6237=DIRECTION('',(0.,1.,0.));
#6238=DIRECTION('',(0.,0.,1.));
#6239=DIRECTION('',(0.961205414450187,0.,0.275833557116686));
#6240=DIRECTION('',(-0.275833557116686,0.,0.961205414450187));
#6241=DIRECTION('',(0.961205414450187,0.,0.275833557116686));
#6242=DIRECTION('',(-0.275833557116686,0.,0.961205414450187));
#6243=DIRECTION('',(0.961205414450187,0.,0.275833557116686));
#6244=DIRECTION('',(0.961205414450187,0.,0.275833557116686));
#6245=DIRECTION('',(0.,-1.,0.));
#6246=DIRECTION('',(0.961205414450187,0.,0.275833557116686));
#6247=DIRECTION('',(0.961205414450187,0.,0.275833557116686));
#6248=DIRECTION('',(0.961205414450187,0.,0.275833557116686));
#6249=DIRECTION('',(0.961205414450187,0.,0.275833557116686));
#6250=DIRECTION('',(0.961205414450187,0.,0.275833557116686));
#6251=DIRECTION('',(0.961205414450187,0.,0.275833557116686));
#6252=DIRECTION('',(0.961205414450187,0.,0.275833557116686));
#6253=DIRECTION('',(0.961205414450187,0.,0.275833557116686));
#6254=DIRECTION('',(0.275833557116686,0.,-0.961205414450187));
#6255=DIRECTION('',(-0.961205414450187,0.,-0.275833557116686));
#6256=DIRECTION('',(0.,1.,0.));
#6257=DIRECTION('',(0.,1.,0.));
#6258=DIRECTION('',(0.275833557116686,0.,-0.961205414450187));
#6259=DIRECTION('',(-0.961205414450187,0.,-0.275833557116686));
#6260=DIRECTION('',(0.,1.,0.));
#6261=DIRECTION('',(0.961205414450187,0.,0.275833557116686));
#6262=DIRECTION('',(0.,1.,0.));
#6263=DIRECTION('',(0.961205414450187,0.,0.275833557116686));
#6264=DIRECTION('',(0.275833557116686,0.,-0.961205414450187));
#6265=DIRECTION('',(0.275833557116686,0.,-0.961205414450187));
#6266=DIRECTION('',(-0.961205414450187,0.,-0.275833557116686));
#6267=DIRECTION('',(0.,1.,0.));
#6268=DIRECTION('',(0.961205414450187,0.,0.275833557116686));
#6269=DIRECTION('',(0.,1.,0.));
#6270=DIRECTION('',(0.961205414450187,0.,0.275833557116686));
#6271=DIRECTION('',(0.,-1.,0.));
#6272=DIRECTION('',(0.,0.,-1.));
#6273=DIRECTION('',(0.275833557116686,0.,-0.961205414450187));
#6274=DIRECTION('',(0.961205414450187,0.,0.275833557116686));
#6275=DIRECTION('',(0.275833557116686,0.,-0.961205414450187));
#6276=DIRECTION('',(-0.275833557116686,0.,0.961205414450187));
#6277=DIRECTION('',(0.961205414450187,0.,0.275833557116686));
#6278=DIRECTION('',(0.,-1.,0.));
#6279=DIRECTION('',(0.961205414450187,0.,0.275833557116686));
#6280=DIRECTION('',(0.,-1.,0.));
#6281=DIRECTION('',(0.961205414450187,0.,0.275833557116686));
#6282=DIRECTION('',(0.961205414450187,0.,0.275833557116686));
#6283=DIRECTION('',(0.961205414450187,0.,0.275833557116686));
#6284=DIRECTION('',(-0.275833557116686,0.,0.961205414450187));
#6285=DIRECTION('',(0.961205414450187,0.,0.275833557116686));
#6286=DIRECTION('',(0.961205414450187,0.,0.275833557116686));
#6287=DIRECTION('',(0.,-1.,0.));
#6288=DIRECTION('',(0.961205414450187,0.,0.275833557116686));
#6289=DIRECTION('',(-0.130331457144279,0.881330472968465,0.454169911702471));
#6290=DIRECTION('',(0.,-0.458077089731866,0.888912470304464));
#6291=DIRECTION('',(0.961205414450187,0.,0.275833557116686));
#6292=DIRECTION('',(-0.243100519354223,-0.472500367637086,0.847139622537233));
#6293=DIRECTION('',(-0.275833557116686,0.,0.961205414450187));
#6294=DIRECTION('',(0.961205414450187,0.,0.275833557116686));
#6295=DIRECTION('',(0.961205414450187,0.,0.275833557116686));
#6296=DIRECTION('',(0.,-1.,0.));
#6297=DIRECTION('',(0.,-1.,0.));
#6298=DIRECTION('',(0.,0.,-1.));
#6299=DIRECTION('',(0.961205414450187,0.,0.275833557116686));
#6300=DIRECTION('',(0.275833557116686,0.,-0.961205414450187));
#6301=DIRECTION('',(0.13359569732823,-0.874882923298336,-0.465544906723661));
#6302=DIRECTION('',(0.,0.469755836828211,-0.882796382959189));
#6303=DIRECTION('',(0.961205414450187,0.,0.275833557116686));
#6304=DIRECTION('',(0.241322068794025,0.48433446142202,-0.840942202884368));
#6305=DIRECTION('',(0.961205414450187,0.,0.275833557116686));
#6306=DIRECTION('',(0.961205414450187,0.,0.275833557116686));
#6307=DIRECTION('',(0.961205414450187,0.,0.275833557116686));
#6308=DIRECTION('',(0.961205414450187,0.,0.275833557116686));
#6309=DIRECTION('',(0.275833557116686,0.,-0.961205414450187));
#6310=DIRECTION('',(-0.961205414450187,0.,-0.275833557116686));
#6311=DIRECTION('',(0.961205414450187,0.,0.275833557116686));
#6312=DIRECTION('',(0.,1.,0.));
#6313=DIRECTION('',(0.,1.,0.));
#6314=DIRECTION('',(0.,0.,1.));
#6315=DIRECTION('',(0.961205414450187,0.,0.275833557116686));
#6316=DIRECTION('',(-0.275833557116686,0.,0.961205414450187));
#6317=DIRECTION('',(-0.275833557116686,0.,0.961205414450187));
#6318=DIRECTION('',(0.961205414450187,0.,0.275833557116686));
#6319=DIRECTION('',(0.961205414450187,0.,0.275833557116686));
#6320=DIRECTION('',(0.,-1.,0.));
#6321=DIRECTION('',(0.,-1.,0.));
#6322=DIRECTION('',(0.,0.,-1.));
#6323=DIRECTION('',(0.275833557116686,0.,-0.961205414450187));
#6324=DIRECTION('',(0.961205414450187,0.,0.275833557116686));
#6325=DIRECTION('',(0.,1.,0.));
#6326=DIRECTION('',(0.0847052951754054,0.951680983068731,-0.295175065739946));
#6327=DIRECTION('',(0.,0.296239737064352,0.95511361532754));
#6328=DIRECTION('',(0.961205414450187,0.,0.275833557116686));
#6329=DIRECTION('',(-0.262505550800152,0.307088434274777,0.914760913754941));
#6330=DIRECTION('',(0.961205414450187,0.,0.275833557116686));
#6331=DIRECTION('',(0.0866209605921273,-0.949411922747498,-0.301850642091409));
#6332=DIRECTION('',(0.,0.302989476263664,-0.952993902012741));
#6333=DIRECTION('',(0.961205414450187,0.,0.275833557116686));
#6334=DIRECTION('',(0.261879667820434,0.314033439214519,-0.912579880688458));
#6335=DIRECTION('',(0.275833557116686,0.,-0.961205414450187));
#6336=DIRECTION('',(-0.961205414450187,0.,-0.275833557116686));
#6337=DIRECTION('',(0.961205414450187,0.,0.275833557116686));
#6338=DIRECTION('',(0.,1.,0.));
#6339=DIRECTION('',(-0.0939623639011286,0.940190624657784,0.327433448926219));
#6340=DIRECTION('',(0.,-0.328888533992665,0.944368748004801));
#6341=DIRECTION('',(0.961205414450187,0.,0.275833557116686));
#6342=DIRECTION('',(-0.259336124367116,-0.340648777049921,0.903716319036365));
#6343=DIRECTION('',(-0.275833557116686,0.,0.961205414450187));
#6344=DIRECTION('',(0.961205414450187,0.,0.275833557116686));
#6345=DIRECTION('',(0.961205414450187,0.,0.275833557116686));
#6346=DIRECTION('',(0.,-1.,0.));
#6347=DIRECTION('',(-0.0930792975893492,-0.941344410376758,0.324356201440186));
#6348=DIRECTION('',(0.,-0.325770469191232,-0.945448888836898));
#6349=DIRECTION('',(0.961205414450187,0.,0.275833557116686));
#6350=DIRECTION('',(0.25965437718613,-0.337447330782795,-0.904825344116559));
#6351=DIRECTION('',(0.275833557116686,0.,-0.961205414450187));
#6352=DIRECTION('',(-0.961205414450187,0.,-0.275833557116686));
#6353=DIRECTION('',(0.,1.,0.));
#6354=DIRECTION('',(0.961205414450187,0.,0.275833557116686));
#6355=DIRECTION('',(0.,1.,0.));
#6356=DIRECTION('',(0.961205414450187,0.,0.275833557116686));
#6357=DIRECTION('',(0.961205414450187,0.,0.275833557116686));
#6358=DIRECTION('',(0.,-1.,0.));
#6359=DIRECTION('',(0.,0.,-1.));
#6360=DIRECTION('',(0.961205414450187,0.,0.275833557116686));
#6361=DIRECTION('',(0.275833557116686,0.,-0.961205414450187));
#6362=DIRECTION('',(0.275833557116686,0.,-0.961205414450187));
#6363=DIRECTION('',(-0.961205414450187,0.,-0.275833557116686));
#6364=DIRECTION('',(0.961205414450187,0.,0.275833557116686));
#6365=DIRECTION('',(0.,1.,0.));
#6366=DIRECTION('',(0.,1.,0.));
#6367=DIRECTION('',(0.,0.,1.));
#6368=DIRECTION('',(0.961205414450187,0.,0.275833557116686));
#6369=DIRECTION('',(-0.275833557116686,0.,0.961205414450187));
#6370=DIRECTION('',(-0.275833557116686,0.,0.961205414450187));
#6371=DIRECTION('',(0.961205414450187,0.,0.275833557116686));
#6372=DIRECTION('',(0.961205414450187,0.,0.275833557116686));
#6373=DIRECTION('',(0.,-1.,0.));
#6374=DIRECTION('',(0.,-1.,0.));
#6375=DIRECTION('',(0.,0.,-1.));
#6376=DIRECTION('',(0.961205414450187,0.,0.275833557116686));
#6377=DIRECTION('',(0.275833557116686,0.,-0.961205414450187));
#6378=DIRECTION('',(0.961205414450187,0.,0.275833557116686));
#6379=DIRECTION('',(-0.177658586026751,-0.764959028083501,0.619092167746064));
#6380=DIRECTION('',(0.961205414450187,0.,0.275833557116686));
#6381=DIRECTION('',(0.961205414450187,0.,0.275833557116686));
#6382=DIRECTION('',(0.275833557116686,0.,-0.961205414450187));
#6383=DIRECTION('',(0.961205414450187,0.,0.275833557116686));
#6384=DIRECTION('',(0.961205414450187,0.,0.275833557116686));
#6385=DIRECTION('',(0.961205414450187,0.,0.275833557116686));
#6386=DIRECTION('',(0.,1.,0.));
#6387=DIRECTION('',(0.,0.,1.));
#6388=DIRECTION('',(0.961205414450187,0.,0.275833557116686));
#6389=DIRECTION('',(-0.275833557116686,0.,0.961205414450187));
#6390=DIRECTION('',(-0.275833557116686,0.,0.961205414450187));
#6391=DIRECTION('',(0.961205414450187,0.,0.275833557116686));
#6392=DIRECTION('',(0.961205414450187,0.,0.275833557116686));
#6393=DIRECTION('',(0.,-1.,0.));
#6394=DIRECTION('',(0.,-1.,0.));
#6395=DIRECTION('',(0.,0.,-1.));
#6396=DIRECTION('',(0.961205414450187,0.,0.275833557116686));
#6397=DIRECTION('',(0.275833557116686,0.,-0.961205414450187));
#6398=DIRECTION('',(0.961205414450187,0.,0.275833557116686));
#6399=DIRECTION('',(0.,1.,0.));
#6400=DIRECTION('',(0.,-1.,0.));
#6401=DIRECTION('',(0.,0.,-1.));
#6402=DIRECTION('',(0.961205414450187,0.,0.275833557116686));
#6403=DIRECTION('',(0.275833557116686,0.,-0.961205414450187));
#6404=DIRECTION('',(0.961205414450187,0.,0.275833557116686));
#6405=DIRECTION('',(0.275833557116686,0.,-0.961205414450187));
#6406=DIRECTION('',(-0.961205414450187,0.,-0.275833557116686));
#6407=DIRECTION('',(0.961205414450187,0.,0.275833557116686));
#6408=DIRECTION('',(0.,1.,0.));
#6409=DIRECTION('',(0.,1.,0.));
#6410=DIRECTION('',(0.,0.,1.));
#6411=DIRECTION('',(0.961205414450187,0.,0.275833557116686));
#6412=DIRECTION('',(-0.275833557116686,0.,0.961205414450187));
#6413=DIRECTION('',(0.275833557116686,0.,-0.961205414450187));
#6414=DIRECTION('',(-0.961205414450187,0.,-0.275833557116686));
#6415=DIRECTION('',(0.961205414450187,0.,0.275833557116686));
#6416=DIRECTION('',(0.,1.,0.));
#6417=DIRECTION('',(0.,1.,0.));
#6418=DIRECTION('',(0.,0.,1.));
#6419=DIRECTION('',(0.961205414450187,0.,0.275833557116686));
#6420=DIRECTION('',(-0.275833557116686,0.,0.961205414450187));
#6421=DIRECTION('',(-0.275833557116686,0.,0.961205414450187));
#6422=DIRECTION('',(0.961205414450187,0.,0.275833557116686));
#6423=DIRECTION('',(0.961205414450187,0.,0.275833557116686));
#6424=DIRECTION('',(0.,-1.,0.));
#6425=DIRECTION('',(0.,1.,0.));
#6426=DIRECTION('',(0.,0.,1.));
#6427=DIRECTION('',(0.961205414450187,0.,0.275833557116686));
#6428=DIRECTION('',(-0.275833557116686,0.,0.961205414450187));
#6429=DIRECTION('',(0.961205414450187,0.,0.275833557116686));
#6430=DIRECTION('',(0.961205414450187,0.,0.275833557116686));
#6431=DIRECTION('',(0.961205414450187,0.,0.275833557116686));
#6432=DIRECTION('',(0.273177228463023,0.138447220657341,-0.951948826850225));
#6433=DIRECTION('',(0.961205414450187,0.,0.275833557116686));
#6434=DIRECTION('',(0.961205414450187,0.,0.275833557116686));
#6435=DIRECTION('',(0.275833557116686,0.,-0.961205414450187));
#6436=DIRECTION('',(0.,-1.,0.));
#6437=DIRECTION('',(0.,0.,-1.));
#6438=DIRECTION('',(0.961205414450187,0.,0.275833557116686));
#6439=DIRECTION('',(0.275833557116686,0.,-0.961205414450187));
#6440=DIRECTION('',(0.961205414450187,0.,0.275833557116686));
#6441=DIRECTION('',(0.961205414450187,0.,0.275833557116686));
#6442=DIRECTION('',(0.961205414450187,0.,0.275833557116686));
#6443=DIRECTION('',(0.,-1.,0.));
#6444=DIRECTION('',(0.,0.,-1.));
#6445=DIRECTION('',(0.961205414450187,0.,0.275833557116686));
#6446=DIRECTION('',(0.275833557116686,0.,-0.961205414450187));
#6447=DIRECTION('',(-0.275833557116686,0.,0.961205414450187));
#6448=DIRECTION('',(0.961205414450187,0.,0.275833557116686));
#6449=DIRECTION('',(0.961205414450187,0.,0.275833557116686));
#6450=DIRECTION('',(0.,-1.,0.));
#6451=DIRECTION('',(0.,-1.,0.));
#6452=DIRECTION('',(0.,0.,-1.));
#6453=DIRECTION('',(0.961205414450187,0.,0.275833557116686));
#6454=DIRECTION('',(0.275833557116686,0.,-0.961205414450187));
#6455=DIRECTION('',(0.275833557116686,0.,-0.961205414450187));
#6456=DIRECTION('',(-0.961205414450187,0.,-0.275833557116686));
#6457=DIRECTION('',(0.,1.,0.));
#6458=DIRECTION('',(0.961205414450187,0.,0.275833557116686));
#6459=DIRECTION('',(0.,1.,0.));
#6460=DIRECTION('',(0.961205414450187,0.,0.275833557116686));
#6461=DIRECTION('',(0.961205414450187,0.,0.275833557116686));
#6462=DIRECTION('',(0.961205414450187,0.,0.275833557116686));
#6463=DIRECTION('',(0.961205414450187,0.,0.275833557116686));
#6464=DIRECTION('',(0.961205414450187,0.,0.275833557116686));
#6465=DIRECTION('',(0.961205414450187,0.,0.275833557116686));
#6466=DIRECTION('',(0.961205414450187,0.,0.275833557116686));
#6467=DIRECTION('',(0.961205414450187,0.,0.275833557116686));
#6468=DIRECTION('',(0.961205414450187,0.,0.275833557116686));
#6469=DIRECTION('',(0.,1.,0.));
#6470=DIRECTION('',(0.0818124333245199,0.955001575535285,-0.28509422386054));
#6471=DIRECTION('',(0.,0.286053147220509,0.958213753274937));
#6472=DIRECTION('',(0.961205414450187,0.,0.275833557116686));
#6473=DIRECTION('',(-0.263421481631937,0.296600726103498,0.917952685212976));
#6474=DIRECTION('',(0.961205414450187,0.,0.275833557116686));
#6475=DIRECTION('',(0.0871642619987814,-0.948758153706155,-0.303743900689867));
#6476=DIRECTION('',(0.,0.304904381181393,-0.952382968314948));
#6477=DIRECTION('',(0.961205414450187,0.,0.275833557116686));
#6478=DIRECTION('',(0.261699336380228,0.316003110389894,-0.911951474346119));
#6479=DIRECTION('',(0.275833557116686,0.,-0.961205414450187));
#6480=DIRECTION('',(-0.961205414450187,0.,-0.275833557116686));
#6481=DIRECTION('',(0.961205414450187,0.,0.275833557116686));
#6482=DIRECTION('',(0.,1.,0.));
#6483=DIRECTION('',(-0.093603323938185,0.940661219753621,0.326182291670398));
#6484=DIRECTION('',(0.,-0.327620687055439,0.94480933812771));
#6485=DIRECTION('',(0.961205414450187,0.,0.275833557116686));
#6486=DIRECTION('',(-0.259465930286362,-0.339347122651172,0.904168657590498));
#6487=DIRECTION('',(0.0961924602733701,0.937221851057567,-0.335204732196287));
#6488=DIRECTION('',(0.,0.336766401090324,0.941588227993889));
#6489=DIRECTION('',(0.961205414450187,0.,0.275833557116686));
#6490=DIRECTION('',(-0.258517236984693,0.348733712021405,0.90086271777756));
#6491=DIRECTION('',(0.961205414450187,0.,0.275833557116686));
#6492=DIRECTION('',(0.961205414450187,0.,0.275833557116686));
#6493=DIRECTION('',(0.275021085375048,-0.0766964988847307,-0.958374169965966));
#6494=DIRECTION('',(-0.961205414450187,0.,-0.275833557116686));
#6495=DIRECTION('',(0.961205414450187,0.,0.275833557116686));
#6496=DIRECTION('',(0.0211554681057712,0.997054485501582,-0.0737210899973759));
#6497=DIRECTION('',(0.,1.,0.));
#6498=DIRECTION('',(0.,0.,1.));
#6499=DIRECTION('',(0.961205414450187,0.,0.275833557116686));
#6500=DIRECTION('',(-0.275833557116686,0.,0.961205414450187));
#6501=DIRECTION('',(-0.271180258657361,0.18290791618299,0.944989926672303));
#6502=DIRECTION('',(0.961205414450187,0.,0.275833557116686));
#6503=DIRECTION('',(0.961205414450187,0.,0.275833557116686));
#6504=DIRECTION('',(-0.0504521411455546,-0.983130049483585,0.17581207938089));
#6505=DIRECTION('',(-0.274700765648329,0.0905357460425238,0.957257942270915));
#6506=DIRECTION('',(0.961205414450187,0.,0.275833557116686));
#6507=DIRECTION('',(0.961205414450187,0.,0.275833557116686));
#6508=DIRECTION('',(-0.0249727968771223,-0.995893206467703,0.087023449297361));
#6509=DIRECTION('',(0.961205414450187,0.,0.275833557116686));
#6510=DIRECTION('',(-0.0907024330021164,-0.944389024624506,0.316073470598642));
#6511=DIRECTION('',(0.,-0.317381705597683,-0.948297871426434));
#6512=DIRECTION('',(0.961205414450187,0.,0.275833557116686));
#6513=DIRECTION('',(0.260494183964135,-0.328830306037589,-0.907751843816406));
#6514=DIRECTION('',(0.275833557116686,0.,-0.961205414450187));
#6515=DIRECTION('',(-0.961205414450187,0.,-0.275833557116686));
#6516=DIRECTION('',(0.,1.,0.));
#6517=DIRECTION('',(0.961205414450187,0.,0.275833557116686));
#6518=DIRECTION('',(0.,1.,0.));
#6519=DIRECTION('',(0.961205414450187,0.,0.275833557116686));
#6520=DIRECTION('',(0.961205414450187,0.,0.275833557116686));
#6521=DIRECTION('',(0.961205414450187,0.,0.275833557116686));
#6522=DIRECTION('',(0.961205414450187,0.,0.275833557116686));
#6523=DIRECTION('',(0.961205414450187,0.,0.275833557116686));
#6524=DIRECTION('',(0.961205414450187,0.,0.275833557116686));
#6525=DIRECTION('',(0.961205414450187,0.,0.275833557116686));
#6526=DIRECTION('',(0.961205414450187,0.,0.275833557116686));
#6527=DIRECTION('',(0.961205414450187,0.,0.275833557116686));
#6528=DIRECTION('',(0.,1.,0.));
#6529=DIRECTION('',(0.961205414450187,0.,0.275833557116686));
#6530=DIRECTION('',(0.961205414450187,0.,0.275833557116686));
#6531=DIRECTION('',(0.961205414450187,0.,0.275833557116686));
#6532=DIRECTION('',(0.961205414450187,0.,0.275833557116686));
#6533=DIRECTION('',(0.961205414450187,0.,0.275833557116686));
#6534=DIRECTION('',(0.961205414450187,0.,0.275833557116686));
#6535=DIRECTION('',(0.961205414450187,0.,0.275833557116686));
#6536=DIRECTION('',(0.961205414450187,0.,0.275833557116686));
#6537=DIRECTION('',(0.961205414450187,0.,0.275833557116686));
#6538=DIRECTION('',(0.,1.,0.));
#6539=DIRECTION('',(-0.275833557116686,0.,0.961205414450187));
#6540=DIRECTION('',(0.961205414450187,0.,0.275833557116686));
#6541=DIRECTION('',(0.961205414450187,0.,0.275833557116686));
#6542=DIRECTION('',(0.,-1.,0.));
#6543=DIRECTION('',(0.961205414450187,0.,0.275833557116686));
#6544=DIRECTION('',(0.,-1.,0.));
#6545=DIRECTION('',(0.,0.,-1.));
#6546=DIRECTION('',(0.961205414450187,0.,0.275833557116686));
#6547=DIRECTION('',(0.275833557116686,0.,-0.961205414450187));
#6548=DIRECTION('',(0.275833557116686,0.,-0.961205414450187));
#6549=DIRECTION('',(-0.961205414450187,0.,-0.275833557116686));
#6550=DIRECTION('',(0.961205414450187,0.,0.275833557116686));
#6551=DIRECTION('',(0.,1.,0.));
#6552=DIRECTION('',(0.,1.,0.));
#6553=DIRECTION('',(0.,0.,1.));
#6554=DIRECTION('',(-0.275833557116686,0.,0.961205414450187));
#6555=DIRECTION('',(0.961205414450187,0.,0.275833557116686));
#6556=DIRECTION('',(0.,1.,0.));
#6557=DIRECTION('',(0.961205414450187,0.,0.275833557116686));
#6558=DIRECTION('',(0.961205414450187,0.,0.275833557116686));
#6559=DIRECTION('',(0.961205414450187,0.,0.275833557116686));
#6560=DIRECTION('',(0.961205414450187,0.,0.275833557116686));
#6561=DIRECTION('',(0.961205414450187,0.,0.275833557116686));
#6562=DIRECTION('',(0.961205414450187,0.,0.275833557116686));
#6563=DIRECTION('',(0.961205414450187,0.,0.275833557116686));
#6564=DIRECTION('',(0.961205414450187,0.,0.275833557116686));
#6565=DIRECTION('',(0.961205414450187,0.,0.275833557116686));
#6566=DIRECTION('',(0.,1.,0.));
#6567=DIRECTION('',(0.275833557116686,0.,-0.961205414450187));
#6568=DIRECTION('',(-0.961205414450187,0.,-0.275833557116686));
#6569=DIRECTION('',(0.,1.,0.));
#6570=DIRECTION('',(0.961205414450187,0.,0.275833557116686));
#6571=DIRECTION('',(0.,1.,0.));
#6572=DIRECTION('',(0.961205414450187,0.,0.275833557116686));
#6573=DIRECTION('',(-0.0940685056880159,-0.940051113912134,0.327803324373289));
#6574=DIRECTION('',(0.,-0.329263368125658,-0.944238123785811));
#6575=DIRECTION('',(0.259297642621887,-0.341033580798953,-0.903582220552273));
#6576=DIRECTION('',(0.961205414450187,0.,0.275833557116686));
#6577=DIRECTION('',(0.259297642621887,-0.341033580798953,-0.903582220552273));
#6578=DIRECTION('',(-0.275833557116686,0.,0.961205414450187));
#6579=DIRECTION('',(0.961205414450187,0.,0.275833557116686));
#6580=DIRECTION('',(0.961205414450187,0.,0.275833557116686));
#6581=DIRECTION('',(0.,-1.,0.));
#6582=DIRECTION('',(0.961205414450187,0.,0.275833557116686));
#6583=DIRECTION('',(-0.0946493328629784,0.939284527122528,0.329827350134584));
#6584=DIRECTION('',(0.,-0.331314729675043,0.94352029649624));
#6585=DIRECTION('',(0.961205414450187,0.,0.275833557116686));
#6586=DIRECTION('',(-0.259086192260871,-0.343139296945436,0.902845373179458));
#6587=DIRECTION('',(-0.275833557116686,0.,0.961205414450187));
#6588=DIRECTION('',(0.961205414450187,0.,0.275833557116686));
#6589=DIRECTION('',(0.961205414450187,0.,0.275833557116686));
#6590=DIRECTION('',(0.,-1.,0.));
#6591=DIRECTION('',(0.0985744212047852,-0.933963192879764,-0.343505222420239));
#6592=DIRECTION('',(0.,0.345186389997822,-0.938534152900293));
#6593=DIRECTION('',(0.961205414450187,0.,0.275833557116686));
#6594=DIRECTION('',(0.257618389708083,0.357369212923884,-0.897730477893214));
#6595=DIRECTION('',(0.275833557116686,0.,-0.961205414450187));
#6596=DIRECTION('',(-0.961205414450187,0.,-0.275833557116686));
#6597=DIRECTION('',(0.961205414450187,0.,0.275833557116686));
#6598=DIRECTION('',(0.,1.,0.));
#6599=DIRECTION('',(0.0983767806647716,0.934237045590338,-0.342816498542109));
#6600=DIRECTION('',(0.,0.344487524995377,0.938790895312987));
#6601=DIRECTION('',(0.961205414450187,0.,0.275833557116686));
#6602=DIRECTION('',(-0.257693927475367,0.356652691909981,0.89799370660138));
#6603=DIRECTION('',(-0.275833557116686,0.,0.961205414450187));
#6604=DIRECTION('',(0.961205414450187,0.,0.275833557116686));
#6605=DIRECTION('',(0.961205414450187,0.,0.275833557116686));
#6606=DIRECTION('',(0.,-1.,0.));
#6607=DIRECTION('',(-0.0934920739995186,-0.940806622257547,0.325794615694635));
#6608=DIRECTION('',(0.,-0.327227865908717,-0.944945460739839));
#6609=DIRECTION('',(0.259506037176233,-0.338943799937904,-0.904308419264546));
#6610=DIRECTION('',(-0.094391322729327,0.939625713548769,0.3289282545349));
#6611=DIRECTION('',(0.,-0.330403449188384,0.943839796133019));
#6612=DIRECTION('',(-0.259180302926461,-0.342203913533975,0.903173323419697));
#6613=DIRECTION('',(-0.259180302926461,-0.342203913533975,0.903173323419697));
#6614=DIRECTION('',(0.961205414450187,0.,0.275833557116686));
#6615=DIRECTION('',(0.,1.,0.));
#6616=DIRECTION('',(0.275833557116686,0.,-0.961205414450187));
#6617=DIRECTION('',(-0.961205414450187,0.,-0.275833557116686));
#6618=DIRECTION('',(0.,1.,0.));
#6619=DIRECTION('',(0.961205414450187,0.,0.275833557116686));
#6620=DIRECTION('',(0.,1.,0.));
#6621=DIRECTION('',(0.961205414450187,0.,0.275833557116686));
#6622=DIRECTION('',(0.,-1.,0.));
#6623=DIRECTION('',(0.,0.,-1.));
#6624=DIRECTION('',(0.275833557116686,0.,-0.961205414450187));
#6625=DIRECTION('',(0.961205414450187,0.,0.275833557116686));
#6626=DIRECTION('',(0.275833557116686,0.,-0.961205414450187));
#6627=DIRECTION('',(-0.275833557116686,0.,0.961205414450187));
#6628=DIRECTION('',(0.961205414450187,0.,0.275833557116686));
#6629=DIRECTION('',(0.,-1.,0.));
#6630=DIRECTION('',(0.961205414450187,0.,0.275833557116686));
#6631=DIRECTION('',(0.,-1.,0.));
#6632=DIRECTION('',(0.961205414450187,0.,0.275833557116686));
#6633=DIRECTION('',(0.961205414450187,0.,0.275833557116686));
#6634=DIRECTION('',(0.961205414450187,0.,0.275833557116686));
#6635=DIRECTION('',(-0.275833557116686,0.,0.961205414450187));
#6636=DIRECTION('',(0.961205414450187,0.,0.275833557116686));
#6637=DIRECTION('',(0.961205414450187,0.,0.275833557116686));
#6638=DIRECTION('',(0.,-1.,0.));
#6639=DIRECTION('',(0.961205414450187,0.,0.275833557116686));
#6640=DIRECTION('',(-0.130331457144279,0.881330472968465,0.454169911702472));
#6641=DIRECTION('',(0.,-0.458077089731867,0.888912470304463));
#6642=DIRECTION('',(0.961205414450187,0.,0.275833557116686));
#6643=DIRECTION('',(-0.243100519354223,-0.472500367637087,0.847139622537233));
#6644=DIRECTION('',(-0.275833557116686,0.,0.961205414450187));
#6645=DIRECTION('',(0.961205414450187,0.,0.275833557116686));
#6646=DIRECTION('',(0.961205414450187,0.,0.275833557116686));
#6647=DIRECTION('',(0.,-1.,0.));
#6648=DIRECTION('',(0.,-1.,0.));
#6649=DIRECTION('',(0.,0.,-1.));
#6650=DIRECTION('',(0.961205414450187,0.,0.275833557116686));
#6651=DIRECTION('',(0.275833557116686,0.,-0.961205414450187));
#6652=DIRECTION('',(0.13359569732823,-0.874882923298336,-0.465544906723661));
#6653=DIRECTION('',(0.,0.469755836828211,-0.882796382959189));
#6654=DIRECTION('',(0.961205414450187,0.,0.275833557116686));
#6655=DIRECTION('',(0.241322068794025,0.484334461422021,-0.840942202884368));
#6656=DIRECTION('',(0.961205414450187,0.,0.275833557116686));
#6657=DIRECTION('',(0.961205414450187,0.,0.275833557116686));
#6658=DIRECTION('',(0.961205414450187,0.,0.275833557116686));
#6659=DIRECTION('',(0.961205414450187,0.,0.275833557116686));
#6660=DIRECTION('',(0.275833557116686,0.,-0.961205414450187));
#6661=DIRECTION('',(-0.961205414450187,0.,-0.275833557116686));
#6662=DIRECTION('',(0.961205414450187,0.,0.275833557116686));
#6663=DIRECTION('',(0.,1.,0.));
#6664=DIRECTION('',(0.,1.,0.));
#6665=DIRECTION('',(0.,0.,1.));
#6666=DIRECTION('',(0.961205414450187,0.,0.275833557116686));
#6667=DIRECTION('',(-0.275833557116686,0.,0.961205414450187));
#6668=DIRECTION('',(-0.275833557116686,0.,0.961205414450187));
#6669=DIRECTION('',(0.961205414450187,0.,0.275833557116686));
#6670=DIRECTION('',(0.961205414450187,0.,0.275833557116686));
#6671=DIRECTION('',(0.,-1.,0.));
#6672=DIRECTION('',(0.,-1.,0.));
#6673=DIRECTION('',(0.,0.,-1.));
#6674=DIRECTION('',(0.275833557116686,0.,-0.961205414450187));
#6675=DIRECTION('',(0.961205414450187,0.,0.275833557116686));
#6676=DIRECTION('',(0.,1.,0.));
#6677=DIRECTION('',(0.275833557116686,0.,-0.961205414450187));
#6678=DIRECTION('',(-0.961205414450187,0.,-0.275833557116686));
#6679=DIRECTION('',(0.,1.,0.));
#6680=DIRECTION('',(0.961205414450187,0.,0.275833557116686));
#6681=DIRECTION('',(0.,1.,0.));
#6682=DIRECTION('',(0.961205414450187,0.,0.275833557116686));
#6683=DIRECTION('',(-0.0940685056880156,-0.940051113912134,0.327803324373288));
#6684=DIRECTION('',(0.,-0.329263368125657,-0.944238123785811));
#6685=DIRECTION('',(0.259297642621887,-0.341033580798952,-0.903582220552273));
#6686=DIRECTION('',(0.961205414450187,0.,0.275833557116686));
#6687=DIRECTION('',(0.259297642621887,-0.341033580798952,-0.903582220552273));
#6688=DIRECTION('',(-0.275833557116686,0.,0.961205414450187));
#6689=DIRECTION('',(0.961205414450187,0.,0.275833557116686));
#6690=DIRECTION('',(0.961205414450187,0.,0.275833557116686));
#6691=DIRECTION('',(0.,-1.,0.));
#6692=DIRECTION('',(0.961205414450187,0.,0.275833557116686));
#6693=DIRECTION('',(-0.0946493328629784,0.939284527122528,0.329827350134584));
#6694=DIRECTION('',(0.,-0.331314729675043,0.94352029649624));
#6695=DIRECTION('',(0.961205414450187,0.,0.275833557116686));
#6696=DIRECTION('',(-0.259086192260871,-0.343139296945436,0.902845373179458));
#6697=DIRECTION('',(-0.275833557116686,0.,0.961205414450187));
#6698=DIRECTION('',(0.961205414450187,0.,0.275833557116686));
#6699=DIRECTION('',(0.961205414450187,0.,0.275833557116686));
#6700=DIRECTION('',(0.,-1.,0.));
#6701=DIRECTION('',(0.0985744212047851,-0.933963192879764,-0.343505222420239));
#6702=DIRECTION('',(0.,0.345186389997822,-0.938534152900293));
#6703=DIRECTION('',(0.961205414450187,0.,0.275833557116686));
#6704=DIRECTION('',(0.257618389708083,0.357369212923884,-0.897730477893214));
#6705=DIRECTION('',(0.275833557116686,0.,-0.961205414450187));
#6706=DIRECTION('',(-0.961205414450187,0.,-0.275833557116686));
#6707=DIRECTION('',(0.961205414450187,0.,0.275833557116686));
#6708=DIRECTION('',(0.,1.,0.));
#6709=DIRECTION('',(0.0983767806647718,0.934237045590338,-0.342816498542109));
#6710=DIRECTION('',(0.,0.344487524995378,0.938790895312986));
#6711=DIRECTION('',(0.961205414450187,0.,0.275833557116686));
#6712=DIRECTION('',(-0.257693927475367,0.356652691909982,0.897993706601379));
#6713=DIRECTION('',(-0.275833557116686,0.,0.961205414450187));
#6714=DIRECTION('',(0.961205414450187,0.,0.275833557116686));
#6715=DIRECTION('',(0.961205414450187,0.,0.275833557116686));
#6716=DIRECTION('',(0.,-1.,0.));
#6717=DIRECTION('',(-0.0934920739995182,-0.940806622257547,0.325794615694634));
#6718=DIRECTION('',(0.,-0.327227865908716,-0.94494546073984));
#6719=DIRECTION('',(0.259506037176233,-0.338943799937903,-0.904308419264546));
#6720=DIRECTION('',(-0.0943913227293267,0.939625713548769,0.328928254534899));
#6721=DIRECTION('',(0.,-0.330403449188383,0.943839796133019));
#6722=DIRECTION('',(-0.259180302926461,-0.342203913533974,0.903173323419697));
#6723=DIRECTION('',(-0.259180302926461,-0.342203913533974,0.903173323419697));
#6724=DIRECTION('',(0.961205414450187,0.,0.275833557116686));
#6725=DIRECTION('',(0.,1.,0.));
#6726=DIRECTION('',(0.961205414450187,0.,0.275833557116686));
#6727=DIRECTION('',(0.961205414450187,0.,0.275833557116686));
#6728=DIRECTION('',(0.961205414450187,0.,0.275833557116686));
#6729=DIRECTION('',(0.961205414450187,0.,0.275833557116686));
#6730=DIRECTION('',(0.961205414450187,0.,0.275833557116686));
#6731=DIRECTION('',(0.961205414450187,0.,0.275833557116686));
#6732=DIRECTION('',(0.961205414450187,0.,0.275833557116686));
#6733=DIRECTION('',(0.961205414450187,0.,0.275833557116686));
#6734=DIRECTION('',(0.275833557116686,0.,-0.961205414450187));
#6735=DIRECTION('',(-0.961205414450187,0.,-0.275833557116686));
#6736=DIRECTION('',(0.961205414450187,0.,0.275833557116686));
#6737=DIRECTION('',(0.,1.,0.));
#6738=DIRECTION('',(0.961205414450187,0.,0.275833557116686));
#6739=DIRECTION('',(0.961205414450187,0.,0.275833557116686));
#6740=DIRECTION('',(0.961205414450187,0.,0.275833557116686));
#6741=DIRECTION('',(0.961205414450187,0.,0.275833557116686));
#6742=DIRECTION('',(0.961205414450187,0.,0.275833557116686));
#6743=DIRECTION('',(0.961205414450187,0.,0.275833557116686));
#6744=DIRECTION('',(0.961205414450187,0.,0.275833557116686));
#6745=DIRECTION('',(0.961205414450187,0.,0.275833557116686));
#6746=DIRECTION('',(0.961205414450187,0.,0.275833557116686));
#6747=DIRECTION('',(0.961205414450187,0.,0.275833557116686));
#6748=DIRECTION('',(0.961205414450187,0.,0.275833557116686));
#6749=DIRECTION('',(0.961205414450187,0.,0.275833557116686));
#6750=DIRECTION('',(0.961205414450187,0.,0.275833557116686));
#6751=DIRECTION('',(0.961205414450187,0.,0.275833557116686));
#6752=DIRECTION('',(-0.275833557116686,0.,0.961205414450187));
#6753=DIRECTION('',(0.961205414450187,0.,0.275833557116686));
#6754=DIRECTION('',(0.961205414450187,0.,0.275833557116686));
#6755=DIRECTION('',(0.,-1.,0.));
#6756=DIRECTION('',(0.961205414450187,0.,0.275833557116686));
#6757=DIRECTION('',(-0.07663010864264,0.960635215009911,0.26703522264353));
#6758=DIRECTION('',(0.961205414450187,0.,0.275833557116686));
#6759=DIRECTION('',(0.961205414450187,0.,0.275833557116686));
#6760=DIRECTION('',(0.275833557116686,0.,-0.961205414450187));
#6761=DIRECTION('',(0.961205414450187,0.,0.275833557116686));
#6762=DIRECTION('',(0.961205414450187,0.,0.275833557116686));
#6763=DIRECTION('',(0.961205414450187,0.,0.275833557116686));
#6764=DIRECTION('',(0.961205414450187,0.,0.275833557116686));
#6765=DIRECTION('',(0.961205414450187,0.,0.275833557116686));
#6766=DIRECTION('',(0.,1.,0.));
#6767=DIRECTION('',(-0.190782026367634,-0.722226777650337,0.664823811291285));
#6768=DIRECTION('',(0.,-0.677263499199342,-0.735740547103572));
#6769=DIRECTION('',(0.961205414450187,0.,0.275833557116686));
#6770=DIRECTION('',(0.199214381124214,-0.691656332035507,-0.694208289138415));
#6771=DIRECTION('',(0.961205414450187,0.,0.275833557116686));
#6772=DIRECTION('',(-0.165815267700243,0.799141866396629,0.577821403523277));
#6773=DIRECTION('',(0.,-0.585932566568911,0.810359813560599));
#6774=DIRECTION('',(0.961205414450187,0.,0.275833557116686));
#6775=DIRECTION('',(-0.22043014364905,-0.601142476765794,0.768139488894268));
#6776=DIRECTION('',(-0.275833557116686,0.,0.961205414450187));
#6777=DIRECTION('',(0.961205414450187,0.,0.275833557116686));
#6778=DIRECTION('',(0.961205414450187,0.,0.275833557116686));
#6779=DIRECTION('',(0.,-1.,0.));
#6780=DIRECTION('',(0.164942687016331,-0.801511735376213,-0.574780695617072));
#6781=DIRECTION('',(0.,0.58276270714121,-0.812642373473995));
#6782=DIRECTION('',(0.961205414450187,0.,0.275833557116686));
#6783=DIRECTION('',(0.221083833039589,0.597979044828673,-0.770417419788981));
#6784=DIRECTION('',(-0.187987140969623,-0.731795924872752,0.655084390876246));
#6785=DIRECTION('',(0.,-0.666975571847429,-0.745079584043742));
#6786=DIRECTION('',(0.961205414450187,0.,0.275833557116686));
#6787=DIRECTION('',(0.201853873041146,-0.681523825217897,-0.703406205260271));
#6788=DIRECTION('',(0.275833557116686,0.,-0.961205414450187));
#6789=DIRECTION('',(-0.961205414450187,0.,-0.275833557116686));
#6790=DIRECTION('',(0.961205414450187,0.,0.275833557116686));
#6791=DIRECTION('',(0.,1.,0.));
#6792=DIRECTION('',(0.189658085537818,0.726107091573903,-0.66090718119583));
#6793=DIRECTION('',(0.,0.673124253363439,0.739529404103659));
#6794=DIRECTION('',(0.961205414450187,0.,0.275833557116686));
#6795=DIRECTION('',(-0.200284701916481,0.68758162538428,0.697938067891513));
#6796=DIRECTION('',(0.176247499505749,0.769237281836225,-0.61417491250554));
#6797=DIRECTION('',(0.,0.623942175839634,0.78147051205308));
#6798=DIRECTION('',(0.961205414450187,0.,0.275833557116686));
#6799=DIRECTION('',(-0.212181455715656,0.638963226041387,0.739395040297924));
#6800=DIRECTION('',(0.,-1.,0.));
#6801=DIRECTION('',(0.,0.,-1.));
#6802=DIRECTION('',(0.961205414450187,0.,0.275833557116686));
#6803=DIRECTION('',(0.275833557116686,0.,-0.961205414450187));
#6804=DIRECTION('',(0.275833557116686,0.,-0.961205414450187));
#6805=DIRECTION('',(-0.961205414450187,0.,-0.275833557116686));
#6806=DIRECTION('',(0.961205414450187,0.,0.275833557116686));
#6807=DIRECTION('',(0.,1.,0.));
#6808=DIRECTION('',(0.,1.,0.));
#6809=DIRECTION('',(0.,0.,1.));
#6810=DIRECTION('',(0.961205414450187,0.,0.275833557116686));
#6811=DIRECTION('',(-0.275833557116686,0.,0.961205414450187));
#6812=DIRECTION('',(-0.275833557116686,0.,0.961205414450187));
#6813=DIRECTION('',(0.961205414450187,0.,0.275833557116686));
#6814=DIRECTION('',(0.961205414450187,0.,0.275833557116686));
#6815=DIRECTION('',(0.,-1.,0.));
#6816=DIRECTION('',(0.,-1.,0.));
#6817=DIRECTION('',(0.,0.,-1.));
#6818=DIRECTION('',(0.275833557116686,0.,-0.961205414450187));
#6819=DIRECTION('',(0.961205414450187,0.,0.275833557116686));
#6820=DIRECTION('',(0.,1.,0.));
#6821=DIRECTION('',(0.961205414450187,0.,0.275833557116686));
#6822=DIRECTION('',(0.961205414450187,0.,0.275833557116686));
#6823=DIRECTION('',(0.961205414450187,0.,0.275833557116686));
#6824=DIRECTION('',(0.961205414450187,0.,0.275833557116686));
#6825=DIRECTION('',(0.961205414450187,0.,0.275833557116686));
#6826=DIRECTION('',(0.961205414450187,0.,0.275833557116686));
#6827=DIRECTION('',(0.961205414450187,0.,0.275833557116686));
#6828=DIRECTION('',(0.961205414450187,0.,0.275833557116686));
#6829=DIRECTION('',(0.961205414450187,0.,0.275833557116686));
#6830=DIRECTION('',(0.,1.,0.));
#6831=DIRECTION('',(-0.275833557116686,0.,0.961205414450187));
#6832=DIRECTION('',(0.961205414450187,0.,0.275833557116686));
#6833=DIRECTION('',(0.961205414450187,0.,0.275833557116686));
#6834=DIRECTION('',(0.,-1.,0.));
#6835=DIRECTION('',(0.961205414450187,0.,0.275833557116686));
#6836=DIRECTION('',(0.,-1.,0.));
#6837=DIRECTION('',(0.,0.,-1.));
#6838=DIRECTION('',(0.961205414450187,0.,0.275833557116686));
#6839=DIRECTION('',(0.275833557116686,0.,-0.961205414450187));
#6840=DIRECTION('',(0.275833557116686,0.,-0.961205414450187));
#6841=DIRECTION('',(-0.961205414450187,0.,-0.275833557116686));
#6842=DIRECTION('',(0.961205414450187,0.,0.275833557116686));
#6843=DIRECTION('',(0.,1.,0.));
#6844=DIRECTION('',(0.,1.,0.));
#6845=DIRECTION('',(0.,0.,1.));
#6846=DIRECTION('',(-0.275833557116686,0.,0.961205414450187));
#6847=DIRECTION('',(0.961205414450187,0.,0.275833557116686));
#6848=DIRECTION('',(0.,1.,0.));
#6849=DIRECTION('',(0.961205414450187,0.,0.275833557116686));
#6850=DIRECTION('',(0.275833557116686,0.,-0.961205414450187));
#6851=DIRECTION('',(0.961205414450187,0.,0.275833557116686));
#6852=DIRECTION('',(0.275833557116686,0.,-0.961205414450187));
#6853=DIRECTION('',(0.961205414450187,0.,0.275833557116686));
#6854=DIRECTION('',(0.275833557116686,0.,-0.961205414450187));
#6855=DIRECTION('',(0.961205414450187,0.,0.275833557116686));
#6856=DIRECTION('',(0.275833557116686,0.,-0.961205414450187));
#6857=DIRECTION('',(0.961205414450187,0.,0.275833557116686));
#6858=DIRECTION('',(0.275833557116686,0.,-0.961205414450187));
#6859=DIRECTION('',(-0.387978939704674,0.,-0.921668238763622));
#6860=DIRECTION('',(-0.921668238763622,0.,0.387978939704674));
#6861=DIRECTION('',(-0.921668238763622,0.,0.387978939704674));
#6862=DIRECTION('',(-0.921668238763622,0.,0.387978939704674));
#6863=DIRECTION('',(-0.24664102592762,0.77193023561705,-0.585911184113751));
#6864=DIRECTION('',(0.,0.604588799910754,0.796537747393351));
#6865=DIRECTION('',(-0.921668238763622,0.,0.387978939704674));
#6866=DIRECTION('',(0.24664102592762,0.77193023561705,0.58591118411375));
#6867=DIRECTION('',(0.,-0.604588799910754,0.796537747393351));
#6868=DIRECTION('',(-0.24664102592762,-0.77193023561705,-0.58591118411375));
#6869=DIRECTION('',(0.,0.604588799910754,-0.796537747393351));
#6870=DIRECTION('',(-0.921668238763622,0.,0.387978939704674));
#6871=DIRECTION('',(-0.921668238763622,0.,0.387978939704674));
#6872=DIRECTION('',(-0.387978939704674,0.,-0.921668238763622));
#6873=DIRECTION('',(-0.921668238763622,0.,0.387978939704674));
#6874=DIRECTION('',(-0.921668238763622,0.,0.387978939704674));
#6875=DIRECTION('',(-0.24664102592762,0.77193023561705,-0.585911184113751));
#6876=DIRECTION('',(0.,0.604588799910754,0.796537747393351));
#6877=DIRECTION('',(-1.34607234978057E-16,1.,-3.19767906169091E-16));
#6878=DIRECTION('',(0.,3.19767906169091E-16,1.));
#6879=DIRECTION('',(-0.921668238763622,0.,0.387978939704674));
#6880=DIRECTION('',(-0.921668238763622,0.,0.387978939704674));
#6881=DIRECTION('',(-0.24664102592762,-0.77193023561705,-0.58591118411375));
#6882=DIRECTION('',(0.,0.604588799910754,-0.796537747393351));
#6883=DIRECTION('',(-0.921668238763622,0.,0.387978939704674));
#6884=DIRECTION('',(-0.24664102592762,0.77193023561705,-0.585911184113751));
#6885=DIRECTION('',(0.,0.604588799910754,0.796537747393351));
#6886=DIRECTION('',(-0.24664102592762,0.77193023561705,-0.585911184113751));
#6887=DIRECTION('',(0.,0.604588799910754,0.796537747393351));
#6888=DIRECTION('',(-0.921668238763622,0.,0.387978939704674));
#6889=DIRECTION('',(-0.921668238763622,0.,0.387978939704674));
#6890=DIRECTION('',(-7.1510093582093E-17,1.,-1.69876700152329E-16));
#6891=DIRECTION('',(0.,1.69876700152329E-16,1.));
#6892=DIRECTION('',(-0.921668238763622,0.,0.387978939704674));
#6893=DIRECTION('',(0.24664102592762,0.77193023561705,0.58591118411375));
#6894=DIRECTION('',(0.,-0.604588799910754,0.796537747393351));
#6895=DIRECTION('',(0.961205414450187,0.,0.275833557116687));
#6896=DIRECTION('',(0.275833557116687,0.,-0.961205414450187));
#6897=DIRECTION('',(-0.679674866670953,0.707106781186548,-0.195043778716016));
#6898=DIRECTION('',(0.679674866670953,0.707106781186548,0.195043778716016));
#6899=DIRECTION('',(0.679674866670953,0.707106781186548,0.195043778716016));
#6900=DIRECTION('',(-0.679674866670953,0.707106781186548,-0.195043778716016));
#6901=DIRECTION('',(0.,1.,0.));
#6902=DIRECTION('',(0.,0.,1.));
#6903=DIRECTION('',(-0.679674866670953,0.707106781186548,-0.195043778716016));
#6904=DIRECTION('',(0.679674866670953,0.707106781186548,0.195043778716016));
#6905=DIRECTION('',(0.,1.,0.));
#6906=DIRECTION('',(0.,0.,1.));
#6907=DIRECTION('',(0.679674866670953,0.707106781186548,0.195043778716016));
#6908=DIRECTION('',(-0.679674866670953,0.707106781186548,-0.195043778716016));
#6909=DIRECTION('',(-0.961205414450187,0.,-0.275833557116687));
#6910=DIRECTION('',(-0.275833557116687,0.,0.961205414450187));
#6911=DIRECTION('',(0.,1.,0.));
#6912=DIRECTION('',(0.,0.,1.));
#6913=CARTESIAN_POINT('',(0.,0.,0.));
#6914=CARTESIAN_POINT('',(-0.0625917417605031,-0.085,0.0490867847776378));
#6915=CARTESIAN_POINT('',(-0.0625917417605031,-0.085,0.0490867847776378));
#6916=CARTESIAN_POINT('',(-0.0833492785088666,-0.085,-0.000224042120590656));
#6917=CARTESIAN_POINT('',(-0.0428666263062118,-0.085,0.0959450303154094));
#6918=CARTESIAN_POINT('',(-0.0428666263062118,-0.085,0.0959450303154093));
#6919=CARTESIAN_POINT('',(-0.0428666263062118,0.,0.0959450303154094));
#6920=CARTESIAN_POINT('',(-0.0625917417605031,0.,0.0490867847776378));
#6921=CARTESIAN_POINT('',(-0.0833492785088666,0.,-0.000224042120590656));
#6922=CARTESIAN_POINT('',(-0.0833492785088666,-0.085,-0.000224042120590656));
#6923=CARTESIAN_POINT('',(-0.0532381347479599,-0.0265919039961012,0.0713068632898889));
#6924=CARTESIAN_POINT('',(-0.0455824788841444,-0.0103419039961011,0.089493352644064));
#6925=CARTESIAN_POINT('',(-0.0608937906117753,-0.0428419039961012,0.0531203739357139));
#6926=CARTESIAN_POINT('',(-0.0455824788841445,-0.0428419039961011,0.089493352644064));
#6927=CARTESIAN_POINT('',(-0.0455824788841445,-0.0753419039961012,0.089493352644064));
#6928=CARTESIAN_POINT('',(-0.0532381347479599,-0.0590919039961012,0.0713068632898889));
#6929=CARTESIAN_POINT('',(-0.0805005834575651,-0.0428419039961012,0.00654321115533796));
#6930=CARTESIAN_POINT('',(-0.0805005834575651,-0.0103419039961012,0.00654321115533795));
#6931=CARTESIAN_POINT('',(-0.0805005834575651,-0.0753419039961012,0.00654321115533794));
#6932=CARTESIAN_POINT('',(-0.0728449275937496,-0.0265919039961012,0.024729700509513));
#6933=CARTESIAN_POINT('',(-0.0651892717299342,-0.0428419039961012,0.042916189863688));
#6934=CARTESIAN_POINT('',(-0.0728449275937496,-0.0590919039961012,0.024729700509513));
#6935=CARTESIAN_POINT('',(-0.0552819523767613,-0.0638713157608071,0.0664516466749734));
#6936=CARTESIAN_POINT('',(-0.0630415311708548,-0.047400727525513,0.048018281899701));
#6937=CARTESIAN_POINT('',(-0.0475223735826678,-0.0803419039961012,0.0848850114502459));
#6938=CARTESIAN_POINT('',(-0.0630415311708547,-0.0803419039961012,0.048018281899701));
#6939=CARTESIAN_POINT('',(-0.0785606887590417,-0.0803419039961012,0.0111515523491561));
#6940=CARTESIAN_POINT('',(-0.0708011099649482,-0.0638713157608071,0.0295849171244285));
#6941=CARTESIAN_POINT('',(-0.0630415311708548,-0.00534190399610118,0.048018281899701));
#6942=CARTESIAN_POINT('',(-0.0475223735826678,-0.00534190399610118,0.0848850114502459));
#6943=CARTESIAN_POINT('',(-0.0785606887590417,-0.00534190399610118,0.0111515523491561));
#6944=CARTESIAN_POINT('',(-0.0552819523767613,-0.0218124922313953,0.0664516466749734));
#6945=CARTESIAN_POINT('',(-0.0630415311708548,-0.0382830804666894,0.048018281899701));
#6946=CARTESIAN_POINT('',(-0.0708011099649482,-0.0218124922313953,0.0295849171244285));
#6947=CARTESIAN_POINT('',(-0.0606010530147664,-0.085,0.0460834119381811));
#6948=CARTESIAN_POINT('',(-0.0606010530147664,-0.0803419039961012,0.0460834119381811));
#6949=CARTESIAN_POINT('',(-0.044757368866377,-0.0803419039961012,0.0837210746311319));
#6950=CARTESIAN_POINT('',(-0.0757956840427508,-0.0803419039961012,0.00998761553004205));
#6951=CARTESIAN_POINT('',(-0.0533113912364993,-0.0621850189444249,0.0634004594497601));
#6952=CARTESIAN_POINT('',(-0.0602765264545639,-0.047400727525513,0.046854345080587));
#6953=CARTESIAN_POINT('',(-0.0676284170371584,-0.0630059511787638,0.0293894691520106));
#6954=CARTESIAN_POINT('',(-0.0428174741678536,-0.085,0.08832941582495));
#6955=CARTESIAN_POINT('',(-0.0428174741678536,-0.0103419039961011,0.08832941582495));
#6956=CARTESIAN_POINT('',(-0.0428174741678536,-0.0753419039961012,0.0883294158249499));
#6957=CARTESIAN_POINT('',(-0.0676284170371584,-0.0630059511787638,0.0293894691520106));
#6958=CARTESIAN_POINT('',(-0.0581287858954845,-0.0428419039961012,0.0519564371165999));
#6959=CARTESIAN_POINT('',(-0.0515754854650372,-0.0567520292537032,0.0675242121881458));
#6960=CARTESIAN_POINT('',(-0.0606010530147664,0.,0.0460834119381811));
#6961=CARTESIAN_POINT('',(-0.08,0.,0.));
#6962=CARTESIAN_POINT('',(-0.0412021060295326,0.,0.0921668238763623));
#6963=CARTESIAN_POINT('',(-0.0412021060295326,-0.085,0.0921668238763623));
#6964=CARTESIAN_POINT('',(-0.0412021060295326,-0.085,0.0921668238763623));
#6965=CARTESIAN_POINT('',(-0.0606010530147664,-0.085,0.0460834119381811));
#6966=CARTESIAN_POINT('',(-0.08,-0.085,0.));
#6967=CARTESIAN_POINT('',(-0.08,-0.085,0.));
#6968=CARTESIAN_POINT('',(-0.0533113912364993,-0.0621850189444249,0.0634004594497601));
#6969=CARTESIAN_POINT('',(-0.0777355787412742,-0.0103419039961012,0.00537927433622394));
#6970=CARTESIAN_POINT('',(-0.0624242670136434,-0.0428419039961012,0.0417522530445741));
#6971=CARTESIAN_POINT('',(-0.0777355787412742,-0.085,0.00537927433622395));
#6972=CARTESIAN_POINT('',(-0.0777355787412742,-0.0753419039961012,0.00537927433622393));
#6973=CARTESIAN_POINT('',(-0.0693643228086206,-0.0575729614880421,0.0252657164136249));
#6974=CARTESIAN_POINT('',(-0.0693643228086206,-0.0575729614880421,0.0252657164136249));
#6975=CARTESIAN_POINT('',(-0.044757368866377,-0.00534190399610118,0.0837210746311318));
#6976=CARTESIAN_POINT('',(-0.0602765264545639,-0.0382830804666894,0.046854345080587));
#6977=CARTESIAN_POINT('',(-0.0606010530147664,-0.00534190399610118,0.0460834119381811));
#6978=CARTESIAN_POINT('',(-0.0757956840427508,-0.00534190399610118,0.00998761553004205));
#6979=CARTESIAN_POINT('',(-0.0515754854650372,-0.0567520292537032,0.0675242121881458));
#6980=CARTESIAN_POINT('',(-0.0288724816575927,-0.085,0.0600775385951616));
#6981=CARTESIAN_POINT('',(-0.0308374135027912,-0.03468566110638,0.0669247951377416));
#6982=CARTESIAN_POINT('',(-0.0300340216115952,-0.0331241549238547,0.0641251914788721));
#6983=CARTESIAN_POINT('',(-0.031640805393987,-0.0362471672889051,0.0697243987966111));
#6984=CARTESIAN_POINT('',(-0.031640805393987,-0.0379384034683575,0.0697243987966111));
#6985=CARTESIAN_POINT('',(-0.031640805393987,-0.0396296396478099,0.0697243987966111));
#6986=CARTESIAN_POINT('',(-0.0308374135027912,-0.0396296396478099,0.0669247951377416));
#6987=CARTESIAN_POINT('',(-0.0300340216115952,-0.0396296396478099,0.0641251914788721));
#6988=CARTESIAN_POINT('',(-0.0300340216115952,-0.0405836297471641,0.0641251914788721));
#6989=CARTESIAN_POINT('',(-0.0300340216115952,-0.0415376198465185,0.0641251914788721));
#6990=CARTESIAN_POINT('',(-0.0320195909244368,-0.0415376198465185,0.0710443640198043));
#6991=CARTESIAN_POINT('',(-0.0340051602372783,-0.0415376198465185,0.0779635365607365));
#6992=CARTESIAN_POINT('',(-0.0340051602372783,-0.0391550177078325,0.0779635365607365));
#6993=CARTESIAN_POINT('',(-0.0340051602372783,-0.0367724155691466,0.0779635365607365));
#6994=CARTESIAN_POINT('',(-0.0340051602372783,-0.0367724155691466,0.0779635365607365));
#6995=CARTESIAN_POINT('',(-0.0340051602372783,-0.0343391870901966,0.0779635365607365));
#6996=CARTESIAN_POINT('',(-0.0336996880353027,-0.0330292305358593,0.0768990484775162));
#6997=CARTESIAN_POINT('',(-0.0336996880353027,-0.0330292305358593,0.0768990484775162));
#6998=CARTESIAN_POINT('',(-0.0336996880353027,-0.0330292305358593,0.0768990484775162));
#6999=CARTESIAN_POINT('',(-0.0333942158333271,-0.031719273981522,0.0758345603942959));
#7000=CARTESIAN_POINT('',(-0.0328103275386937,-0.031719273981522,0.0737998674580833));
#7001=CARTESIAN_POINT('',(-0.0328103275386937,-0.031719273981522,0.0737998674580833));
#7002=CARTESIAN_POINT('',(-0.0328103275386937,-0.031719273981522,0.0737998674580833));
#7003=CARTESIAN_POINT('',(-0.0324393970077233,-0.031719273981522,0.0725072747856014));
#7004=CARTESIAN_POINT('',(-0.0321640356370853,-0.0324454455496873,0.0715477148134414));
#7005=CARTESIAN_POINT('',(-0.0321640356370853,-0.0324454455496873,0.0715477148134414));
#7006=CARTESIAN_POINT('',(-0.0321640356370853,-0.0324454455496873,0.0715477148134414));
#7007=CARTESIAN_POINT('',(-0.0318886742664473,-0.0331716171178525,0.0705881548412813));
#7008=CARTESIAN_POINT('',(-0.0317525209421381,-0.0344689170871237,0.0701136972956174));
#7009=CARTESIAN_POINT('',(-0.0317525209421381,-0.0344689170871237,0.0701136972956174));
#7010=CARTESIAN_POINT('',(-0.0309098540535454,-0.0327776809076713,0.067177230883191));
#7011=CARTESIAN_POINT('',(-0.0300671871649526,-0.031086444728219,0.0642407644707646));
#7012=CARTESIAN_POINT('',(-0.0300506043882739,-0.031086444728219,0.0641829779748184));
#7013=CARTESIAN_POINT('',(-0.0300340216115952,-0.031086444728219,0.0641251914788721));
#7014=CARTESIAN_POINT('',(-0.0300340216115952,-0.0321052998260369,0.0641251914788721));
#7015=CARTESIAN_POINT('',(-0.0256752955180296,-0.00749764554787634,0.0489362088002042));
#7016=CARTESIAN_POINT('',(-0.0257331354534093,-0.00769103972432136,0.049137765346259));
#7017=CARTESIAN_POINT('',(-0.0258194458233023,-0.00769103972432136,0.049438533663688));
#7018=CARTESIAN_POINT('',(-0.0256752955180296,-0.00749764554787634,0.0489362088002042));
#7019=CARTESIAN_POINT('',(-0.0258194458233023,-0.00769103972432136,0.049438533663688));
#7020=CARTESIAN_POINT('',(-0.0258194458233023,-0.00769103972432136,0.049438533663688));
#7021=CARTESIAN_POINT('',(-0.0259093524586077,-0.00769103972432136,0.0497518339943433));
#7022=CARTESIAN_POINT('',(-0.0259692902154779,-0.00749764554787634,0.0499607008814467));
#7023=CARTESIAN_POINT('',(-0.0259692902154779,-0.00749764554787634,0.0499607008814467));
#7024=CARTESIAN_POINT('',(-0.0259692902154779,-0.00749764554787634,0.0499607008814467));
#7025=CARTESIAN_POINT('',(-0.0260292279723481,-0.00730425137143131,0.0501695677685502));
#7026=CARTESIAN_POINT('',(-0.0260292279723481,-0.00691746301854126,0.0501695677685502));
#7027=CARTESIAN_POINT('',(-0.0260292279723481,-0.00691746301854126,0.0501695677685502));
#7028=CARTESIAN_POINT('',(-0.0260292279723481,-0.00691746301854126,0.0501695677685502));
#7029=CARTESIAN_POINT('',(-0.0260292279723481,-0.00653067466565122,0.0501695677685502));
#7030=CARTESIAN_POINT('',(-0.0259692902154779,-0.00632967510024488,0.0499607008814467));
#7031=CARTESIAN_POINT('',(-0.0259692902154779,-0.00632967510024488,0.0499607008814467));
#7032=CARTESIAN_POINT('',(-0.0259692902154779,-0.00632967510024488,0.0499607008814467));
#7033=CARTESIAN_POINT('',(-0.0259093524586077,-0.00612867553483852,0.0497518339943433));
#7034=CARTESIAN_POINT('',(-0.0258194458233023,-0.00612867553483852,0.049438533663688));
#7035=CARTESIAN_POINT('',(-0.0258194458233023,-0.00612867553483852,0.049438533663688));
#7036=CARTESIAN_POINT('',(-0.0258194458233023,-0.00612867553483852,0.049438533663688));
#7037=CARTESIAN_POINT('',(-0.0257331354534093,-0.00612867553483852,0.049137765346259));
#7038=CARTESIAN_POINT('',(-0.0256752955180296,-0.00632967510024488,0.0489362088002042));
#7039=CARTESIAN_POINT('',(-0.0256752955180296,-0.00632967510024488,0.0489362088002042));
#7040=CARTESIAN_POINT('',(-0.0256752955180296,-0.00632967510024488,0.0489362088002042));
#7041=CARTESIAN_POINT('',(-0.0256174555826498,-0.00653067466565122,0.0487346522541493));
#7042=CARTESIAN_POINT('',(-0.0256174555826498,-0.00691746301854126,0.0487346522541493));
#7043=CARTESIAN_POINT('',(-0.0256174555826498,-0.00691746301854126,0.0487346522541493));
#7044=CARTESIAN_POINT('',(-0.0256174555826498,-0.00691746301854126,0.0487346522541493));
#7045=CARTESIAN_POINT('',(-0.0256174555826498,-0.00730425137143131,0.0487346522541493));
#7046=CARTESIAN_POINT('',(-0.0256752955180296,-0.00749764554787634,0.0489362088002042));
#7047=CARTESIAN_POINT('',(-0.0266510821998765,-0.0473411918321006,0.0523365617222487));
#7048=CARTESIAN_POINT('',(-0.0276643299797673,-0.0473411918321006,0.055867456448733));
#7049=CARTESIAN_POINT('',(-0.0256378344199856,-0.0473411918321006,0.0488056669957645));
#7050=CARTESIAN_POINT('',(-0.0256378344199856,-0.0479691796634782,0.0488056669957645));
#7051=CARTESIAN_POINT('',(-0.0256378344199856,-0.0485971674948559,0.0488056669957645));
#7052=CARTESIAN_POINT('',(-0.0266510821998765,-0.0485971674948559,0.0523365617222487));
#7053=CARTESIAN_POINT('',(-0.0276643299797673,-0.0485971674948559,0.055867456448733));
#7054=CARTESIAN_POINT('',(-0.0276643299797673,-0.0479691796634782,0.055867456448733));
#7055=CARTESIAN_POINT('',(-0.0273289782300785,-0.0639209397677807,0.054698846215389));
#7056=CARTESIAN_POINT('',(-0.0273868181654583,-0.0641143339442257,0.0549004027614439));
#7057=CARTESIAN_POINT('',(-0.0274731285353513,-0.0641143339442257,0.0552011710788729));
#7058=CARTESIAN_POINT('',(-0.0273289782300785,-0.0639209397677807,0.054698846215389));
#7059=CARTESIAN_POINT('',(-0.0274731285353513,-0.0641143339442257,0.0552011710788729));
#7060=CARTESIAN_POINT('',(-0.0274731285353513,-0.0641143339442257,0.0552011710788729));
#7061=CARTESIAN_POINT('',(-0.0275630351706567,-0.0641143339442257,0.0555144714095281));
#7062=CARTESIAN_POINT('',(-0.0276229729275268,-0.0639209397677807,0.0557233382966316));
#7063=CARTESIAN_POINT('',(-0.0276229729275268,-0.0639209397677807,0.0557233382966316));
#7064=CARTESIAN_POINT('',(-0.0276229729275268,-0.0639209397677807,0.0557233382966316));
#7065=CARTESIAN_POINT('',(-0.027682910684397,-0.0637275455913357,0.0559322051837351));
#7066=CARTESIAN_POINT('',(-0.027682910684397,-0.0633407572384456,0.0559322051837351));
#7067=CARTESIAN_POINT('',(-0.027682910684397,-0.0633407572384456,0.0559322051837351));
#7068=CARTESIAN_POINT('',(-0.027682910684397,-0.0633407572384456,0.0559322051837351));
#7069=CARTESIAN_POINT('',(-0.027682910684397,-0.0629539688855556,0.0559322051837351));
#7070=CARTESIAN_POINT('',(-0.0276229729275268,-0.0627529693201493,0.0557233382966316));
#7071=CARTESIAN_POINT('',(-0.0276229729275268,-0.0627529693201493,0.0557233382966316));
#7072=CARTESIAN_POINT('',(-0.0276229729275268,-0.0627529693201493,0.0557233382966316));
#7073=CARTESIAN_POINT('',(-0.0275630351706567,-0.0625519697547429,0.0555144714095281));
#7074=CARTESIAN_POINT('',(-0.0274731285353513,-0.0625519697547429,0.0552011710788729));
#7075=CARTESIAN_POINT('',(-0.0274731285353513,-0.0625519697547429,0.0552011710788729));
#7076=CARTESIAN_POINT('',(-0.0274731285353513,-0.0625519697547429,0.0552011710788729));
#7077=CARTESIAN_POINT('',(-0.0273868181654583,-0.0625519697547429,0.0549004027614439));
#7078=CARTESIAN_POINT('',(-0.0273289782300785,-0.0627529693201493,0.054698846215389));
#7079=CARTESIAN_POINT('',(-0.0273289782300785,-0.0627529693201493,0.054698846215389));
#7080=CARTESIAN_POINT('',(-0.0273289782300785,-0.0627529693201493,0.054698846215389));
#7081=CARTESIAN_POINT('',(-0.0272711382946987,-0.0629539688855556,0.0544972896693342));
#7082=CARTESIAN_POINT('',(-0.0272711382946987,-0.0633407572384456,0.0544972896693342));
#7083=CARTESIAN_POINT('',(-0.0272711382946987,-0.0633407572384456,0.0544972896693342));
#7084=CARTESIAN_POINT('',(-0.0272711382946987,-0.0633407572384456,0.0544972896693342));
#7085=CARTESIAN_POINT('',(-0.0272711382946987,-0.0637275455913357,0.0544972896693342));
#7086=CARTESIAN_POINT('',(-0.0273289782300785,-0.0639209397677807,0.054698846215389));
#7087=CARTESIAN_POINT('',(-0.0256752955180296,-0.0639274586726047,0.0489362088002042));
#7088=CARTESIAN_POINT('',(-0.0257331354534093,-0.0641208528490497,0.049137765346259));
#7089=CARTESIAN_POINT('',(-0.0258194458233023,-0.0641208528490497,0.049438533663688));
#7090=CARTESIAN_POINT('',(-0.0256752955180296,-0.0639274586726047,0.0489362088002042));
#7091=CARTESIAN_POINT('',(-0.0258194458233023,-0.0641208528490497,0.049438533663688));
#7092=CARTESIAN_POINT('',(-0.0258194458233023,-0.0641208528490497,0.049438533663688));
#7093=CARTESIAN_POINT('',(-0.0259093524586077,-0.0641208528490497,0.0497518339943433));
#7094=CARTESIAN_POINT('',(-0.0259692902154779,-0.0639274586726047,0.0499607008814467));
#7095=CARTESIAN_POINT('',(-0.0259692902154779,-0.0639274586726047,0.0499607008814467));
#7096=CARTESIAN_POINT('',(-0.0259692902154779,-0.0639274586726047,0.0499607008814467));
#7097=CARTESIAN_POINT('',(-0.0260292279723481,-0.0637340644961597,0.0501695677685502));
#7098=CARTESIAN_POINT('',(-0.0260292279723481,-0.0633472761432696,0.0501695677685502));
#7099=CARTESIAN_POINT('',(-0.0260292279723481,-0.0633472761432696,0.0501695677685502));
#7100=CARTESIAN_POINT('',(-0.0260292279723481,-0.0633472761432696,0.0501695677685502));
#7101=CARTESIAN_POINT('',(-0.0260292279723481,-0.0629604877903796,0.0501695677685502));
#7102=CARTESIAN_POINT('',(-0.0259692902154779,-0.0627594882249732,0.0499607008814467));
#7103=CARTESIAN_POINT('',(-0.0259692902154779,-0.0627594882249732,0.0499607008814467));
#7104=CARTESIAN_POINT('',(-0.0259692902154779,-0.0627594882249732,0.0499607008814467));
#7105=CARTESIAN_POINT('',(-0.0259093524586077,-0.0625584886595669,0.0497518339943433));
#7106=CARTESIAN_POINT('',(-0.0258194458233023,-0.0625584886595669,0.049438533663688));
#7107=CARTESIAN_POINT('',(-0.0258194458233023,-0.0625584886595669,0.049438533663688));
#7108=CARTESIAN_POINT('',(-0.0258194458233023,-0.0625584886595669,0.049438533663688));
#7109=CARTESIAN_POINT('',(-0.0257331354534093,-0.0625584886595669,0.049137765346259));
#7110=CARTESIAN_POINT('',(-0.0256752955180296,-0.0627594882249732,0.0489362088002042));
#7111=CARTESIAN_POINT('',(-0.0256752955180296,-0.0627594882249732,0.0489362088002042));
#7112=CARTESIAN_POINT('',(-0.0256752955180296,-0.0627594882249732,0.0489362088002042));
#7113=CARTESIAN_POINT('',(-0.0256174555826498,-0.0629604877903796,0.0487346522541493));
#7114=CARTESIAN_POINT('',(-0.0256174555826498,-0.0633472761432696,0.0487346522541493));
#7115=CARTESIAN_POINT('',(-0.0256174555826498,-0.0633472761432696,0.0487346522541493));
#7116=CARTESIAN_POINT('',(-0.0256174555826498,-0.0633472761432696,0.0487346522541493));
#7117=CARTESIAN_POINT('',(-0.0256174555826498,-0.0637340644961597,0.0487346522541493));
#7118=CARTESIAN_POINT('',(-0.0256752955180296,-0.0639274586726047,0.0489362088002042));
#7119=CARTESIAN_POINT('',(-0.0269049186002218,-0.0691730040876416,0.053221112989132));
#7120=CARTESIAN_POINT('',(-0.0276643299797673,-0.0700899966995495,0.055867456448733));
#7121=CARTESIAN_POINT('',(-0.0261455072206763,-0.0682560114757338,0.0505747695295309));
#7122=CARTESIAN_POINT('',(-0.0269049186002218,-0.0674009484596538,0.053221112989132));
#7123=CARTESIAN_POINT('',(-0.0276643299797673,-0.0665458854435738,0.055867456448733));
#7124=CARTESIAN_POINT('',(-0.0276643299797673,-0.0658733517625656,0.055867456448733));
#7125=CARTESIAN_POINT('',(-0.0276643299797673,-0.0652008180815573,0.055867456448733));
#7126=CARTESIAN_POINT('',(-0.0264946446544452,-0.066677350024191,0.0517914191469087));
#7127=CARTESIAN_POINT('',(-0.0253249593291231,-0.0681538819668246,0.0477153818450844));
#7128=CARTESIAN_POINT('',(-0.0253249593291231,-0.0681538819668246,0.0477153818450844));
#7129=CARTESIAN_POINT('',(-0.0248190846611386,-0.0688405399416182,0.0459525453179311));
#7130=CARTESIAN_POINT('',(-0.0248190846611386,-0.0703333691463118,0.0459525453179311));
#7131=CARTESIAN_POINT('',(-0.0248190846611386,-0.0703333691463118,0.0459525453179311));
#7132=CARTESIAN_POINT('',(-0.0248220815489822,-0.0704528824014183,0.0459629886622862));
#7133=CARTESIAN_POINT('',(-0.0248250784368256,-0.0705723956565247,0.0459734320066414));
#7134=CARTESIAN_POINT('',(-0.0248370659881997,-0.070805989746051,0.0460152053840621));
#7135=CARTESIAN_POINT('',(-0.0248490535395737,-0.0710395838355773,0.0460569787614828));
#7136=CARTESIAN_POINT('',(-0.0249896075794344,-0.0710395838355773,0.0465467716117404));
#7137=CARTESIAN_POINT('',(-0.025130161619295,-0.0710395838355773,0.0470365644619981));
#7138=CARTESIAN_POINT('',(-0.0251265653538828,-0.0708700923101536,0.0470240324487719));
#7139=CARTESIAN_POINT('',(-0.0251229690884706,-0.0707006007847299,0.0470115004355457));
#7140=CARTESIAN_POINT('',(-0.0251229690884706,-0.0707006007847299,0.0470115004355457));
#7141=CARTESIAN_POINT('',(-0.0251229690884706,-0.0700617481119789,0.0470115004355457));
#7142=CARTESIAN_POINT('',(-0.0251939953303618,-0.0697053813149341,0.0472590076967633));
#7143=CARTESIAN_POINT('',(-0.0251939953303618,-0.0697053813149341,0.0472590076967633));
#7144=CARTESIAN_POINT('',(-0.0251939953303618,-0.0697053813149341,0.0472590076967633));
#7145=CARTESIAN_POINT('',(-0.0252650215722529,-0.0693490145178894,0.0475065149579809));
#7146=CARTESIAN_POINT('',(-0.0254544248839628,-0.0691186798807751,0.0481665343212279));
#7147=CARTESIAN_POINT('',(-0.0254544248839628,-0.0691186798807751,0.0481665343212279));
#7148=CARTESIAN_POINT('',(-0.0255575178257795,-0.0689796099111966,0.0485257853670459));
#7149=CARTESIAN_POINT('',(-0.0256606107675963,-0.0688405399416182,0.0488850364128638));
#7150=CARTESIAN_POINT('',(-0.0266624703736818,-0.0701508398112401,0.0523762464307984));
#7151=CARTESIAN_POINT('',(-0.0276643299797673,-0.071461139680862,0.055867456448733));
#7152=CARTESIAN_POINT('',(-0.0276643299797673,-0.0707755681902057,0.055867456448733));
#7153=CARTESIAN_POINT('',(-0.0280617173078168,-0.048512421732144,0.057252243910229));
#7154=CARTESIAN_POINT('',(-0.0281180587992748,-0.0486992970037651,0.0574485787841063));
#7155=CARTESIAN_POINT('',(-0.0282019716588931,-0.0486992970037651,0.0577409924260511));
#7156=CARTESIAN_POINT('',(-0.0280617173078168,-0.048512421732144,0.057252243910229));
#7157=CARTESIAN_POINT('',(-0.0282019716588931,-0.0486992970037651,0.0577409924260511));
#7158=CARTESIAN_POINT('',(-0.0282019716588931,-0.0486992970037651,0.0577409924260511));
#7159=CARTESIAN_POINT('',(-0.0282864838960801,-0.0486992970037651,0.058035494736867));
#7160=CARTESIAN_POINT('',(-0.0283446235202441,-0.048512421732144,0.0582380956173574));
#7161=CARTESIAN_POINT('',(-0.0283446235202441,-0.048512421732144,0.0582380956173574));
#7162=CARTESIAN_POINT('',(-0.0283446235202441,-0.048512421732144,0.0582380956173574));
#7163=CARTESIAN_POINT('',(-0.0284027631444083,-0.048325546460523,0.0584406964978478));
#7164=CARTESIAN_POINT('',(-0.0284027631444083,-0.0479594013062423,0.0584406964978478));
#7165=CARTESIAN_POINT('',(-0.0284027631444083,-0.0479594013062423,0.0584406964978478));
#7166=CARTESIAN_POINT('',(-0.0284027631444083,-0.0479594013062423,0.0584406964978478));
#7167=CARTESIAN_POINT('',(-0.0284027631444083,-0.0475932561519615,0.0584406964978478));
#7168=CARTESIAN_POINT('',(-0.0283446235202441,-0.0474031214279285,0.0582380956173574));
#7169=CARTESIAN_POINT('',(-0.0283446235202441,-0.0474031214279285,0.0582380956173574));
#7170=CARTESIAN_POINT('',(-0.0283446235202441,-0.0474031214279285,0.0582380956173574));
#7171=CARTESIAN_POINT('',(-0.0282864838960801,-0.0472129867038955,0.058035494736867));
#7172=CARTESIAN_POINT('',(-0.0282022713476774,-0.0472129867038955,0.0577420367604866));
#7173=CARTESIAN_POINT('',(-0.0282022713476774,-0.0472129867038955,0.0577420367604866));
#7174=CARTESIAN_POINT('',(-0.0282022713476774,-0.0472129867038955,0.0577420367604866));
#7175=CARTESIAN_POINT('',(-0.0281180587992748,-0.0472129867038955,0.0574485787841063));
#7176=CARTESIAN_POINT('',(-0.0280617173078168,-0.0474031214279285,0.057252243910229));
#7177=CARTESIAN_POINT('',(-0.0280617173078168,-0.0474031214279285,0.057252243910229));
#7178=CARTESIAN_POINT('',(-0.0280617173078168,-0.0474031214279285,0.057252243910229));
#7179=CARTESIAN_POINT('',(-0.0280053758163588,-0.0475932561519615,0.0570559090363517));
#7180=CARTESIAN_POINT('',(-0.0280053758163588,-0.0479594013062423,0.0570559090363517));
#7181=CARTESIAN_POINT('',(-0.0280053758163588,-0.0479594013062423,0.0570559090363517));
#7182=CARTESIAN_POINT('',(-0.0280053758163588,-0.0479594013062423,0.0570559090363517));
#7183=CARTESIAN_POINT('',(-0.0280053758163588,-0.048325546460523,0.0570559090363517));
#7184=CARTESIAN_POINT('',(-0.0280617173078168,-0.048512421732144,0.057252243910229));
#7185=CARTESIAN_POINT('',(-0.0281552202085343,-0.0442555768820789,0.0575780762541104));
#7186=CARTESIAN_POINT('',(-0.0281552202085343,-0.0448835647134565,0.0575780762541104));
#7187=CARTESIAN_POINT('',(-0.0281552202085343,-0.0436275890507012,0.0575780762541104));
#7188=CARTESIAN_POINT('',(-0.0279097750941508,-0.0436275890507012,0.0567227663514217));
#7189=CARTESIAN_POINT('',(-0.0276643299797673,-0.0436275890507012,0.055867456448733));
#7190=CARTESIAN_POINT('',(-0.0276643299797673,-0.0429420175600449,0.055867456448733));
#7191=CARTESIAN_POINT('',(-0.0276643299797673,-0.0422564460693887,0.055867456448733));
#7192=CARTESIAN_POINT('',(-0.0275303690931624,-0.0422564460693887,0.0554006389560567));
#7193=CARTESIAN_POINT('',(-0.0273964082065575,-0.0422564460693887,0.0549338214633804));
#7194=CARTESIAN_POINT('',(-0.0273964082065575,-0.0429420175600449,0.0549338214633804));
#7195=CARTESIAN_POINT('',(-0.0273964082065575,-0.0436275890507012,0.0549338214633804));
#7196=CARTESIAN_POINT('',(-0.0267682605145577,-0.0436275890507012,0.052744896486536));
#7197=CARTESIAN_POINT('',(-0.0261401128225579,-0.0436275890507012,0.0505559715096916));
#7198=CARTESIAN_POINT('',(-0.0261401128225579,-0.0436275890507012,0.0505559715096916));
#7199=CARTESIAN_POINT('',(-0.0260178397985428,-0.0436275890507012,0.0501298830600005));
#7200=CARTESIAN_POINT('',(-0.0259570029753195,-0.0434439732314921,0.0499178831695905));
#7201=CARTESIAN_POINT('',(-0.0259570029753195,-0.0434439732314921,0.0499178831695905));
#7202=CARTESIAN_POINT('',(-0.0259570029753195,-0.0434439732314921,0.0499178831695905));
#7203=CARTESIAN_POINT('',(-0.0258961661520963,-0.0432603574122831,0.0497058832791805));
#7204=CARTESIAN_POINT('',(-0.0258961661520963,-0.0428192448525265,0.0497058832791805));
#7205=CARTESIAN_POINT('',(-0.0258961661520963,-0.0428192448525265,0.0497058832791805));
#7206=CARTESIAN_POINT('',(-0.0258961661520963,-0.0428192448525265,0.0497058832791805));
#7207=CARTESIAN_POINT('',(-0.0258961661520963,-0.0426019480250601,0.0497058832791805));
#7208=CARTESIAN_POINT('',(-0.0259189424997069,-0.0422216785769941,0.0497852526962798));
#7209=CARTESIAN_POINT('',(-0.0259189424997069,-0.0422216785769941,0.0497852526962798));
#7210=CARTESIAN_POINT('',(-0.0257783884598463,-0.0422216785769941,0.0492954598460222));
#7211=CARTESIAN_POINT('',(-0.0256379862932535,-0.0422216785769941,0.0488061962330656));
#7212=CARTESIAN_POINT('',(-0.0265976351348793,-0.0432113799379206,0.0521503131424936));
#7213=CARTESIAN_POINT('',(-0.0256000736331574,-0.0431864764909446,0.0486740808568893));
#7214=CARTESIAN_POINT('',(-0.0256000736331574,-0.0431864764909446,0.0486740808568893));
#7215=CARTESIAN_POINT('',(-0.0256000736331574,-0.0440274152132392,0.0486740808568893));
#7216=CARTESIAN_POINT('',(-0.025740627673018,-0.0444554899633478,0.049163873707147));
#7217=CARTESIAN_POINT('',(-0.025740627673018,-0.0444554899633478,0.049163873707147));
#7218=CARTESIAN_POINT('',(-0.025740627673018,-0.0444554899633478,0.049163873707147));
#7219=CARTESIAN_POINT('',(-0.0258811817128787,-0.0448835647134565,0.0496536665574046));
#7220=CARTESIAN_POINT('',(-0.0261401128225579,-0.0448835647134565,0.0505559715096916));
#7221=CARTESIAN_POINT('',(-0.0261401128225579,-0.0448835647134565,0.0505559715096916));
#7222=CARTESIAN_POINT('',(-0.0267682605145577,-0.0448835647134565,0.052744896486536));
#7223=CARTESIAN_POINT('',(-0.0273964082065575,-0.0448835647134565,0.0549338214633804));
#7224=CARTESIAN_POINT('',(-0.0273964082065575,-0.0455528389420528,0.0549338214633804));
#7225=CARTESIAN_POINT('',(-0.0273964082065575,-0.046222113170649,0.0549338214633804));
#7226=CARTESIAN_POINT('',(-0.0275303690931624,-0.046222113170649,0.0554006389560567));
#7227=CARTESIAN_POINT('',(-0.0276643299797673,-0.046222113170649,0.055867456448733));
#7228=CARTESIAN_POINT('',(-0.0276643299797673,-0.0455528389420528,0.055867456448733));
#7229=CARTESIAN_POINT('',(-0.0276643299797673,-0.0448835647134565,0.055867456448733));
#7230=CARTESIAN_POINT('',(-0.0279097750941508,-0.0448835647134565,0.0567227663514217));
#7231=CARTESIAN_POINT('',(-0.0279670156519619,-0.0395315438529611,0.0569222342286055));
#7232=CARTESIAN_POINT('',(-0.0285148467497555,-0.0395315438529611,0.0588312775767313));
#7233=CARTESIAN_POINT('',(-0.0274191845541681,-0.0395315438529611,0.0550131908804798));
#7234=CARTESIAN_POINT('',(-0.0274191845541681,-0.0395315438529611,0.0550131908804798));
#7235=CARTESIAN_POINT('',(-0.0277020907665955,-0.0386971240354904,0.0559990425876082));
#7236=CARTESIAN_POINT('',(-0.0277020907665955,-0.0373585755782979,0.0559990425876082));
#7237=CARTESIAN_POINT('',(-0.0277020907665955,-0.0373585755782979,0.0559990425876082));
#7238=CARTESIAN_POINT('',(-0.0277020907665955,-0.0373585755782979,0.0559990425876082));
#7239=CARTESIAN_POINT('',(-0.0277020907665955,-0.0350291535878589,0.0559990425876082));
#7240=CARTESIAN_POINT('',(-0.026976843908466,-0.035009596873387,0.0534717532536561));
#7241=CARTESIAN_POINT('',(-0.026976843908466,-0.035009596873387,0.0534717532536561));
#7242=CARTESIAN_POINT('',(-0.0263073391642259,-0.035009596873387,0.0511387101247103));
#7243=CARTESIAN_POINT('',(-0.0256378344199856,-0.035009596873387,0.0488056669957645));
#7244=CARTESIAN_POINT('',(-0.0256378344199856,-0.0356375847047646,0.0488056669957645));
#7245=CARTESIAN_POINT('',(-0.0256378344199856,-0.0362655725361423,0.0488056669957645));
#7246=CARTESIAN_POINT('',(-0.0263085379193633,-0.0362655725361423,0.0511428874624524));
#7247=CARTESIAN_POINT('',(-0.0269792414187408,-0.0362655725361423,0.0534801079291403));
#7248=CARTESIAN_POINT('',(-0.0269792414187408,-0.0362655725361423,0.0534801079291403));
#7249=CARTESIAN_POINT('',(-0.0271980142313171,-0.0362720914409663,0.0542424720670679));
#7250=CARTESIAN_POINT('',(-0.0273029053058399,-0.0366284582380111,0.054607989119499));
#7251=CARTESIAN_POINT('',(-0.0273029053058399,-0.0366284582380111,0.054607989119499));
#7252=CARTESIAN_POINT('',(-0.0273029053058399,-0.0366284582380111,0.054607989119499));
#7253=CARTESIAN_POINT('',(-0.0274077963803628,-0.0369848250350558,0.0549735061719301));
#7254=CARTESIAN_POINT('',(-0.0274077963803628,-0.037738845026364,0.0549735061719301));
#7255=CARTESIAN_POINT('',(-0.0274077963803628,-0.037738845026364,0.0549735061719301));
#7256=CARTESIAN_POINT('',(-0.0274077963803628,-0.037738845026364,0.0549735061719301));
#7257=CARTESIAN_POINT('',(-0.0274077963803628,-0.038351622079819,0.0549735061719301));
#7258=CARTESIAN_POINT('',(-0.0273178897450575,-0.0388133778381849,0.0546602058412749));
#7259=CARTESIAN_POINT('',(-0.0273178897450575,-0.0388133778381849,0.0546602058412749));
#7260=CARTESIAN_POINT('',(-0.0268234709145068,-0.0375427046869736,0.0529372898121332));
#7261=CARTESIAN_POINT('',(-0.0270816928963881,-0.0395312197525916,0.0538371236456555));
#7262=CARTESIAN_POINT('',(-0.0263597847014873,-0.0395315438529611,0.0513214686509259));
#7263=CARTESIAN_POINT('',(-0.0256378344199856,-0.0395315438529611,0.0488056669957645));
#7264=CARTESIAN_POINT('',(-0.0256378344199856,-0.0401595316843388,0.0488056669957645));
#7265=CARTESIAN_POINT('',(-0.0256378344199856,-0.0407875195157164,0.0488056669957645));
#7266=CARTESIAN_POINT('',(-0.0270763405848706,-0.0407875195157164,0.0538184722862479));
#7267=CARTESIAN_POINT('',(-0.0285148467497555,-0.0407875195157164,0.0588312775767313));
#7268=CARTESIAN_POINT('',(-0.0285148467497555,-0.0401595316843388,0.0588312775767313));
#7269=CARTESIAN_POINT('',(-0.0268860382068077,-0.0316382365952471,0.0531553199196944));
#7270=CARTESIAN_POINT('',(-0.0276643299797673,-0.0325715264692149,0.055867456448733));
#7271=CARTESIAN_POINT('',(-0.026107746433848,-0.0307049467212792,0.0504431833906558));
#7272=CARTESIAN_POINT('',(-0.0268860382068077,-0.0297944730141953,0.0531553199196944));
#7273=CARTESIAN_POINT('',(-0.0276643299797673,-0.0288839993071115,0.055867456448733));
#7274=CARTESIAN_POINT('',(-0.0276643299797673,-0.0282429736660858,0.055867456448733));
#7275=CARTESIAN_POINT('',(-0.0276643299797673,-0.0276019480250601,0.055867456448733));
#7276=CARTESIAN_POINT('',(-0.0266510821998765,-0.0289187667995061,0.0523365617222487));
#7277=CARTESIAN_POINT('',(-0.0256378344199856,-0.0302355855739519,0.0488056669957645));
#7278=CARTESIAN_POINT('',(-0.0256378344199856,-0.0307147250785152,0.0488056669957645));
#7279=CARTESIAN_POINT('',(-0.0256378344199856,-0.0311938645830784,0.0488056669957645));
#7280=CARTESIAN_POINT('',(-0.0266510821998765,-0.0325248076513096,0.0523365617222487));
#7281=CARTESIAN_POINT('',(-0.0276643299797673,-0.0338557507195408,0.055867456448733));
#7282=CARTESIAN_POINT('',(-0.0276643299797673,-0.0332136385943779,0.055867456448733));
#7283=CARTESIAN_POINT('',(-0.0261895614719759,-0.0523748728403579,0.050728286691552));
#7284=CARTESIAN_POINT('',(-0.0256378344199856,-0.0513025129968116,0.0488056669957645));
#7285=CARTESIAN_POINT('',(-0.0267412885239662,-0.0534472326839041,0.0526509063873395));
#7286=CARTESIAN_POINT('',(-0.0267412885239662,-0.0546086842267116,0.0526509063873395));
#7287=CARTESIAN_POINT('',(-0.0267412885239662,-0.0557701357695191,0.0526509063873395));
#7288=CARTESIAN_POINT('',(-0.0261895614719759,-0.0557701357695191,0.050728286691552));
#7289=CARTESIAN_POINT('',(-0.0256378344199856,-0.0557701357695191,0.0488056669957645));
#7290=CARTESIAN_POINT('',(-0.0256378344199856,-0.05642528570433,0.0488056669957645));
#7291=CARTESIAN_POINT('',(-0.0256378344199856,-0.057080435639141,0.0488056669957645));
#7292=CARTESIAN_POINT('',(-0.0270014183887828,-0.057080435639141,0.0535573886773685));
#7293=CARTESIAN_POINT('',(-0.02836500235758,-0.057080435639141,0.0583091103589726));
#7294=CARTESIAN_POINT('',(-0.02836500235758,-0.0554441905283196,0.0583091103589726));
#7295=CARTESIAN_POINT('',(-0.02836500235758,-0.0538079454174982,0.0583091103589726));
#7296=CARTESIAN_POINT('',(-0.02836500235758,-0.0538079454174982,0.0583091103589726));
#7297=CARTESIAN_POINT('',(-0.02836500235758,-0.0521369328142822,0.0583091103589726));
#7298=CARTESIAN_POINT('',(-0.0281552202085343,-0.0512373239485717,0.0575780762541104));
#7299=CARTESIAN_POINT('',(-0.0281552202085343,-0.0512373239485717,0.0575780762541104));
#7300=CARTESIAN_POINT('',(-0.0281552202085343,-0.0512373239485717,0.0575780762541104));
#7301=CARTESIAN_POINT('',(-0.0279454380594885,-0.0503377150828611,0.0568470421492483));
#7302=CARTESIAN_POINT('',(-0.0275444544660269,-0.0503377150828611,0.055449722674526));
#7303=CARTESIAN_POINT('',(-0.0275444544660269,-0.0503377150828611,0.055449722674526));
#7304=CARTESIAN_POINT('',(-0.0275444544660269,-0.0503377150828611,0.055449722674526));
#7305=CARTESIAN_POINT('',(-0.0272897189993285,-0.0503377150828611,0.0545620384043363));
#7306=CARTESIAN_POINT('',(-0.027100615376403,-0.0508364113018963,0.0539030633755248));
#7307=CARTESIAN_POINT('',(-0.027100615376403,-0.0508364113018963,0.0539030633755248));
#7308=CARTESIAN_POINT('',(-0.027100615376403,-0.0508364113018963,0.0539030633755248));
#7309=CARTESIAN_POINT('',(-0.0269115117534775,-0.0513351075209315,0.0532440883467133));
#7310=CARTESIAN_POINT('',(-0.02681800885276,-0.0522260245135434,0.0529182560028319));
#7311=CARTESIAN_POINT('',(-0.02681800885276,-0.0522260245135434,0.0529182560028319));
#7312=CARTESIAN_POINT('',(-0.0262393098101781,-0.051064572970736,0.0509016462078479));
#7313=CARTESIAN_POINT('',(-0.0256606107675963,-0.0499031214279285,0.0488850364128638));
#7314=CARTESIAN_POINT('',(-0.025649222593791,-0.0499031214279285,0.0488453517043142));
#7315=CARTESIAN_POINT('',(-0.0256378344199856,-0.0499031214279285,0.0488056669957645));
#7316=CARTESIAN_POINT('',(-0.0256378344199856,-0.05060281721237,0.0488056669957645));
#7317=CARTESIAN_POINT('',(-0.0340051602372783,-0.0454785640214631,0.0779635365607365));
#7318=CARTESIAN_POINT('',(-0.0340051602372783,-0.0464325541208174,0.0779635365607365));
#7319=CARTESIAN_POINT('',(-0.0340051602372783,-0.0445245739221088,0.0779635365607365));
#7320=CARTESIAN_POINT('',(-0.0326549731045461,-0.0445245739221088,0.0732584992329026));
#7321=CARTESIAN_POINT('',(-0.0313047859718138,-0.0445245739221088,0.0685534619050687));
#7322=CARTESIAN_POINT('',(-0.0313047859718138,-0.0445245739221088,0.0685534619050687));
#7323=CARTESIAN_POINT('',(-0.0307435898978986,-0.0445340663609083,0.0665978452264668));
#7324=CARTESIAN_POINT('',(-0.0303861874215871,-0.0458044710869141,0.065352394169099));
#7325=CARTESIAN_POINT('',(-0.0303861874215871,-0.0458044710869141,0.065352394169099));
#7326=CARTESIAN_POINT('',(-0.0303861874215871,-0.0458044710869141,0.065352394169099));
#7327=CARTESIAN_POINT('',(-0.0300287849452757,-0.0470748758129199,0.0641069431117312));
#7328=CARTESIAN_POINT('',(-0.0299851460592792,-0.0492486442980158,0.0639548733855569));
#7329=CARTESIAN_POINT('',(-0.0299851460592792,-0.0492486442980158,0.0639548733855569));
#7330=CARTESIAN_POINT('',(-0.0299820913372594,-0.049501775999337,0.0639442285047246));
#7331=CARTESIAN_POINT('',(-0.0299790366152397,-0.0497549077006582,0.0639335836238924));
#7332=CARTESIAN_POINT('',(-0.0299790366152397,-0.0497549077006582,0.0639335836238924));
#7333=CARTESIAN_POINT('',(-0.0299790366152397,-0.052118524961745,0.0639335836238924));
#7334=CARTESIAN_POINT('',(-0.0303312024252315,-0.0535218238309445,0.0651607863141193));
#7335=CARTESIAN_POINT('',(-0.0303312024252315,-0.0535218238309445,0.0651607863141193));
#7336=CARTESIAN_POINT('',(-0.0303312024252315,-0.0535218238309445,0.0651607863141193));
#7337=CARTESIAN_POINT('',(-0.0306833682352235,-0.054925122700144,0.0663879890043462));
#7338=CARTESIAN_POINT('',(-0.0312995493054943,-0.0549441075777431,0.0685352135379278));
#7339=CARTESIAN_POINT('',(-0.0312995493054943,-0.0549441075777431,0.0685352135379278));
#7340=CARTESIAN_POINT('',(-0.0326523547713863,-0.0549441075777431,0.0732493750493322));
#7341=CARTESIAN_POINT('',(-0.0340051602372783,-0.0549441075777431,0.0779635365607365));
#7342=CARTESIAN_POINT('',(-0.0340051602372783,-0.0540059382097213,0.0779635365607365));
#7343=CARTESIAN_POINT('',(-0.0340051602372783,-0.0530677688416996,0.0779635365607365));
#7344=CARTESIAN_POINT('',(-0.0326606461597257,-0.0530677688416996,0.0732782682973053));
#7345=CARTESIAN_POINT('',(-0.031316132082173,-0.0530677688416996,0.068593000033874));
#7346=CARTESIAN_POINT('',(-0.031316132082173,-0.0530677688416996,0.068593000033874));
#7347=CARTESIAN_POINT('',(-0.0308849798885273,-0.0530677688416996,0.0670905511392716));
#7348=CARTESIAN_POINT('',(-0.0306462751821264,-0.0522071210572075,0.066258729737098));
#7349=CARTESIAN_POINT('',(-0.0306462751821264,-0.0522071210572075,0.066258729737098));
#7350=CARTESIAN_POINT('',(-0.0306462751821264,-0.0522071210572075,0.066258729737098));
#7351=CARTESIAN_POINT('',(-0.0304075704757255,-0.0513464732727154,0.0654269083349244));
#7352=CARTESIAN_POINT('',(-0.0304075704757255,-0.0497549077006582,0.0654269083349244));
#7353=CARTESIAN_POINT('',(-0.0304075704757255,-0.0497549077006582,0.0654269083349244));
#7354=CARTESIAN_POINT('',(-0.0304075704757255,-0.0497549077006582,0.0654269083349244));
#7355=CARTESIAN_POINT('',(-0.0304075704757255,-0.0481411931047355,0.0654269083349244));
#7356=CARTESIAN_POINT('',(-0.0306449660155465,-0.0472868736127765,0.0662541676453128));
#7357=CARTESIAN_POINT('',(-0.0306449660155465,-0.0472868736127765,0.0662541676453128));
#7358=CARTESIAN_POINT('',(-0.0306449660155465,-0.0472868736127765,0.0662541676453128));
#7359=CARTESIAN_POINT('',(-0.0308823615553676,-0.0464325541208174,0.0670814269557012));
#7360=CARTESIAN_POINT('',(-0.0313135137490131,-0.0464325541208174,0.0685838758503036));
#7361=CARTESIAN_POINT('',(-0.0313135137490131,-0.0464325541208174,0.0685838758503036));
#7362=CARTESIAN_POINT('',(-0.0326593369931458,-0.0464325541208174,0.0732737062055201));
#7363=CARTESIAN_POINT('',(-0.0288724816575927,0.,0.0600775385951616));
#7364=CARTESIAN_POINT('',(-0.0391008789997841,0.,0.0957207395502334));
#7365=CARTESIAN_POINT('',(-0.0170793058881973,0.,0.0189815076350479));
#7366=CARTESIAN_POINT('',(-0.0391008789997841,-0.085,0.0957207395502334));
#7367=CARTESIAN_POINT('',(-0.0391008789997841,-0.085,0.0957207395502334));
#7368=CARTESIAN_POINT('',(-0.0288724816575927,-0.085,0.0600775385951616));
#7369=CARTESIAN_POINT('',(-0.0170793058881973,-0.085,0.0189815076350479));
#7370=CARTESIAN_POINT('',(-0.0170793058881973,-0.085,0.0189815076350479));
#7371=CARTESIAN_POINT('',(-0.0256378344199856,-0.0774063808803405,0.0488056669957645));
#7372=CARTESIAN_POINT('',(-0.0256378344199856,-0.0756919089116312,0.0488056669957645));
#7373=CARTESIAN_POINT('',(-0.0256378344199856,-0.0791208528490497,0.0488056669957645));
#7374=CARTESIAN_POINT('',(-0.0270014183887828,-0.0791208528490497,0.0535573886773685));
#7375=CARTESIAN_POINT('',(-0.02836500235758,-0.0791208528490497,0.0583091103589726));
#7376=CARTESIAN_POINT('',(-0.02836500235758,-0.0775041644527003,0.0583091103589726));
#7377=CARTESIAN_POINT('',(-0.02836500235758,-0.0758874760563509,0.0583091103589726));
#7378=CARTESIAN_POINT('',(-0.02836500235758,-0.0758874760563509,0.0583091103589726));
#7379=CARTESIAN_POINT('',(-0.02836500235758,-0.0742794795331001,0.0583091103589726));
#7380=CARTESIAN_POINT('',(-0.0281815928215571,-0.0734678758825134,0.0576699776844359));
#7381=CARTESIAN_POINT('',(-0.0281815928215571,-0.0734678758825134,0.0576699776844359));
#7382=CARTESIAN_POINT('',(-0.0281815928215571,-0.0734678758825134,0.0576699776844359));
#7383=CARTESIAN_POINT('',(-0.0279981832855343,-0.0726562722319267,0.0570308450098993));
#7384=CARTESIAN_POINT('',(-0.0276385567443131,-0.0726562722319267,0.0557776436872785));
#7385=CARTESIAN_POINT('',(-0.0276385567443131,-0.0726562722319267,0.0557776436872785));
#7386=CARTESIAN_POINT('',(-0.0276385567443131,-0.0726562722319267,0.0557776436872785));
#7387=CARTESIAN_POINT('',(-0.0274473552998971,-0.0726562722319267,0.0551113583174184));
#7388=CARTESIAN_POINT('',(-0.0273002081067808,-0.0730495794896408,0.0545985901095794));
#7389=CARTESIAN_POINT('',(-0.0273002081067808,-0.0730495794896408,0.0545985901095794));
#7390=CARTESIAN_POINT('',(-0.0273002081067808,-0.0730495794896408,0.0545985901095794));
#7391=CARTESIAN_POINT('',(-0.0271530609136645,-0.0734428867473548,0.0540858219017403));
#7392=CARTESIAN_POINT('',(-0.0270727443194584,-0.0741230258173244,0.0538059402730217));
#7393=CARTESIAN_POINT('',(-0.0270727443194584,-0.0741230258173244,0.0538059402730217));
#7394=CARTESIAN_POINT('',(-0.0270727443194584,-0.0741230258173244,0.0538059402730217));
#7395=CARTESIAN_POINT('',(-0.0270110084298821,-0.0733212005239737,0.0535908073793051));
#7396=CARTESIAN_POINT('',(-0.0268377883125271,-0.0728561853131957,0.0529871820755761));
#7397=CARTESIAN_POINT('',(-0.0268377883125271,-0.0728561853131957,0.0529871820755761));
#7398=CARTESIAN_POINT('',(-0.0268377883125271,-0.0728561853131957,0.0529871820755761));
#7399=CARTESIAN_POINT('',(-0.0266645681951722,-0.0723911701024178,0.052383556771847));
#7400=CARTESIAN_POINT('',(-0.0264248171676915,-0.0723911701024178,0.0515480892234331));
#7401=CARTESIAN_POINT('',(-0.0264248171676915,-0.0723911701024178,0.0515480892234331));
#7402=CARTESIAN_POINT('',(-0.0264248171676915,-0.0723911701024178,0.0515480892234331));
#7403=CARTESIAN_POINT('',(-0.0260573987180771,-0.0723911701024178,0.0502677352054888));
#7404=CARTESIAN_POINT('',(-0.0258476165690314,-0.0732538385074591,0.0495367011006267));
#7405=CARTESIAN_POINT('',(-0.0258476165690314,-0.0732538385074591,0.0495367011006267));
#7406=CARTESIAN_POINT('',(-0.0258476165690314,-0.0732538385074591,0.0495367011006267));
#7407=CARTESIAN_POINT('',(-0.0256378344199856,-0.0741165069125004,0.0488056669957645));
#7408=CARTESIAN_POINT('',(-0.0256378344199856,-0.0756919089116312,0.0488056669957645));
#7409=CARTESIAN_POINT('',(-0.0305524515772339,-0.0592315257688711,0.0659317798258232));
#7410=CARTESIAN_POINT('',(-0.0300340216115952,-0.0585449060290373,0.0641251914788721));
#7411=CARTESIAN_POINT('',(-0.0310708815428725,-0.0599181455087048,0.0677383681727743));
#7412=CARTESIAN_POINT('',(-0.0310708815428725,-0.062935158973827,0.0677383681727743));
#7413=CARTESIAN_POINT('',(-0.0310708815428725,-0.0659521724389492,0.0677383681727743));
#7414=CARTESIAN_POINT('',(-0.0305524515772339,-0.0666292997399834,0.0659317798258232));
#7415=CARTESIAN_POINT('',(-0.0300340216115952,-0.0673064270410177,0.0641251914788721));
#7416=CARTESIAN_POINT('',(-0.0300340216115952,-0.0682841482373709,0.0641251914788721));
#7417=CARTESIAN_POINT('',(-0.0300340216115952,-0.069261869433724,0.0641251914788721));
#7418=CARTESIAN_POINT('',(-0.0320195909244368,-0.0665138084012556,0.0710443640198043));
#7419=CARTESIAN_POINT('',(-0.0340051602372783,-0.0637657473687872,0.0779635365607365));
#7420=CARTESIAN_POINT('',(-0.0340051602372783,-0.062935158973827,0.0779635365607365));
#7421=CARTESIAN_POINT('',(-0.0340051602372783,-0.0621045705788668,0.0779635365607365));
#7422=CARTESIAN_POINT('',(-0.0320195909244368,-0.0593501812538654,0.0710443640198043));
#7423=CARTESIAN_POINT('',(-0.0300340216115952,-0.056595791928864,0.0641251914788721));
#7424=CARTESIAN_POINT('',(-0.0300340216115952,-0.0575703489789506,0.0641251914788721));
#7425=CARTESIAN_POINT('',(-0.0305524515772339,-0.0204201076637965,0.0659317798258232));
#7426=CARTESIAN_POINT('',(-0.0300340216115952,-0.0197334879239627,0.0641251914788721));
#7427=CARTESIAN_POINT('',(-0.0310708815428725,-0.0211067274036302,0.0677383681727743));
#7428=CARTESIAN_POINT('',(-0.0310708815428725,-0.0241237408687525,0.0677383681727743));
#7429=CARTESIAN_POINT('',(-0.0310708815428725,-0.0271407543338746,0.0677383681727743));
#7430=CARTESIAN_POINT('',(-0.0305524515772339,-0.0278178816349089,0.0659317798258232));
#7431=CARTESIAN_POINT('',(-0.0300340216115952,-0.0284950089359431,0.0641251914788721));
#7432=CARTESIAN_POINT('',(-0.0300340216115952,-0.0294727301322962,0.0641251914788721));
#7433=CARTESIAN_POINT('',(-0.0300340216115952,-0.0304504513286495,0.0641251914788721));
#7434=CARTESIAN_POINT('',(-0.0320195909244368,-0.027702390296181,0.0710443640198043));
#7435=CARTESIAN_POINT('',(-0.0340051602372783,-0.0249543292637126,0.0779635365607365));
#7436=CARTESIAN_POINT('',(-0.0340051602372783,-0.0241237408687525,0.0779635365607365));
#7437=CARTESIAN_POINT('',(-0.0340051602372783,-0.0232931524737922,0.0779635365607365));
#7438=CARTESIAN_POINT('',(-0.0320195909244368,-0.0205387631487908,0.0710443640198043));
#7439=CARTESIAN_POINT('',(-0.0300340216115952,-0.0177843738237894,0.0641251914788721));
#7440=CARTESIAN_POINT('',(-0.0300340216115952,-0.018758930873876,0.0641251914788721));
#7441=CARTESIAN_POINT('',(-0.026636996827012,-0.011012421732144,0.0522874780037794));
#7442=CARTESIAN_POINT('',(-0.0267466829220844,-0.0115219827925526,0.0526697044071788));
#7443=CARTESIAN_POINT('',(-0.0268533721293134,-0.0128583582814704,0.053041487466223));
#7444=CARTESIAN_POINT('',(-0.026636996827012,-0.011012421732144,0.0522874780037794));
#7445=CARTESIAN_POINT('',(-0.0268533721293134,-0.0128583582814704,0.053041487466223));
#7446=CARTESIAN_POINT('',(-0.0268533721293134,-0.0128583582814704,0.053041487466223));
#7447=CARTESIAN_POINT('',(-0.0269864339495652,-0.0145358897895104,0.0535051719555927));
#7448=CARTESIAN_POINT('',(-0.0271803325930404,-0.0152996881380545,0.0541808563353724));
#7449=CARTESIAN_POINT('',(-0.0271803325930404,-0.0152996881380545,0.0541808563353724));
#7450=CARTESIAN_POINT('',(-0.0271803325930404,-0.0152996881380545,0.0541808563353724));
#7451=CARTESIAN_POINT('',(-0.0273742312365155,-0.0160634864865986,0.0548565407151522));
#7452=CARTESIAN_POINT('',(-0.027658935581649,-0.0160634864865986,0.0558486584288937));
#7453=CARTESIAN_POINT('',(-0.027658935581649,-0.0160634864865986,0.0558486584288937));
#7454=CARTESIAN_POINT('',(-0.027658935581649,-0.0160634864865986,0.0558486584288937));
#7455=CARTESIAN_POINT('',(-0.027980801336042,-0.0160634864865986,0.0569702736126393));
#7456=CARTESIAN_POINT('',(-0.0281917822402251,-0.0151301966126308,0.0577054850552435));
#7457=CARTESIAN_POINT('',(-0.0281917822402251,-0.0151301966126308,0.0577054850552435));
#7458=CARTESIAN_POINT('',(-0.0281917822402251,-0.0151301966126308,0.0577054850552435));
#7459=CARTESIAN_POINT('',(-0.0284027631444083,-0.0141969067386629,0.0584406964978478));
#7460=CARTESIAN_POINT('',(-0.0284027631444083,-0.0127019045656947,0.0584406964978478));
#7461=CARTESIAN_POINT('',(-0.0284027631444083,-0.0127019045656947,0.0584406964978478));
#7462=CARTESIAN_POINT('',(-0.0284027631444083,-0.0127019045656947,0.0584406964978478));
#7463=CARTESIAN_POINT('',(-0.0284027631444083,-0.0116849554131523,0.0584406964978478));
#7464=CARTESIAN_POINT('',(-0.0282939761156888,-0.0108863895722136,0.058061603097755));
#7465=CARTESIAN_POINT('',(-0.0282939761156888,-0.0108863895722136,0.058061603097755));
#7466=CARTESIAN_POINT('',(-0.0282939761156888,-0.0108863895722136,0.058061603097755));
#7467=CARTESIAN_POINT('',(-0.0281851890869694,-0.0100878237312749,0.0576825096976622));
#7468=CARTESIAN_POINT('',(-0.0279942873313378,-0.00964997062393022,0.0570172686622376));
#7469=CARTESIAN_POINT('',(-0.0279942873313378,-0.00964997062393022,0.0570172686622376));
#7470=CARTESIAN_POINT('',(-0.027581592472973,-0.0119883334270523,0.0555791385937913));
#7471=CARTESIAN_POINT('',(-0.0275762214771681,-0.00921261408815169,0.0555604221246909));
#7472=CARTESIAN_POINT('',(-0.0275762214771681,-0.00986726745139654,0.0555604221246909));
#7473=CARTESIAN_POINT('',(-0.0275762214771681,-0.0105224173862075,0.0555604221246909));
#7474=CARTESIAN_POINT('',(-0.0275762214771681,-0.0105224173862075,0.0555604221246909));
#7475=CARTESIAN_POINT('',(-0.027823764413042,-0.0105224173862075,0.0564230423684282));
#7476=CARTESIAN_POINT('',(-0.0279652175192558,-0.0110928215583066,0.0569159682219924));
#7477=CARTESIAN_POINT('',(-0.0279652175192558,-0.0110928215583066,0.0569159682219924));
#7478=CARTESIAN_POINT('',(-0.0279652175192558,-0.0110928215583066,0.0569159682219924));
#7479=CARTESIAN_POINT('',(-0.0281066706254694,-0.0116632257304057,0.0574088940755566));
#7480=CARTESIAN_POINT('',(-0.0281066706254694,-0.0127019045656947,0.0574088940755566));
#7481=CARTESIAN_POINT('',(-0.0281066706254694,-0.0127019045656947,0.0574088940755566));
#7482=CARTESIAN_POINT('',(-0.0281066706254694,-0.0127019045656947,0.0574088940755566));
#7483=CARTESIAN_POINT('',(-0.0281066706254694,-0.0136667024796451,0.0574088940755566));
#7484=CARTESIAN_POINT('',(-0.0279894923107881,-0.0142066850958989,0.0570005593112693));
#7485=CARTESIAN_POINT('',(-0.0279894923107881,-0.0142066850958989,0.0570005593112693));
#7486=CARTESIAN_POINT('',(-0.0279894923107881,-0.0142066850958989,0.0570005593112693));
#7487=CARTESIAN_POINT('',(-0.0278723139961069,-0.0147466677121527,0.056592224546982));
#7488=CARTESIAN_POINT('',(-0.0276643299797673,-0.0147466677121527,0.055867456448733));
#7489=CARTESIAN_POINT('',(-0.0276643299797673,-0.0147466677121527,0.055867456448733));
#7490=CARTESIAN_POINT('',(-0.0276643299797673,-0.0147466677121527,0.055867456448733));
#7491=CARTESIAN_POINT('',(-0.0274977030156681,-0.0147466677121527,0.0552868065025853));
#7492=CARTESIAN_POINT('',(-0.0273826225224773,-0.0142338471993322,0.0548857820793466));
#7493=CARTESIAN_POINT('',(-0.0273826225224773,-0.0142338471993322,0.0548857820793466));
#7494=CARTESIAN_POINT('',(-0.0273826225224773,-0.0142338471993322,0.0548857820793466));
#7495=CARTESIAN_POINT('',(-0.0272675420292865,-0.0137210266865117,0.054484757656108));
#7496=CARTESIAN_POINT('',(-0.0271719413070785,-0.0124889536747777,0.0541516149711779));
#7497=CARTESIAN_POINT('',(-0.0271719413070785,-0.0124889536747777,0.0541516149711779));
#7498=CARTESIAN_POINT('',(-0.0271719413070785,-0.0124889536747777,0.0541516149711779));
#7499=CARTESIAN_POINT('',(-0.0270763405848706,-0.0112568806630437,0.0538184722862479));
#7500=CARTESIAN_POINT('',(-0.0269612600916798,-0.0105604443310141,0.0534174478630092));
#7501=CARTESIAN_POINT('',(-0.0269612600916798,-0.0105604443310141,0.0534174478630092));
#7502=CARTESIAN_POINT('',(-0.0269612600916798,-0.0105604443310141,0.0534174478630092));
#7503=CARTESIAN_POINT('',(-0.026846179598489,-0.00986400799898454,0.0530164234397706));
#7504=CARTESIAN_POINT('',(-0.0266924392521169,-0.00952828440054909,0.0524806798743501));
#7505=CARTESIAN_POINT('',(-0.0266924392521169,-0.00952828440054909,0.0524806798743501));
#7506=CARTESIAN_POINT('',(-0.0266924392521169,-0.00952828440054909,0.0524806798743501));
#7507=CARTESIAN_POINT('',(-0.0265386989057449,-0.00919256080211363,0.0519449363089297));
#7508=CARTESIAN_POINT('',(-0.0263307148894052,-0.00919256080211363,0.0512201682106807));
#7509=CARTESIAN_POINT('',(-0.0263307148894052,-0.00919256080211363,0.0512201682106807));
#7510=CARTESIAN_POINT('',(-0.0263307148894052,-0.00919256080211363,0.0512201682106807));
#7511=CARTESIAN_POINT('',(-0.025999259093913,-0.00919256080211363,0.0500651343249985));
#7512=CARTESIAN_POINT('',(-0.0257996663635352,-0.0101291101284935,0.0493696075909439));
#7513=CARTESIAN_POINT('',(-0.0257996663635352,-0.0101291101284935,0.0493696075909439));
#7514=CARTESIAN_POINT('',(-0.0257996663635352,-0.0101291101284935,0.0493696075909439));
#7515=CARTESIAN_POINT('',(-0.0256000736331574,-0.0110656594548733,0.0486740808568893));
#7516=CARTESIAN_POINT('',(-0.0256000736331574,-0.0126345425491801,0.0486740808568893));
#7517=CARTESIAN_POINT('',(-0.0256000736331574,-0.0126345425491801,0.0486740808568893));
#7518=CARTESIAN_POINT('',(-0.0256000736331574,-0.0126345425491801,0.0486740808568893));
#7519=CARTESIAN_POINT('',(-0.0256000736331574,-0.0136536646699971,0.0486740808568893));
#7520=CARTESIAN_POINT('',(-0.0257079615955238,-0.0145358897895104,0.0490500412536756));
#7521=CARTESIAN_POINT('',(-0.0257079615955238,-0.0145358897895104,0.0490500412536756));
#7522=CARTESIAN_POINT('',(-0.0257079615955238,-0.0145358897895104,0.0490500412536756));
#7523=CARTESIAN_POINT('',(-0.0258158495578902,-0.0154181149090236,0.0494260016504618));
#7524=CARTESIAN_POINT('',(-0.0260031550481096,-0.0158972544135869,0.0500787106726602));
#7525=CARTESIAN_POINT('',(-0.0260031550481096,-0.0158972544135869,0.0500787106726602));
#7526=CARTESIAN_POINT('',(-0.0260031550481096,-0.0158972544135869,0.0500787106726602));
#7527=CARTESIAN_POINT('',(-0.0261904605383289,-0.0163763939181501,0.0507314196948585));
#7528=CARTESIAN_POINT('',(-0.0264284134331036,-0.0163763939181501,0.0515606212366593));
#7529=CARTESIAN_POINT('',(-0.0264284134331036,-0.0163763939181501,0.0515606212366593));
#7530=CARTESIAN_POINT('',(-0.0264284134331036,-0.0157212439833392,0.0515606212366593));
#7531=CARTESIAN_POINT('',(-0.0264284134331036,-0.0150660940485282,0.0515606212366593));
#7532=CARTESIAN_POINT('',(-0.0264284134331036,-0.0150660940485282,0.0515606212366593));
#7533=CARTESIAN_POINT('',(-0.0261808704972297,-0.0150660940485282,0.050698000992922));
#7534=CARTESIAN_POINT('',(-0.0260376192583099,-0.0144033387247559,0.0501988091327447));
#7535=CARTESIAN_POINT('',(-0.0260376192583099,-0.0144033387247559,0.0501988091327447));
#7536=CARTESIAN_POINT('',(-0.0260376192583099,-0.0144033387247559,0.0501988091327447));
#7537=CARTESIAN_POINT('',(-0.0258943680193901,-0.0137405834009837,0.0496996172725674));
#7538=CARTESIAN_POINT('',(-0.0258943680193901,-0.0126345425491801,0.0496996172725674));
#7539=CARTESIAN_POINT('',(-0.0258943680193901,-0.0126345425491801,0.0496996172725674));
#7540=CARTESIAN_POINT('',(-0.0258943680193901,-0.0126345425491801,0.0496996172725674));
#7541=CARTESIAN_POINT('',(-0.0258943680193901,-0.0116023826187151,0.0496996172725674));
#7542=CARTESIAN_POINT('',(-0.0260106472677183,-0.0110526216452253,0.0501048190335481));
#7543=CARTESIAN_POINT('',(-0.0260106472677183,-0.0110526216452253,0.0501048190335481));
#7544=CARTESIAN_POINT('',(-0.0260106472677183,-0.0110526216452253,0.0501048190335481));
#7545=CARTESIAN_POINT('',(-0.0261269265160465,-0.0105028606717355,0.0505100207945289));
#7546=CARTESIAN_POINT('',(-0.026327118623993,-0.0105028606717355,0.0512076361974545));
#7547=CARTESIAN_POINT('',(-0.026327118623993,-0.0105028606717355,0.0512076361974545));
#7548=CARTESIAN_POINT('',(-0.026327118623993,-0.0105028606717355,0.0512076361974545));
#7549=CARTESIAN_POINT('',(-0.0265273107319395,-0.0105028606717355,0.0519052516003801));
#7550=CARTESIAN_POINT('',(-0.026636996827012,-0.011012421732144,0.0522874780037794));
#7551=CARTESIAN_POINT('',(-0.0261071470562793,-0.0196879975687369,0.0504410947217847));
#7552=CARTESIAN_POINT('',(-0.0256378344199856,-0.0184081192549602,0.0488056669957645));
#7553=CARTESIAN_POINT('',(-0.0265764596925731,-0.0209678758825135,0.0520765224478049));
#7554=CARTESIAN_POINT('',(-0.0264631773320884,-0.0213611831402275,0.0516817640311794));
#7555=CARTESIAN_POINT('',(-0.0263498949716037,-0.0217544903979415,0.0512870056145538));
#7556=CARTESIAN_POINT('',(-0.0259938646957946,-0.0217544903979415,0.0500463363051591));
#7557=CARTESIAN_POINT('',(-0.0256378344199856,-0.0217544903979415,0.0488056669957645));
#7558=CARTESIAN_POINT('',(-0.0256378344199856,-0.0223824782293192,0.0488056669957645));
#7559=CARTESIAN_POINT('',(-0.0256378344199856,-0.0230104660606969,0.0488056669957645));
#7560=CARTESIAN_POINT('',(-0.0270763405848706,-0.0230104660606969,0.0538184722862479));
#7561=CARTESIAN_POINT('',(-0.0285148467497555,-0.0230104660606969,0.0588312775767313));
#7562=CARTESIAN_POINT('',(-0.0285148467497555,-0.0223824782293192,0.0588312775767313));
#7563=CARTESIAN_POINT('',(-0.0285148467497555,-0.0217544903979415,0.0588312775767313));
#7564=CARTESIAN_POINT('',(-0.0276448502087845,-0.0217544903979415,0.0557995747104243));
#7565=CARTESIAN_POINT('',(-0.0267748536678134,-0.0217544903979415,0.0527678718441174));
#7566=CARTESIAN_POINT('',(-0.0268863378955921,-0.0214187667995061,0.0531563642541299));
#7567=CARTESIAN_POINT('',(-0.0269978221233706,-0.0210830432010706,0.0535448566641423));
#7568=CARTESIAN_POINT('',(-0.0273310760515689,-0.0199389754044604,0.0547061565564377));
#7569=CARTESIAN_POINT('',(-0.0276643299797673,-0.0187949076078503,0.055867456448733));
#7570=CARTESIAN_POINT('',(-0.0276643299797673,-0.0180311092593061,0.055867456448733));
#7571=CARTESIAN_POINT('',(-0.0276643299797673,-0.0172673109107621,0.055867456448733));
#7572=CARTESIAN_POINT('',(-0.0272411694162637,-0.0186960375513531,0.0543928562257824));
#7573=CARTESIAN_POINT('',(-0.02681800885276,-0.0201247641919442,0.0529182560028319));
#7574=CARTESIAN_POINT('',(-0.0262279216363728,-0.018528718994204,0.0508619614992982));
#7575=CARTESIAN_POINT('',(-0.0256378344199856,-0.0169326737964639,0.0488056669957645));
#7576=CARTESIAN_POINT('',(-0.0256378344199856,-0.017670396525712,0.0488056669957645));
#7577=CARTESIAN_POINT('',(-0.0280617173078168,-0.0261982105196278,0.057252243910229));
#7578=CARTESIAN_POINT('',(-0.0281180587992748,-0.0263850857912488,0.0574485787841063));
#7579=CARTESIAN_POINT('',(-0.0282019716588931,-0.0263850857912488,0.0577409924260511));
#7580=CARTESIAN_POINT('',(-0.0280617173078168,-0.0261982105196278,0.057252243910229));
#7581=CARTESIAN_POINT('',(-0.0282019716588931,-0.0263850857912488,0.0577409924260511));
#7582=CARTESIAN_POINT('',(-0.0282019716588931,-0.0263850857912488,0.0577409924260511));
#7583=CARTESIAN_POINT('',(-0.0282864838960801,-0.0263850857912488,0.058035494736867));
#7584=CARTESIAN_POINT('',(-0.0283446235202441,-0.0261982105196278,0.0582380956173574));
#7585=CARTESIAN_POINT('',(-0.0283446235202441,-0.0261982105196278,0.0582380956173574));
#7586=CARTESIAN_POINT('',(-0.0283446235202441,-0.0261982105196278,0.0582380956173574));
#7587=CARTESIAN_POINT('',(-0.0284027631444083,-0.0260113352480067,0.0584406964978478));
#7588=CARTESIAN_POINT('',(-0.0284027631444083,-0.025645190093726,0.0584406964978478));
#7589=CARTESIAN_POINT('',(-0.0284027631444083,-0.025645190093726,0.0584406964978478));
#7590=CARTESIAN_POINT('',(-0.0284027631444083,-0.025645190093726,0.0584406964978478));
#7591=CARTESIAN_POINT('',(-0.0284027631444083,-0.0252790449394452,0.0584406964978478));
#7592=CARTESIAN_POINT('',(-0.0283446235202441,-0.0250889102154122,0.0582380956173574));
#7593=CARTESIAN_POINT('',(-0.0283446235202441,-0.0250889102154122,0.0582380956173574));
#7594=CARTESIAN_POINT('',(-0.0283446235202441,-0.0250889102154122,0.0582380956173574));
#7595=CARTESIAN_POINT('',(-0.0282864838960801,-0.0248987754913792,0.058035494736867));
#7596=CARTESIAN_POINT('',(-0.0282022713476774,-0.0248987754913792,0.0577420367604866));
#7597=CARTESIAN_POINT('',(-0.0282022713476774,-0.0248987754913792,0.0577420367604866));
#7598=CARTESIAN_POINT('',(-0.0282022713476774,-0.0248987754913792,0.0577420367604866));
#7599=CARTESIAN_POINT('',(-0.0281180587992748,-0.0248987754913792,0.0574485787841063));
#7600=CARTESIAN_POINT('',(-0.0280617173078168,-0.0250889102154122,0.057252243910229));
#7601=CARTESIAN_POINT('',(-0.0280617173078168,-0.0250889102154122,0.057252243910229));
#7602=CARTESIAN_POINT('',(-0.0280617173078168,-0.0250889102154122,0.057252243910229));
#7603=CARTESIAN_POINT('',(-0.0280053758163588,-0.0252790449394452,0.0570559090363517));
#7604=CARTESIAN_POINT('',(-0.0280053758163588,-0.025645190093726,0.0570559090363517));
#7605=CARTESIAN_POINT('',(-0.0280053758163588,-0.025645190093726,0.0570559090363517));
#7606=CARTESIAN_POINT('',(-0.0280053758163588,-0.025645190093726,0.0570559090363517));
#7607=CARTESIAN_POINT('',(-0.0280053758163588,-0.0260113352480067,0.0570559090363517));
#7608=CARTESIAN_POINT('',(-0.0280617173078168,-0.0261982105196278,0.057252243910229));
#7609=CARTESIAN_POINT('',(-0.0266510821998765,-0.0250269806195843,0.0523365617222487));
#7610=CARTESIAN_POINT('',(-0.0276643299797673,-0.0250269806195843,0.055867456448733));
#7611=CARTESIAN_POINT('',(-0.0256378344199856,-0.0250269806195843,0.0488056669957645));
#7612=CARTESIAN_POINT('',(-0.0256378344199856,-0.0256549684509619,0.0488056669957645));
#7613=CARTESIAN_POINT('',(-0.0256378344199856,-0.0262829562823396,0.0488056669957645));
#7614=CARTESIAN_POINT('',(-0.0266510821998765,-0.0262829562823396,0.0523365617222487));
#7615=CARTESIAN_POINT('',(-0.0276643299797673,-0.0262829562823396,0.055867456448733));
#7616=CARTESIAN_POINT('',(-0.0276643299797673,-0.0256549684509619,0.055867456448733));
#7617=CARTESIAN_POINT('',(-0.0142654224716853,-0.085,0.0309281324723699));
#7618=CARTESIAN_POINT('',(-0.0142654224716853,-0.085,0.0309281324723699));
#7619=CARTESIAN_POINT('',(-0.0113120734014961,-0.085,0.020636508977748));
#7620=CARTESIAN_POINT('',(-0.0136707348755324,-0.085,0.0288558068884065));
#7621=CARTESIAN_POINT('',(-0.0136707348755324,-0.085,0.0288558068884065));
#7622=CARTESIAN_POINT('',(-0.0136707348755324,0.,0.0288558068884065));
#7623=CARTESIAN_POINT('',(-0.0142654224716853,0.,0.0309281324723699));
#7624=CARTESIAN_POINT('',(-0.0113120734014961,0.,0.020636508977748));
#7625=CARTESIAN_POINT('',(-0.0113120734014961,-0.085,0.020636508977748));
#7626=CARTESIAN_POINT('',(-0.0141956896448467,-0.085,0.019809008306398));
#7627=CARTESIAN_POINT('',(-0.0141956896448467,0.,0.019809008306398));
#7628=CARTESIAN_POINT('',(-0.0141956896448467,-0.085,0.019809008306398));
#7629=CARTESIAN_POINT('',(-0.0422589130470091,-0.085,-0.003));
#7630=CARTESIAN_POINT('',(-0.0422589130470091,-0.083,-0.003));
#7631=CARTESIAN_POINT('',(-0.002,-0.083,-0.003));
#7632=CARTESIAN_POINT('',(-0.0815059420313394,-0.083,-0.003));
#7633=CARTESIAN_POINT('',(-0.0815059420313394,-0.085,-0.003));
#7634=CARTESIAN_POINT('',(-0.0815059420313394,-0.002,-0.003));
#7635=CARTESIAN_POINT('',(2.46299303635249E-19,-0.002,-0.003));
#7636=CARTESIAN_POINT('',(-0.002,-0.002,-0.003));
#7637=CARTESIAN_POINT('',(-0.002,-0.085,-0.003));
#7638=CARTESIAN_POINT('',(0.,-0.085,-0.0015));
#7639=CARTESIAN_POINT('',(0.,-0.085,-0.0015));
#7640=CARTESIAN_POINT('',(0.,-0.085,-0.001));
#7641=CARTESIAN_POINT('',(0.,-0.085,0.));
#7642=CARTESIAN_POINT('',(0.,0.,-0.001));
#7643=CARTESIAN_POINT('',(0.,0.,-0.001));
#7644=CARTESIAN_POINT('',(0.,0.,-0.0015));
#7645=CARTESIAN_POINT('',(0.,0.,0.));
#7646=CARTESIAN_POINT('',(0.,-0.085,0.));
#7647=CARTESIAN_POINT('',(-0.04,-0.085,0.));
#7648=CARTESIAN_POINT('',(-0.04,0.,0.));
#7649=CARTESIAN_POINT('',(-0.04,-0.085,0.));
#7650=CARTESIAN_POINT('',(-0.0301687637448653,-0.085,0.0537186072983547));
#7651=CARTESIAN_POINT('',(-0.0301687637448653,0.,0.0537186072983547));
#7652=CARTESIAN_POINT('',(-0.0196870885744312,0.,0.0171928015492477));
#7653=CARTESIAN_POINT('',(-0.0196870885744312,-0.085,0.0171928015492477));
#7654=CARTESIAN_POINT('',(-0.0196870885744312,-0.085,0.0171928015492477));
#7655=CARTESIAN_POINT('',(-0.0301687637448653,-0.085,0.0537186072983547));
#7656=CARTESIAN_POINT('',(-0.0133681889734966,-0.085,0.0169253920630474));
#7657=CARTESIAN_POINT('',(-0.0133681889734966,-0.002,0.0169253920630474));
#7658=CARTESIAN_POINT('',(-0.0172130106312974,-0.002,0.0158220578345806));
#7659=CARTESIAN_POINT('',(-0.00952336731569592,-0.002,0.0180287262915142));
#7660=CARTESIAN_POINT('',(-0.00952336731569592,-0.085,0.0180287262915142));
#7661=CARTESIAN_POINT('',(-0.00952336731569592,-0.083,0.0180287262915142));
#7662=CARTESIAN_POINT('',(-0.0191354214601978,-0.083,0.0152703907203473));
#7663=CARTESIAN_POINT('',(-0.0172130106312974,-0.083,0.0158220578345806));
#7664=CARTESIAN_POINT('',(-0.0172130106312974,-0.085,0.0158220578345806));
#7665=CARTESIAN_POINT('',(-0.00966970816517069,-0.085,0.0257894340141239));
#7666=CARTESIAN_POINT('',(-0.00966970816517069,0.,0.0257894340141239));
#7667=CARTESIAN_POINT('',(-0.00815262360102892,0.,0.0205028042346479));
#7668=CARTESIAN_POINT('',(-0.0112648763675404,0.,0.0313481641740945));
#7669=CARTESIAN_POINT('',(-0.0112648763675404,-0.0425,0.0313481641740945));
#7670=CARTESIAN_POINT('',(-0.0112648763675404,-0.085,0.0313481641740945));
#7671=CARTESIAN_POINT('',(-0.00966970816517069,-0.085,0.0257894340141239));
#7672=CARTESIAN_POINT('',(-0.00815262360102892,-0.085,0.0205028042346479));
#7673=CARTESIAN_POINT('',(-0.00815262360102892,-0.085,0.0205028042346479));
#7674=CARTESIAN_POINT('',(-0.0422589130470091,-0.085,0.0490867847776377));
#7675=CARTESIAN_POINT('',(-0.011748324046632,-0.085,0.0294074740026398));
#7676=CARTESIAN_POINT('',(-0.0410232898286845,-0.085,0.095169072436));
#7677=CARTESIAN_POINT('',(-0.0815059420313394,-0.085,-0.001));
#7678=CARTESIAN_POINT('',(-0.0835059420313394,-0.085,-0.001));
#7679=CARTESIAN_POINT('',(-0.0422589130470091,-0.085,-0.001));
#7680=CARTESIAN_POINT('',(-0.00815262360102889,-0.085,0.0205028042346479));
#7681=CARTESIAN_POINT('',(-0.0422589130470091,0.,0.0490867847776377));
#7682=CARTESIAN_POINT('',(-0.011748324046632,0.,0.0294074740026398));
#7683=CARTESIAN_POINT('',(-0.0320854167792723,0.,0.0136348992323972));
#7684=CARTESIAN_POINT('',(-0.0845178260940181,0.,-0.001));
#7685=CARTESIAN_POINT('',(-0.0835059420313394,0.,-0.001));
#7686=CARTESIAN_POINT('',(-0.0815059420313394,0.,-0.001));
#7687=CARTESIAN_POINT('',(-0.0410232898286845,0.,0.095169072436));
#7688=CARTESIAN_POINT('',(-0.0410232898286845,-0.085,0.095169072436));
#7689=CARTESIAN_POINT('',(-0.0422589130470091,-0.002,-0.001));
#7690=CARTESIAN_POINT('',(-0.0815059420313394,-0.002,-0.001));
#7691=CARTESIAN_POINT('',(-0.002,-0.002,-0.001));
#7692=CARTESIAN_POINT('',(-0.002,-0.085,-0.001));
#7693=CARTESIAN_POINT('',(-0.002,-0.083,-0.001));
#7694=CARTESIAN_POINT('',(-0.0815059420313394,-0.085,-0.001));
#7695=CARTESIAN_POINT('',(-0.0815059420313394,-0.083,-0.001));
#7696=CARTESIAN_POINT('',(-0.0422589130470091,-0.083,-0.001));
#7697=CARTESIAN_POINT('',(-0.0345773839334465,-0.0445245739221088,0.0727068321186693));
#7698=CARTESIAN_POINT('',(-0.0359275710661787,-0.0445245739221088,0.0774118694465032));
#7699=CARTESIAN_POINT('',(-0.0359275710661787,-0.0445245739221088,0.0774118694465032));
#7700=CARTESIAN_POINT('',(-0.0345773839334465,-0.0445245739221088,0.0727068321186693));
#7701=CARTESIAN_POINT('',(-0.0332271968007142,-0.0445245739221088,0.0680017947908354));
#7702=CARTESIAN_POINT('',(-0.0332271968007142,-0.0445245739221088,0.0680017947908354));
#7703=CARTESIAN_POINT('',(-0.0359275710661787,-0.0454785640214631,0.0774118694465032));
#7704=CARTESIAN_POINT('',(-0.0359275710661787,-0.0464325541208174,0.0774118694465032));
#7705=CARTESIAN_POINT('',(-0.0359275710661787,-0.0464325541208174,0.0774118694465032));
#7706=CARTESIAN_POINT('',(-0.0359275710661787,-0.0454785640214631,0.0774118694465032));
#7707=CARTESIAN_POINT('',(-0.0345817478220461,-0.0464325541208174,0.0727220390912867));
#7708=CARTESIAN_POINT('',(-0.0332359245779136,-0.0464325541208174,0.0680322087360702));
#7709=CARTESIAN_POINT('',(-0.0332359245779136,-0.0464325541208174,0.0680322087360702));
#7710=CARTESIAN_POINT('',(-0.0345817478220461,-0.0464325541208174,0.0727220390912867));
#7711=CARTESIAN_POINT('',(-0.0325673768444469,-0.0472868736127765,0.0657025005310794));
#7712=CARTESIAN_POINT('',(-0.0306449660155465,-0.0472868736127765,0.0662541676453128));
#7713=CARTESIAN_POINT('',(-0.0327256405376609,-0.0467173272848038,0.066254006738005));
#7714=CARTESIAN_POINT('',(-0.0308032297087605,-0.0467173272848038,0.0668056738522384));
#7715=CARTESIAN_POINT('',(-0.0329484897821498,-0.0464325541208174,0.0670305761396686));
#7716=CARTESIAN_POINT('',(-0.0310260789532494,-0.0464325541208174,0.067582243253902));
#7717=CARTESIAN_POINT('',(-0.0332359245779136,-0.0464325541208174,0.0680322087360702));
#7718=CARTESIAN_POINT('',(-0.0313135137490132,-0.0464325541208174,0.0685838758503036));
#7719=CARTESIAN_POINT('',(-0.0325673768444469,-0.0472868736127765,0.0657025005310794));
#7720=CARTESIAN_POINT('',(-0.0325673768444469,-0.0472868736127765,0.0657025005310794));
#7721=CARTESIAN_POINT('',(-0.0325673768444469,-0.0472868736127765,0.0657025005310794));
#7722=CARTESIAN_POINT('',(-0.0328047723842679,-0.0464325541208174,0.0665297598414678));
#7723=CARTESIAN_POINT('',(-0.0332359245779136,-0.0464325541208174,0.0680322087360702));
#7724=CARTESIAN_POINT('',(-0.0323299813046258,-0.0497549077006582,0.064875241220691));
#7725=CARTESIAN_POINT('',(-0.0304075704757254,-0.0497549077006582,0.0654269083349244));
#7726=CARTESIAN_POINT('',(-0.0323299813046258,-0.0486790979700431,0.064875241220691));
#7727=CARTESIAN_POINT('',(-0.0304075704757254,-0.0486790979700431,0.0654269083349244));
#7728=CARTESIAN_POINT('',(-0.0324091131512329,-0.0478564199407492,0.0651509943241538));
#7729=CARTESIAN_POINT('',(-0.0304867023223325,-0.0478564199407492,0.0657026614383872));
#7730=CARTESIAN_POINT('',(-0.0325673768444469,-0.0472868736127765,0.0657025005310794));
#7731=CARTESIAN_POINT('',(-0.0306449660155465,-0.0472868736127765,0.0662541676453128));
#7732=CARTESIAN_POINT('',(-0.0323299813046258,-0.0497549077006582,0.064875241220691));
#7733=CARTESIAN_POINT('',(-0.0323299813046258,-0.0497549077006582,0.064875241220691));
#7734=CARTESIAN_POINT('',(-0.0323299813046258,-0.0497549077006582,0.064875241220691));
#7735=CARTESIAN_POINT('',(-0.0323299813046258,-0.0481411931047355,0.064875241220691));
#7736=CARTESIAN_POINT('',(-0.0325673768444469,-0.0472868736127765,0.0657025005310794));
#7737=CARTESIAN_POINT('',(-0.0325686860110268,-0.0522071210572075,0.0657070626228647));
#7738=CARTESIAN_POINT('',(-0.0306462751821264,-0.0522071210572075,0.0662587297370981));
#7739=CARTESIAN_POINT('',(-0.0324095495400928,-0.0516333558675461,0.0651525150214156));
#7740=CARTESIAN_POINT('',(-0.0304871387111924,-0.0516333558675461,0.065704182135649));
#7741=CARTESIAN_POINT('',(-0.0323299813046258,-0.050815951415363,0.064875241220691));
#7742=CARTESIAN_POINT('',(-0.0304075704757255,-0.050815951415363,0.0654269083349244));
#7743=CARTESIAN_POINT('',(-0.0323299813046258,-0.0497549077006582,0.064875241220691));
#7744=CARTESIAN_POINT('',(-0.0304075704757255,-0.0497549077006582,0.0654269083349244));
#7745=CARTESIAN_POINT('',(-0.0325686860110268,-0.0522071210572075,0.0657070626228647));
#7746=CARTESIAN_POINT('',(-0.0325686860110268,-0.0522071210572075,0.0657070626228647));
#7747=CARTESIAN_POINT('',(-0.0325686860110268,-0.0522071210572075,0.0657070626228647));
#7748=CARTESIAN_POINT('',(-0.0323299813046258,-0.0513464732727154,0.064875241220691));
#7749=CARTESIAN_POINT('',(-0.0323299813046258,-0.0497549077006582,0.064875241220691));
#7750=CARTESIAN_POINT('',(-0.0332385429110733,-0.0530677688416996,0.0680413329196407));
#7751=CARTESIAN_POINT('',(-0.031316132082173,-0.0530677688416996,0.0685930000338741));
#7752=CARTESIAN_POINT('',(-0.0329511081153096,-0.0530677688416996,0.067039700323239));
#7753=CARTESIAN_POINT('',(-0.0310286972864093,-0.0530677688416996,0.0675913674374724));
#7754=CARTESIAN_POINT('',(-0.0327278224819608,-0.0527808862468689,0.0662616102243137));
#7755=CARTESIAN_POINT('',(-0.0308054116530604,-0.0527808862468689,0.0668132773385471));
#7756=CARTESIAN_POINT('',(-0.0325686860110268,-0.0522071210572075,0.0657070626228647));
#7757=CARTESIAN_POINT('',(-0.0306462751821265,-0.0522071210572075,0.0662587297370981));
#7758=CARTESIAN_POINT('',(-0.0332385429110733,-0.0530677688416996,0.0680413329196407));
#7759=CARTESIAN_POINT('',(-0.0332385429110733,-0.0530677688416996,0.0680413329196407));
#7760=CARTESIAN_POINT('',(-0.0332385429110733,-0.0530677688416996,0.0680413329196407));
#7761=CARTESIAN_POINT('',(-0.0328073907174277,-0.0530677688416996,0.0665388840250382));
#7762=CARTESIAN_POINT('',(-0.0325686860110268,-0.0522071210572075,0.0657070626228647));
#7763=CARTESIAN_POINT('',(-0.034583056988626,-0.0530677688416996,0.0727266011830719));
#7764=CARTESIAN_POINT('',(-0.0359275710661787,-0.0530677688416996,0.0774118694465032));
#7765=CARTESIAN_POINT('',(-0.0359275710661787,-0.0530677688416996,0.0774118694465032));
#7766=CARTESIAN_POINT('',(-0.034583056988626,-0.0530677688416996,0.0727266011830719));
#7767=CARTESIAN_POINT('',(-0.0359275710661787,-0.0540059382097213,0.0774118694465032));
#7768=CARTESIAN_POINT('',(-0.0359275710661787,-0.0549441075777431,0.0774118694465032));
#7769=CARTESIAN_POINT('',(-0.0359275710661787,-0.0549441075777431,0.0774118694465032));
#7770=CARTESIAN_POINT('',(-0.0359275710661787,-0.0540059382097213,0.0774118694465032));
#7771=CARTESIAN_POINT('',(-0.0345747656002867,-0.0549441075777431,0.0726977079350988));
#7772=CARTESIAN_POINT('',(-0.0332219601343946,-0.0549441075777431,0.0679835464236945));
#7773=CARTESIAN_POINT('',(-0.0332219601343946,-0.0549441075777431,0.0679835464236945));
#7774=CARTESIAN_POINT('',(-0.0345747656002867,-0.0549441075777431,0.0726977079350988));
#7775=CARTESIAN_POINT('',(-0.032253613254132,-0.0535218238309445,0.064609119199886));
#7776=CARTESIAN_POINT('',(-0.0303312024252316,-0.0535218238309445,0.0651607863141194));
#7777=CARTESIAN_POINT('',(-0.0324883904607932,-0.0544573564104108,0.0654272543267039));
#7778=CARTESIAN_POINT('',(-0.0305659796318928,-0.0544573564104108,0.0659789214409372));
#7779=CARTESIAN_POINT('',(-0.0328111727542141,-0.054931450992677,0.0665520634013067));
#7780=CARTESIAN_POINT('',(-0.0308887619253137,-0.054931450992677,0.06710373051554));
#7781=CARTESIAN_POINT('',(-0.0332219601343946,-0.0549441075777431,0.0679835464236944));
#7782=CARTESIAN_POINT('',(-0.0312995493054943,-0.0549441075777431,0.0685352135379278));
#7783=CARTESIAN_POINT('',(-0.032253613254132,-0.0535218238309445,0.064609119199886));
#7784=CARTESIAN_POINT('',(-0.032253613254132,-0.0535218238309445,0.064609119199886));
#7785=CARTESIAN_POINT('',(-0.032253613254132,-0.0535218238309445,0.064609119199886));
#7786=CARTESIAN_POINT('',(-0.0326057790641238,-0.054925122700144,0.0658363218901128));
#7787=CARTESIAN_POINT('',(-0.0332219601343946,-0.0549441075777431,0.0679835464236944));
#7788=CARTESIAN_POINT('',(-0.0319014474441401,-0.0497549077006582,0.0633819165096591));
#7789=CARTESIAN_POINT('',(-0.0299790366152397,-0.0497549077006582,0.0639335836238925));
#7790=CARTESIAN_POINT('',(-0.0319014474441401,-0.0513306525413827,0.0633819165096591));
#7791=CARTESIAN_POINT('',(-0.0299790366152397,-0.0513306525413827,0.0639335836238925));
#7792=CARTESIAN_POINT('',(-0.0320188360474707,-0.0525862912514782,0.0637909840730681));
#7793=CARTESIAN_POINT('',(-0.0300964252185703,-0.0525862912514782,0.0643426511873015));
#7794=CARTESIAN_POINT('',(-0.032253613254132,-0.0535218238309445,0.064609119199886));
#7795=CARTESIAN_POINT('',(-0.0303312024252316,-0.0535218238309445,0.0651607863141194));
#7796=CARTESIAN_POINT('',(-0.0319014474441401,-0.0497549077006582,0.0633819165096591));
#7797=CARTESIAN_POINT('',(-0.0319014474441401,-0.0497549077006582,0.0633819165096591));
#7798=CARTESIAN_POINT('',(-0.0319014474441401,-0.0497549077006582,0.0633819165096591));
#7799=CARTESIAN_POINT('',(-0.0319014474441401,-0.052118524961745,0.0633819165096591));
#7800=CARTESIAN_POINT('',(-0.032253613254132,-0.0535218238309445,0.064609119199886));
#7801=CARTESIAN_POINT('',(-0.0319045021661598,-0.049501775999337,0.0633925613904913));
#7802=CARTESIAN_POINT('',(-0.0319075568881795,-0.0492486442980158,0.0634032062713235));
#7803=CARTESIAN_POINT('',(-0.0319075568881795,-0.0492486442980158,0.0634032062713235));
#7804=CARTESIAN_POINT('',(-0.0319045021661598,-0.049501775999337,0.0633925613904913));
#7805=CARTESIAN_POINT('',(-0.0323085982504875,-0.0458044710869141,0.0648007270548656));
#7806=CARTESIAN_POINT('',(-0.0303861874215872,-0.0458044710869141,0.065352394169099));
#7807=CARTESIAN_POINT('',(-0.0320703299329465,-0.046651407570918,0.0639704263499537));
#7808=CARTESIAN_POINT('',(-0.0301479191040462,-0.046651407570918,0.0645220934641871));
#7809=CARTESIAN_POINT('',(-0.0319366494788439,-0.0477994653079519,0.063504586088773));
#7810=CARTESIAN_POINT('',(-0.0300142386499435,-0.0477994653079519,0.0640562532030064));
#7811=CARTESIAN_POINT('',(-0.0319075568881795,-0.0492486442980158,0.0634032062713235));
#7812=CARTESIAN_POINT('',(-0.0299851460592792,-0.0492486442980158,0.0639548733855569));
#7813=CARTESIAN_POINT('',(-0.0323085982504875,-0.0458044710869141,0.0648007270548656));
#7814=CARTESIAN_POINT('',(-0.0323085982504875,-0.0458044710869141,0.0648007270548656));
#7815=CARTESIAN_POINT('',(-0.0323085982504875,-0.0458044710869141,0.0648007270548656));
#7816=CARTESIAN_POINT('',(-0.031951195774176,-0.0470748758129199,0.0635552759974978));
#7817=CARTESIAN_POINT('',(-0.0319075568881795,-0.0492486442980158,0.0634032062713235));
#7818=CARTESIAN_POINT('',(-0.0332271968007142,-0.0445245739221088,0.0680017947908354));
#7819=CARTESIAN_POINT('',(-0.0313047859718139,-0.0445245739221088,0.0685534619050688));
#7820=CARTESIAN_POINT('',(-0.0328530660847708,-0.0445309022146418,0.0666980503384341));
#7821=CARTESIAN_POINT('',(-0.0309306552558704,-0.0445309022146418,0.0672497174526674));
#7822=CARTESIAN_POINT('',(-0.0325468665680285,-0.0449575346029102,0.0656310277597775));
#7823=CARTESIAN_POINT('',(-0.0306244557391281,-0.0449575346029102,0.0661826948740108));
#7824=CARTESIAN_POINT('',(-0.0323085982504875,-0.0458044710869141,0.0648007270548656));
#7825=CARTESIAN_POINT('',(-0.0303861874215872,-0.0458044710869141,0.065352394169099));
#7826=CARTESIAN_POINT('',(-0.0332271968007142,-0.0445245739221088,0.0680017947908354));
#7827=CARTESIAN_POINT('',(-0.032666000726799,-0.0445340663609083,0.0660461781122334));
#7828=CARTESIAN_POINT('',(-0.0323085982504875,-0.0458044710869141,0.0648007270548656));
#7829=CARTESIAN_POINT('',(-0.0300125032728911,-0.0425,0.0567994564784072));
#7830=CARTESIAN_POINT('',(-0.0291240213256297,-0.0768327172558294,0.0537033369660608));
#7831=CARTESIAN_POINT('',(-0.0272016104967293,-0.0768327172558294,0.0542550040802942));
#7832=CARTESIAN_POINT('',(-0.0272016104967293,-0.0778170718842518,0.0542550040802941));
#7833=CARTESIAN_POINT('',(-0.0272016104967293,-0.075848362627407,0.0542550040802942));
#7834=CARTESIAN_POINT('',(-0.0291240213256297,-0.0778170718842518,0.0537033369660608));
#7835=CARTESIAN_POINT('',(-0.0291240213256297,-0.0778170718842518,0.0537033369660608));
#7836=CARTESIAN_POINT('',(-0.0291240213256297,-0.0768327172558294,0.0537033369660608));
#7837=CARTESIAN_POINT('',(-0.0291240213256297,-0.075848362627407,0.0537033369660608));
#7838=CARTESIAN_POINT('',(-0.0291240213256297,-0.075848362627407,0.0537033369660608));
#7839=CARTESIAN_POINT('',(-0.0295576709965856,-0.0778170718842518,0.0552144888942544));
#7840=CARTESIAN_POINT('',(-0.0276352601676852,-0.0778170718842518,0.0557661560084878));
#7841=CARTESIAN_POINT('',(-0.0280689098386412,-0.0778170718842518,0.0572773079366814));
#7842=CARTESIAN_POINT('',(-0.0299913206675415,-0.0778170718842518,0.056725640822448));
#7843=CARTESIAN_POINT('',(-0.0299913206675415,-0.0778170718842518,0.056725640822448));
#7844=CARTESIAN_POINT('',(-0.0295576709965856,-0.0778170718842518,0.0552144888942544));
#7845=CARTESIAN_POINT('',(-0.0299913206675415,-0.0768522739703013,0.056725640822448));
#7846=CARTESIAN_POINT('',(-0.0280689098386412,-0.0768522739703013,0.0572773079366814));
#7847=CARTESIAN_POINT('',(-0.0280689098386412,-0.0758874760563509,0.0572773079366814));
#7848=CARTESIAN_POINT('',(-0.0299913206675415,-0.0758874760563509,0.056725640822448));
#7849=CARTESIAN_POINT('',(-0.0299913206675415,-0.0758874760563509,0.056725640822448));
#7850=CARTESIAN_POINT('',(-0.0299913206675415,-0.0768522739703013,0.056725640822448));
#7851=CARTESIAN_POINT('',(-0.0298894264808622,-0.0744413656695625,0.0563705671143721));
#7852=CARTESIAN_POINT('',(-0.0279670156519618,-0.0744413656695625,0.0569222342286055));
#7853=CARTESIAN_POINT('',(-0.0299573559386484,-0.0747578947149051,0.056607282919756));
#7854=CARTESIAN_POINT('',(-0.0280349451097481,-0.0747578947149051,0.0571589500339894));
#7855=CARTESIAN_POINT('',(-0.0299913206675415,-0.0752399315105012,0.056725640822448));
#7856=CARTESIAN_POINT('',(-0.0280689098386412,-0.0752399315105012,0.0572773079366814));
#7857=CARTESIAN_POINT('',(-0.0299913206675415,-0.0758874760563509,0.056725640822448));
#7858=CARTESIAN_POINT('',(-0.0280689098386412,-0.0758874760563509,0.0572773079366814));
#7859=CARTESIAN_POINT('',(-0.0279670156519619,-0.0744413656695625,0.0569222342286055));
#7860=CARTESIAN_POINT('',(-0.0280689098386412,-0.0749161592375764,0.0572773079366814));
#7861=CARTESIAN_POINT('',(-0.0280689098386412,-0.0758874760563509,0.0572773079366814));
#7862=CARTESIAN_POINT('',(-0.0279670156519619,-0.0744413656695625,0.0569222342286055));
#7863=CARTESIAN_POINT('',(-0.0298894264808622,-0.0744413656695625,0.0563705671143721));
#7864=CARTESIAN_POINT('',(-0.0298894264808622,-0.0744413656695625,0.0563705671143721));
#7865=CARTESIAN_POINT('',(-0.0298894264808622,-0.0744413656695625,0.0563705671143721));
#7866=CARTESIAN_POINT('',(-0.0299913206675415,-0.0749161592375764,0.056725640822448));
#7867=CARTESIAN_POINT('',(-0.0299913206675415,-0.0758874760563509,0.056725640822448));
#7868=CARTESIAN_POINT('',(-0.0295627657059196,-0.0739665721015486,0.0552322425796582));
#7869=CARTESIAN_POINT('',(-0.0276403548770192,-0.0739665721015486,0.0557839096938916));
#7870=CARTESIAN_POINT('',(-0.0297126100980951,-0.0739665721015486,0.0557544097974169));
#7871=CARTESIAN_POINT('',(-0.0277901992691947,-0.0739665721015486,0.0563060769116502));
#7872=CARTESIAN_POINT('',(-0.029821497023076,-0.0741248366242199,0.0561338513089882));
#7873=CARTESIAN_POINT('',(-0.0278990861941756,-0.0741248366242199,0.0566855184232215));
#7874=CARTESIAN_POINT('',(-0.0298894264808622,-0.0744413656695625,0.0563705671143721));
#7875=CARTESIAN_POINT('',(-0.0279670156519618,-0.0744413656695625,0.0569222342286055));
#7876=CARTESIAN_POINT('',(-0.0276403548770192,-0.0739665721015486,0.0557839096938916));
#7877=CARTESIAN_POINT('',(-0.0278651214652825,-0.0739665721015486,0.0565671605205296));
#7878=CARTESIAN_POINT('',(-0.0279670156519619,-0.0744413656695625,0.0569222342286055));
#7879=CARTESIAN_POINT('',(-0.0276403548770192,-0.0739665721015486,0.0557839096938916));
#7880=CARTESIAN_POINT('',(-0.0295627657059196,-0.0739665721015486,0.0552322425796582));
#7881=CARTESIAN_POINT('',(-0.0295627657059196,-0.0739665721015486,0.0552322425796582));
#7882=CARTESIAN_POINT('',(-0.0295627657059196,-0.0739665721015486,0.0552322425796582));
#7883=CARTESIAN_POINT('',(-0.0297875322941829,-0.0739665721015486,0.0560154934062962));
#7884=CARTESIAN_POINT('',(-0.0298894264808622,-0.0744413656695625,0.0563705671143721));
#7885=CARTESIAN_POINT('',(-0.029242098706664,-0.0744793926143691,0.0541148047336546));
#7886=CARTESIAN_POINT('',(-0.0273196878777636,-0.0744793926143691,0.054666471847888));
#7887=CARTESIAN_POINT('',(-0.0293208169606869,-0.0741375122724888,0.0543891165787172));
#7888=CARTESIAN_POINT('',(-0.0273984061317865,-0.0741375122724888,0.0549407836929506));
#7889=CARTESIAN_POINT('',(-0.0294277059604387,-0.0739665721015486,0.0547615958607184));
#7890=CARTESIAN_POINT('',(-0.0275052951315383,-0.0739665721015486,0.0553132629749518));
#7891=CARTESIAN_POINT('',(-0.0295627657059196,-0.0739665721015486,0.0552322425796582));
#7892=CARTESIAN_POINT('',(-0.0276403548770192,-0.0739665721015486,0.0557839096938916));
#7893=CARTESIAN_POINT('',(-0.0273196878777636,-0.0744793926143691,0.054666471847888));
#7894=CARTESIAN_POINT('',(-0.0274377652587979,-0.0739665721015486,0.0550779396154818));
#7895=CARTESIAN_POINT('',(-0.0276403548770192,-0.0739665721015486,0.0557839096938916));
#7896=CARTESIAN_POINT('',(-0.0273196878777636,-0.0744793926143691,0.054666471847888));
#7897=CARTESIAN_POINT('',(-0.029242098706664,-0.0744793926143691,0.0541148047336546));
#7898=CARTESIAN_POINT('',(-0.029242098706664,-0.0744793926143691,0.0541148047336546));
#7899=CARTESIAN_POINT('',(-0.029242098706664,-0.0744793926143691,0.0541148047336546));
#7900=CARTESIAN_POINT('',(-0.0293601760876983,-0.0739665721015486,0.0545262725012485));
#7901=CARTESIAN_POINT('',(-0.0295627657059196,-0.0739665721015486,0.0552322425796582));
#7902=CARTESIAN_POINT('',(-0.0283451301751013,-0.0778170718842518,0.0509891117681511));
#7903=CARTESIAN_POINT('',(-0.026422719346201,-0.0778170718842518,0.0515407788823845));
#7904=CARTESIAN_POINT('',(-0.0269133098861836,-0.0778170718842518,0.0532503543533264));
#7905=CARTESIAN_POINT('',(-0.0259321288062183,-0.0778170718842518,0.0498312034114426));
#7906=CARTESIAN_POINT('',(-0.028835720715084,-0.0778170718842518,0.0526986872390931));
#7907=CARTESIAN_POINT('',(-0.028835720715084,-0.0778170718842518,0.0526986872390931));
#7908=CARTESIAN_POINT('',(-0.0283451301751013,-0.0778170718842518,0.0509891117681511));
#7909=CARTESIAN_POINT('',(-0.0278545396351188,-0.0778170718842518,0.0492795362972092));
#7910=CARTESIAN_POINT('',(-0.0278545396351188,-0.0778170718842518,0.0492795362972092));
#7911=CARTESIAN_POINT('',(-0.028835720715084,-0.0767305877469202,0.0526986872390931));
#7912=CARTESIAN_POINT('',(-0.0269133098861836,-0.0767305877469202,0.0532503543533264));
#7913=CARTESIAN_POINT('',(-0.0269133098861836,-0.0756441036095886,0.0532503543533264));
#7914=CARTESIAN_POINT('',(-0.028835720715084,-0.0756441036095886,0.0526986872390931));
#7915=CARTESIAN_POINT('',(-0.028835720715084,-0.0756441036095886,0.0526986872390931));
#7916=CARTESIAN_POINT('',(-0.028835720715084,-0.0767305877469202,0.0526986872390931));
#7917=CARTESIAN_POINT('',(-0.0283430323536109,-0.0737014699720397,0.0509818014271025));
#7918=CARTESIAN_POINT('',(-0.0264206215247105,-0.0737014699720397,0.0515334685413359));
#7919=CARTESIAN_POINT('',(-0.0286714912612596,-0.0737014699720397,0.0521263919684296));
#7920=CARTESIAN_POINT('',(-0.0267490804323593,-0.0737014699720397,0.0526780590826629));
#7921=CARTESIAN_POINT('',(-0.028835720715084,-0.0743490145178893,0.0526986872390931));
#7922=CARTESIAN_POINT('',(-0.0269133098861836,-0.0743490145178893,0.0532503543533265));
#7923=CARTESIAN_POINT('',(-0.028835720715084,-0.0756441036095886,0.0526986872390931));
#7924=CARTESIAN_POINT('',(-0.0269133098861836,-0.0756441036095886,0.0532503543533265));
#7925=CARTESIAN_POINT('',(-0.0264206215247106,-0.0737014699720397,0.0515334685413359));
#7926=CARTESIAN_POINT('',(-0.0269133098861836,-0.0737014699720397,0.0532503543533264));
#7927=CARTESIAN_POINT('',(-0.0269133098861836,-0.0756441036095886,0.0532503543533264));
#7928=CARTESIAN_POINT('',(-0.0264206215247106,-0.0737014699720397,0.0515334685413359));
#7929=CARTESIAN_POINT('',(-0.0283430323536109,-0.0737014699720397,0.0509818014271025));
#7930=CARTESIAN_POINT('',(-0.0283430323536109,-0.0737014699720397,0.0509818014271025));
#7931=CARTESIAN_POINT('',(-0.0283430323536109,-0.0737014699720397,0.0509818014271025));
#7932=CARTESIAN_POINT('',(-0.028835720715084,-0.0737014699720397,0.0526986872390931));
#7933=CARTESIAN_POINT('',(-0.028835720715084,-0.0756441036095886,0.0526986872390931));
#7934=CARTESIAN_POINT('',(-0.0279846045675271,-0.0742273282945082,0.0497327774422237));
#7935=CARTESIAN_POINT('',(-0.0260621937386267,-0.0742273282945082,0.0502844445564571));
#7936=CARTESIAN_POINT('',(-0.028071314522466,-0.0738767560795292,0.0500349382055668));
#7937=CARTESIAN_POINT('',(-0.0261489036935656,-0.0738767560795292,0.0505866053198001));
#7938=CARTESIAN_POINT('',(-0.0281907904511606,-0.0737014699720397,0.0504512795338597));
#7939=CARTESIAN_POINT('',(-0.0262683796222602,-0.0737014699720397,0.0510029466480931));
#7940=CARTESIAN_POINT('',(-0.0283430323536109,-0.0737014699720397,0.0509818014271025));
#7941=CARTESIAN_POINT('',(-0.0264206215247105,-0.0737014699720397,0.0515334685413359));
#7942=CARTESIAN_POINT('',(-0.0260621937386267,-0.0742273282945082,0.0502844445564571));
#7943=CARTESIAN_POINT('',(-0.026192258671035,-0.0737014699720397,0.0507376857014716));
#7944=CARTESIAN_POINT('',(-0.0264206215247106,-0.0737014699720397,0.0515334685413359));
#7945=CARTESIAN_POINT('',(-0.0260621937386267,-0.0742273282945082,0.0502844445564571));
#7946=CARTESIAN_POINT('',(-0.0279846045675271,-0.0742273282945082,0.0497327774422237));
#7947=CARTESIAN_POINT('',(-0.0279846045675271,-0.0742273282945082,0.0497327774422237));
#7948=CARTESIAN_POINT('',(-0.0279846045675271,-0.0742273282945082,0.0497327774422237));
#7949=CARTESIAN_POINT('',(-0.0281146694999354,-0.0737014699720397,0.0501860185872383));
#7950=CARTESIAN_POINT('',(-0.0283430323536109,-0.0737014699720397,0.0509818014271025));
#7951=CARTESIAN_POINT('',(-0.0278545396351188,-0.0756636603240606,0.0492795362972092));
#7952=CARTESIAN_POINT('',(-0.0259321288062183,-0.0756636603240606,0.0498312034114426));
#7953=CARTESIAN_POINT('',(-0.0278545396351188,-0.0750566778526713,0.0492795362972092));
#7954=CARTESIAN_POINT('',(-0.0259321288062183,-0.0750566778526713,0.0498312034114426));
#7955=CARTESIAN_POINT('',(-0.0278978946125882,-0.0745779005094872,0.0494306166788807));
#7956=CARTESIAN_POINT('',(-0.0259754837836878,-0.0745779005094872,0.0499822837931141));
#7957=CARTESIAN_POINT('',(-0.0279846045675271,-0.0742273282945082,0.0497327774422237));
#7958=CARTESIAN_POINT('',(-0.0260621937386267,-0.0742273282945082,0.0502844445564571));
#7959=CARTESIAN_POINT('',(-0.0259321288062183,-0.0756636603240606,0.0498312034114426));
#7960=CARTESIAN_POINT('',(-0.0259321288062183,-0.0747531866169767,0.0498312034114426));
#7961=CARTESIAN_POINT('',(-0.0260621937386267,-0.0742273282945082,0.0502844445564571));
#7962=CARTESIAN_POINT('',(-0.0259321288062183,-0.0756636603240606,0.0498312034114426));
#7963=CARTESIAN_POINT('',(-0.0278545396351188,-0.0756636603240606,0.0492795362972092));
#7964=CARTESIAN_POINT('',(-0.0278545396351188,-0.0756636603240606,0.0492795362972092));
#7965=CARTESIAN_POINT('',(-0.0278545396351188,-0.0756636603240606,0.0492795362972092));
#7966=CARTESIAN_POINT('',(-0.0278545396351188,-0.0747531866169767,0.0492795362972092));
#7967=CARTESIAN_POINT('',(-0.0279846045675271,-0.0742273282945082,0.0497327774422237));
#7968=CARTESIAN_POINT('',(-0.0289238292176832,-0.0791208528490497,0.0530057215631352));
#7969=CARTESIAN_POINT('',(-0.027560245248886,-0.0791208528490497,0.0482539998815311));
#7970=CARTESIAN_POINT('',(-0.027560245248886,-0.0791208528490497,0.0482539998815311));
#7971=CARTESIAN_POINT('',(-0.0289238292176832,-0.0791208528490497,0.0530057215631352));
#7972=CARTESIAN_POINT('',(-0.0302874131864804,-0.0791208528490497,0.0577574432447392));
#7973=CARTESIAN_POINT('',(-0.0302874131864804,-0.0791208528490497,0.0577574432447392));
#7974=CARTESIAN_POINT('',(-0.027560245248886,-0.0774063808803405,0.0482539998815311));
#7975=CARTESIAN_POINT('',(-0.027560245248886,-0.0756919089116312,0.0482539998815311));
#7976=CARTESIAN_POINT('',(-0.027560245248886,-0.0756919089116312,0.0482539998815311));
#7977=CARTESIAN_POINT('',(-0.027560245248886,-0.0774063808803405,0.0482539998815311));
#7978=CARTESIAN_POINT('',(-0.0277700273979317,-0.0732538385074591,0.0489850339863933));
#7979=CARTESIAN_POINT('',(-0.0258476165690314,-0.0732538385074591,0.0495367011006267));
#7980=CARTESIAN_POINT('',(-0.0276301726319013,-0.0738289507774866,0.0484976779164852));
#7981=CARTESIAN_POINT('',(-0.0257077618030009,-0.0738289507774866,0.0490493450307185));
#7982=CARTESIAN_POINT('',(-0.027560245248886,-0.0746416409122107,0.0482539998815311));
#7983=CARTESIAN_POINT('',(-0.0256378344199856,-0.0746416409122107,0.0488056669957645));
#7984=CARTESIAN_POINT('',(-0.027560245248886,-0.0756919089116312,0.0482539998815311));
#7985=CARTESIAN_POINT('',(-0.0256378344199856,-0.0756919089116312,0.0488056669957645));
#7986=CARTESIAN_POINT('',(-0.0277700273979317,-0.0732538385074591,0.0489850339863933));
#7987=CARTESIAN_POINT('',(-0.0277700273979317,-0.0732538385074591,0.0489850339863933));
#7988=CARTESIAN_POINT('',(-0.0277700273979317,-0.0732538385074591,0.0489850339863933));
#7989=CARTESIAN_POINT('',(-0.027560245248886,-0.0741165069125004,0.0482539998815311));
#7990=CARTESIAN_POINT('',(-0.027560245248886,-0.0756919089116312,0.0482539998815311));
#7991=CARTESIAN_POINT('',(-0.0283472279965918,-0.0723911701024178,0.0509964221091998));
#7992=CARTESIAN_POINT('',(-0.0264248171676915,-0.0723911701024178,0.0515480892234332));
#7993=CARTESIAN_POINT('',(-0.0281022823635156,-0.0723911701024178,0.0501428527639036));
#7994=CARTESIAN_POINT('',(-0.0261798715346152,-0.0723911701024178,0.050694519878137));
#7995=CARTESIAN_POINT('',(-0.0279098821639622,-0.0726787262374316,0.0494723900563014));
#7996=CARTESIAN_POINT('',(-0.0259874713350619,-0.0726787262374316,0.0500240571705348));
#7997=CARTESIAN_POINT('',(-0.0277700273979317,-0.0732538385074591,0.0489850339863933));
#7998=CARTESIAN_POINT('',(-0.0258476165690314,-0.0732538385074591,0.0495367011006267));
#7999=CARTESIAN_POINT('',(-0.0283472279965918,-0.0723911701024178,0.0509964221091998));
#8000=CARTESIAN_POINT('',(-0.0283472279965918,-0.0723911701024178,0.0509964221091998));
#8001=CARTESIAN_POINT('',(-0.0283472279965918,-0.0723911701024178,0.0509964221091998));
#8002=CARTESIAN_POINT('',(-0.0279798095469775,-0.0723911701024178,0.0497160680912555));
#8003=CARTESIAN_POINT('',(-0.0277700273979317,-0.0732538385074591,0.0489850339863933));
#8004=CARTESIAN_POINT('',(-0.0287601991414276,-0.0728561853131957,0.0524355149613427));
#8005=CARTESIAN_POINT('',(-0.0268377883125271,-0.0728561853131957,0.0529871820755761));
#8006=CARTESIAN_POINT('',(-0.0286447190631909,-0.0725461751726771,0.05203309809219));
#8007=CARTESIAN_POINT('',(-0.0267223082342905,-0.0725461751726771,0.0525847652064234));
#8008=CARTESIAN_POINT('',(-0.0285070620149124,-0.0723911701024178,0.051553400474809));
#8009=CARTESIAN_POINT('',(-0.026584651186012,-0.0723911701024178,0.0521050675890424));
#8010=CARTESIAN_POINT('',(-0.0283472279965918,-0.0723911701024178,0.0509964221091998));
#8011=CARTESIAN_POINT('',(-0.0264248171676914,-0.0723911701024178,0.0515480892234332));
#8012=CARTESIAN_POINT('',(-0.0287601991414276,-0.0728561853131957,0.0524355149613427));
#8013=CARTESIAN_POINT('',(-0.0287601991414276,-0.0728561853131957,0.0524355149613427));
#8014=CARTESIAN_POINT('',(-0.0287601991414276,-0.0728561853131957,0.0524355149613427));
#8015=CARTESIAN_POINT('',(-0.0285869790240726,-0.0723911701024178,0.0518318896576136));
#8016=CARTESIAN_POINT('',(-0.0283472279965918,-0.0723911701024178,0.0509964221091998));
#8017=CARTESIAN_POINT('',(-0.0289951551483588,-0.0741230258173244,0.0532542731587883));
#8018=CARTESIAN_POINT('',(-0.0270727443194583,-0.0741230258173244,0.0538059402730217));
#8019=CARTESIAN_POINT('',(-0.0289539978886412,-0.0735884756217573,0.0531108512296439));
#8020=CARTESIAN_POINT('',(-0.0270315870597408,-0.0735884756217573,0.0536625183438773));
#8021=CARTESIAN_POINT('',(-0.0288756792196642,-0.0731661954537144,0.0528379318304954));
#8022=CARTESIAN_POINT('',(-0.0269532683907638,-0.0731661954537144,0.0533895989447288));
#8023=CARTESIAN_POINT('',(-0.0287601991414276,-0.0728561853131957,0.0524355149613427));
#8024=CARTESIAN_POINT('',(-0.0268377883125271,-0.0728561853131957,0.0529871820755761));
#8025=CARTESIAN_POINT('',(-0.0289951551483588,-0.0741230258173244,0.0532542731587883));
#8026=CARTESIAN_POINT('',(-0.0289951551483588,-0.0741230258173244,0.0532542731587883));
#8027=CARTESIAN_POINT('',(-0.0289951551483588,-0.0741230258173244,0.0532542731587883));
#8028=CARTESIAN_POINT('',(-0.0289334192587825,-0.0733212005239737,0.0530391402650717));
#8029=CARTESIAN_POINT('',(-0.0287601991414276,-0.0728561853131957,0.0524355149613427));
#8030=CARTESIAN_POINT('',(-0.0292226189356811,-0.0730495794896408,0.054046922995346));
#8031=CARTESIAN_POINT('',(-0.0273002081067808,-0.0730495794896408,0.0545985901095794));
#8032=CARTESIAN_POINT('',(-0.0291245208069369,-0.0733117843281168,0.0537050775234533));
#8033=CARTESIAN_POINT('',(-0.0272021099780366,-0.0733117843281168,0.0542567446376867));
#8034=CARTESIAN_POINT('',(-0.0290486995444961,-0.073669599770678,0.0534408609112674));
#8035=CARTESIAN_POINT('',(-0.0271262887155958,-0.073669599770678,0.0539925280255008));
#8036=CARTESIAN_POINT('',(-0.0289951551483588,-0.0741230258173244,0.0532542731587883));
#8037=CARTESIAN_POINT('',(-0.0270727443194584,-0.0741230258173244,0.0538059402730217));
#8038=CARTESIAN_POINT('',(-0.0292226189356811,-0.0730495794896408,0.054046922995346));
#8039=CARTESIAN_POINT('',(-0.0292226189356811,-0.0730495794896408,0.054046922995346));
#8040=CARTESIAN_POINT('',(-0.0292226189356811,-0.0730495794896408,0.054046922995346));
#8041=CARTESIAN_POINT('',(-0.0290754717425648,-0.0734428867473548,0.053534154787507));
#8042=CARTESIAN_POINT('',(-0.0289951551483588,-0.0741230258173244,0.0532542731587883));
#8043=CARTESIAN_POINT('',(-0.0295609675732135,-0.0726562722319267,0.0552259765730451));
#8044=CARTESIAN_POINT('',(-0.0276385567443131,-0.0726562722319267,0.0557776436872785));
#8045=CARTESIAN_POINT('',(-0.0294334999436029,-0.0726562722319267,0.0547817863264717));
#8046=CARTESIAN_POINT('',(-0.0275110891147025,-0.0726562722319267,0.0553334534407051));
#8047=CARTESIAN_POINT('',(-0.0293207170644254,-0.0727873746511647,0.0543887684672387));
#8048=CARTESIAN_POINT('',(-0.027398306235525,-0.0727873746511647,0.0549404355814721));
#8049=CARTESIAN_POINT('',(-0.0292226189356811,-0.0730495794896408,0.054046922995346));
#8050=CARTESIAN_POINT('',(-0.0273002081067807,-0.0730495794896408,0.0545985901095794));
#8051=CARTESIAN_POINT('',(-0.0295609675732135,-0.0726562722319267,0.0552259765730451));
#8052=CARTESIAN_POINT('',(-0.0295609675732135,-0.0726562722319267,0.0552259765730451));
#8053=CARTESIAN_POINT('',(-0.0295609675732135,-0.0726562722319267,0.0552259765730451));
#8054=CARTESIAN_POINT('',(-0.0293697661287976,-0.0726562722319267,0.054559691203185));
#8055=CARTESIAN_POINT('',(-0.0292226189356811,-0.0730495794896408,0.054046922995346));
#8056=CARTESIAN_POINT('',(-0.0301040036504575,-0.0734678758825134,0.0571183105702026));
#8057=CARTESIAN_POINT('',(-0.0281815928215572,-0.0734678758825134,0.057669977684436));
#8058=CARTESIAN_POINT('',(-0.0299817306264423,-0.0729268067821223,0.0566922221205115));
#8059=CARTESIAN_POINT('',(-0.028059319797542,-0.0729268067821223,0.0572438892347449));
#8060=CARTESIAN_POINT('',(-0.0298007186006943,-0.0726562722319267,0.056061444121459));
#8061=CARTESIAN_POINT('',(-0.0278783077717939,-0.0726562722319267,0.0566131112356924));
#8062=CARTESIAN_POINT('',(-0.0295609675732135,-0.0726562722319267,0.0552259765730451));
#8063=CARTESIAN_POINT('',(-0.0276385567443131,-0.0726562722319267,0.0557776436872785));
#8064=CARTESIAN_POINT('',(-0.0301040036504575,-0.0734678758825134,0.0571183105702026));
#8065=CARTESIAN_POINT('',(-0.0301040036504575,-0.0734678758825134,0.0571183105702026));
#8066=CARTESIAN_POINT('',(-0.0301040036504575,-0.0734678758825134,0.0571183105702026));
#8067=CARTESIAN_POINT('',(-0.0299205941144347,-0.0726562722319267,0.056479177895666));
#8068=CARTESIAN_POINT('',(-0.0295609675732135,-0.0726562722319267,0.0552259765730451));
#8069=CARTESIAN_POINT('',(-0.0302874131864804,-0.0758874760563509,0.0577574432447392));
#8070=CARTESIAN_POINT('',(-0.02836500235758,-0.0758874760563509,0.0583091103589726));
#8071=CARTESIAN_POINT('',(-0.0302874131864804,-0.0748154783741837,0.0577574432447392));
#8072=CARTESIAN_POINT('',(-0.02836500235758,-0.0748154783741837,0.0583091103589726));
#8073=CARTESIAN_POINT('',(-0.0302262766744728,-0.0740089449829045,0.0575443990198937));
#8074=CARTESIAN_POINT('',(-0.0283038658455724,-0.0740089449829045,0.058096066134127));
#8075=CARTESIAN_POINT('',(-0.0301040036504575,-0.0734678758825134,0.0571183105702026));
#8076=CARTESIAN_POINT('',(-0.0281815928215572,-0.0734678758825134,0.057669977684436));
#8077=CARTESIAN_POINT('',(-0.0302874131864804,-0.0758874760563509,0.0577574432447392));
#8078=CARTESIAN_POINT('',(-0.0302874131864804,-0.0758874760563509,0.0577574432447392));
#8079=CARTESIAN_POINT('',(-0.0302874131864804,-0.0758874760563509,0.0577574432447392));
#8080=CARTESIAN_POINT('',(-0.0302874131864804,-0.0742794795331001,0.0577574432447392));
#8081=CARTESIAN_POINT('',(-0.0301040036504575,-0.0734678758825134,0.0571183105702026));
#8082=CARTESIAN_POINT('',(-0.0278545396351188,-0.0767403661041562,0.0492795362972092));
#8083=CARTESIAN_POINT('',(-0.0259321288062183,-0.0767403661041562,0.0498312034114426));
#8084=CARTESIAN_POINT('',(-0.0278545396351188,-0.0767403661041562,0.0492795362972092));
#8085=CARTESIAN_POINT('',(-0.0302874131864804,-0.0775041644527003,0.0577574432447392));
#8086=CARTESIAN_POINT('',(-0.0302874131864804,-0.0775041644527003,0.0577574432447392));
#8087=CARTESIAN_POINT('',(-0.0291240213256297,-0.075848362627407,0.0537033369660608));
#8088=CARTESIAN_POINT('',(-0.0272016104967293,-0.075848362627407,0.0542550040802942));
#8089=CARTESIAN_POINT('',(-0.0291240213256297,-0.0752775962939288,0.0537033369660608));
#8090=CARTESIAN_POINT('',(-0.0272016104967293,-0.0752775962939288,0.0542550040802942));
#8091=CARTESIAN_POINT('',(-0.0291633804526411,-0.0748212729562495,0.0538404928885921));
#8092=CARTESIAN_POINT('',(-0.0272409696237407,-0.0748212729562495,0.0543921600028255));
#8093=CARTESIAN_POINT('',(-0.029242098706664,-0.0744793926143691,0.0541148047336546));
#8094=CARTESIAN_POINT('',(-0.0273196878777636,-0.0744793926143691,0.054666471847888));
#8095=CARTESIAN_POINT('',(-0.0272016104967293,-0.075848362627407,0.0542550040802942));
#8096=CARTESIAN_POINT('',(-0.0272016104967293,-0.0749922131271897,0.0542550040802942));
#8097=CARTESIAN_POINT('',(-0.0273196878777636,-0.0744793926143691,0.054666471847888));
#8098=CARTESIAN_POINT('',(-0.0291240213256297,-0.075848362627407,0.0537033369660608));
#8099=CARTESIAN_POINT('',(-0.0291240213256297,-0.0749922131271897,0.0537033369660608));
#8100=CARTESIAN_POINT('',(-0.029242098706664,-0.0744793926143691,0.0541148047336546));
#8101=CARTESIAN_POINT('',(-0.0300125032728911,-0.0425,0.0567994564784072));
#8102=CARTESIAN_POINT('',(-0.0288724816575927,-0.085,0.0600775385951616));
#8103=CARTESIAN_POINT('',(-0.0289573943615305,-0.0547683973948994,0.0531226870199131));
#8104=CARTESIAN_POINT('',(-0.0270349835326301,-0.0547683973948994,0.0536743541341465));
#8105=CARTESIAN_POINT('',(-0.0270349835326301,-0.0557701357695191,0.0536743541341465));
#8106=CARTESIAN_POINT('',(-0.0270349835326301,-0.0537666590202796,0.0536743541341465));
#8107=CARTESIAN_POINT('',(-0.0289573943615305,-0.0557701357695191,0.0531226870199131));
#8108=CARTESIAN_POINT('',(-0.0289573943615305,-0.0557701357695191,0.0531226870199131));
#8109=CARTESIAN_POINT('',(-0.0289573943615305,-0.0547683973948994,0.0531226870199131));
#8110=CARTESIAN_POINT('',(-0.0289573943615305,-0.0537666590202796,0.0531226870199131));
#8111=CARTESIAN_POINT('',(-0.0289573943615305,-0.0537666590202796,0.0531226870199131));
#8112=CARTESIAN_POINT('',(-0.029474357514536,-0.0557701357695191,0.0549241639211806));
#8113=CARTESIAN_POINT('',(-0.0275519466856356,-0.0557701357695191,0.055475831035414));
#8114=CARTESIAN_POINT('',(-0.0280689098386412,-0.0557701357695191,0.0572773079366814));
#8115=CARTESIAN_POINT('',(-0.0299913206675415,-0.0557701357695191,0.056725640822448));
#8116=CARTESIAN_POINT('',(-0.0299913206675415,-0.0557701357695191,0.056725640822448));
#8117=CARTESIAN_POINT('',(-0.029474357514536,-0.0557701357695191,0.0549241639211806));
#8118=CARTESIAN_POINT('',(-0.0299913206675415,-0.0547716568473114,0.056725640822448));
#8119=CARTESIAN_POINT('',(-0.0280689098386412,-0.0547716568473114,0.0572773079366814));
#8120=CARTESIAN_POINT('',(-0.0280689098386412,-0.0537731779251036,0.0572773079366814));
#8121=CARTESIAN_POINT('',(-0.0299913206675415,-0.0537731779251036,0.056725640822448));
#8122=CARTESIAN_POINT('',(-0.0299913206675415,-0.0537731779251036,0.056725640822448));
#8123=CARTESIAN_POINT('',(-0.0299913206675415,-0.0547716568473114,0.056725640822448));
#8124=CARTESIAN_POINT('',(-0.0298546625818775,-0.0521945164735608,0.0562494243198521));
#8125=CARTESIAN_POINT('',(-0.0279322517529771,-0.0521945164735608,0.0568010914340855));
#8126=CARTESIAN_POINT('',(-0.0299445692171828,-0.052558850820946,0.0565627246505073));
#8127=CARTESIAN_POINT('',(-0.0280221583882824,-0.052558850820946,0.0571143917647407));
#8128=CARTESIAN_POINT('',(-0.0299901219124042,-0.0530850713047936,0.0567214634847059));
#8129=CARTESIAN_POINT('',(-0.0280677110835037,-0.0530850713047936,0.0572731305989393));
#8130=CARTESIAN_POINT('',(-0.0299913206675415,-0.0537731779251036,0.056725640822448));
#8131=CARTESIAN_POINT('',(-0.0280689098386411,-0.0537731779251036,0.0572773079366814));
#8132=CARTESIAN_POINT('',(-0.0279322517529771,-0.0521945164735608,0.0568010914340855));
#8133=CARTESIAN_POINT('',(-0.0280671117059351,-0.0527410179946386,0.0572710419300683));
#8134=CARTESIAN_POINT('',(-0.0280689098386412,-0.0537731779251036,0.0572773079366814));
#8135=CARTESIAN_POINT('',(-0.0279322517529771,-0.0521945164735608,0.0568010914340855));
#8136=CARTESIAN_POINT('',(-0.0298546625818775,-0.0521945164735608,0.0562494243198521));
#8137=CARTESIAN_POINT('',(-0.0298546625818775,-0.0521945164735608,0.0562494243198521));
#8138=CARTESIAN_POINT('',(-0.0298546625818775,-0.0521945164735608,0.0562494243198521));
#8139=CARTESIAN_POINT('',(-0.0299895225348355,-0.0527410179946386,0.0567193748158349));
#8140=CARTESIAN_POINT('',(-0.0299913206675415,-0.0537731779251036,0.056725640822448));
#8141=CARTESIAN_POINT('',(-0.0294668652949273,-0.051648014952483,0.0548980555602927));
#8142=CARTESIAN_POINT('',(-0.0275444544660269,-0.051648014952483,0.0554497226745261));
#8143=CARTESIAN_POINT('',(-0.0296354901842554,-0.051648014952483,0.0554856677360104));
#8144=CARTESIAN_POINT('',(-0.0277130793553551,-0.051648014952483,0.0560373348502438));
#8145=CARTESIAN_POINT('',(-0.0297647559465722,-0.0518301821261756,0.0559361239891969));
#8146=CARTESIAN_POINT('',(-0.0278423451176719,-0.0518301821261756,0.0564877911034303));
#8147=CARTESIAN_POINT('',(-0.0298546625818775,-0.0521945164735608,0.0562494243198521));
#8148=CARTESIAN_POINT('',(-0.0279322517529772,-0.0521945164735608,0.0568010914340855));
#8149=CARTESIAN_POINT('',(-0.0275444544660269,-0.051648014952483,0.055449722674526));
#8150=CARTESIAN_POINT('',(-0.0277973918000192,-0.051648014952483,0.0563311409381027));
#8151=CARTESIAN_POINT('',(-0.0279322517529771,-0.0521945164735608,0.0568010914340855));
#8152=CARTESIAN_POINT('',(-0.0275444544660269,-0.051648014952483,0.055449722674526));
#8153=CARTESIAN_POINT('',(-0.0294668652949273,-0.051648014952483,0.0548980555602927));
#8154=CARTESIAN_POINT('',(-0.0294668652949273,-0.051648014952483,0.0548980555602927));
#8155=CARTESIAN_POINT('',(-0.0294668652949273,-0.051648014952483,0.0548980555602927));
#8156=CARTESIAN_POINT('',(-0.0297198026289196,-0.051648014952483,0.0557794738238693));
#8157=CARTESIAN_POINT('',(-0.0298546625818775,-0.0521945164735608,0.0562494243198521));
#8158=CARTESIAN_POINT('',(-0.0290961502686851,-0.0522216785769941,0.0536062138635577));
#8159=CARTESIAN_POINT('',(-0.0271737394397847,-0.0522216785769941,0.0541578809777911));
#8160=CARTESIAN_POINT('',(-0.029188654206788,-0.0518392361606534,0.053928565092654));
#8161=CARTESIAN_POINT('',(-0.0272662433778877,-0.0518392361606534,0.0544802322068874));
#8162=CARTESIAN_POINT('',(-0.0293122258822021,-0.051648014952483,0.0543591789915657));
#8163=CARTESIAN_POINT('',(-0.0273898150533017,-0.051648014952483,0.0549108461057991));
#8164=CARTESIAN_POINT('',(-0.0294668652949273,-0.051648014952483,0.0548980555602927));
#8165=CARTESIAN_POINT('',(-0.0275444544660269,-0.051648014952483,0.0554497226745261));
#8166=CARTESIAN_POINT('',(-0.0271737394397847,-0.0522216785769941,0.054157880977791));
#8167=CARTESIAN_POINT('',(-0.0273124953469392,-0.051648014952483,0.0546414078214356));
#8168=CARTESIAN_POINT('',(-0.0275444544660269,-0.051648014952483,0.055449722674526));
#8169=CARTESIAN_POINT('',(-0.0271737394397847,-0.0522216785769941,0.054157880977791));
#8170=CARTESIAN_POINT('',(-0.0290961502686851,-0.0522216785769941,0.0536062138635577));
#8171=CARTESIAN_POINT('',(-0.0290961502686851,-0.0522216785769941,0.0536062138635577));
#8172=CARTESIAN_POINT('',(-0.0290961502686851,-0.0522216785769941,0.0536062138635577));
#8173=CARTESIAN_POINT('',(-0.0292349061758395,-0.051648014952483,0.0540897407072022));
#8174=CARTESIAN_POINT('',(-0.0294668652949273,-0.051648014952483,0.0548980555602927));
#8175=CARTESIAN_POINT('',(-0.0286636993528665,-0.0546086842267116,0.0520992392731061));
#8176=CARTESIAN_POINT('',(-0.0286636993528665,-0.0534472326839041,0.0520992392731061));
#8177=CARTESIAN_POINT('',(-0.0286636993528665,-0.0534472326839041,0.0520992392731061));
#8178=CARTESIAN_POINT('',(-0.0286636993528665,-0.0546086842267116,0.0520992392731061));
#8179=CARTESIAN_POINT('',(-0.0286636993528665,-0.0557701357695191,0.0520992392731061));
#8180=CARTESIAN_POINT('',(-0.0286636993528665,-0.0557701357695191,0.0520992392731061));
#8181=CARTESIAN_POINT('',(-0.0281119723008762,-0.0523748728403579,0.0501766195773186));
#8182=CARTESIAN_POINT('',(-0.027560245248886,-0.0513025129968116,0.0482539998815311));
#8183=CARTESIAN_POINT('',(-0.027560245248886,-0.0513025129968116,0.0482539998815311));
#8184=CARTESIAN_POINT('',(-0.0281119723008762,-0.0523748728403579,0.0501766195773186));
#8185=CARTESIAN_POINT('',(-0.027560245248886,-0.05060281721237,0.0482539998815311));
#8186=CARTESIAN_POINT('',(-0.027560245248886,-0.0499031214279285,0.0482539998815311));
#8187=CARTESIAN_POINT('',(-0.027560245248886,-0.0499031214279285,0.0482539998815311));
#8188=CARTESIAN_POINT('',(-0.027560245248886,-0.05060281721237,0.0482539998815311));
#8189=CARTESIAN_POINT('',(-0.0275716334226913,-0.0499031214279285,0.0482936845900808));
#8190=CARTESIAN_POINT('',(-0.0275830215964967,-0.0499031214279285,0.0483333692986305));
#8191=CARTESIAN_POINT('',(-0.0275830215964967,-0.0499031214279285,0.0483333692986305));
#8192=CARTESIAN_POINT('',(-0.0275716334226913,-0.0499031214279285,0.0482936845900808));
#8193=CARTESIAN_POINT('',(-0.0281617206390785,-0.051064572970736,0.0503499790936145));
#8194=CARTESIAN_POINT('',(-0.0287404196816603,-0.0522260245135434,0.0523665888885985));
#8195=CARTESIAN_POINT('',(-0.0287404196816603,-0.0522260245135434,0.0523665888885985));
#8196=CARTESIAN_POINT('',(-0.0281617206390785,-0.051064572970736,0.0503499790936145));
#8197=CARTESIAN_POINT('',(-0.0290230262053034,-0.0508364113018963,0.0533513962612914));
#8198=CARTESIAN_POINT('',(-0.027100615376403,-0.0508364113018963,0.0539030633755248));
#8199=CARTESIAN_POINT('',(-0.0288969571233531,-0.0511688754479198,0.0529120795754171));
#8200=CARTESIAN_POINT('',(-0.0269745462944527,-0.0511688754479198,0.0534637466896505));
#8201=CARTESIAN_POINT('',(-0.0288027549488054,-0.0516320798518021,0.0525838104511862));
#8202=CARTESIAN_POINT('',(-0.026880344119905,-0.0516320798518021,0.0531354775654196));
#8203=CARTESIAN_POINT('',(-0.0287404196816603,-0.0522260245135434,0.0523665888885985));
#8204=CARTESIAN_POINT('',(-0.0268180088527599,-0.0522260245135434,0.0529182560028319));
#8205=CARTESIAN_POINT('',(-0.0290230262053034,-0.0508364113018963,0.0533513962612914));
#8206=CARTESIAN_POINT('',(-0.0290230262053034,-0.0508364113018963,0.0533513962612914));
#8207=CARTESIAN_POINT('',(-0.0290230262053034,-0.0508364113018963,0.0533513962612914));
#8208=CARTESIAN_POINT('',(-0.0288339225823779,-0.0513351075209315,0.05269242123248));
#8209=CARTESIAN_POINT('',(-0.0287404196816603,-0.0522260245135434,0.0523665888885985));
#8210=CARTESIAN_POINT('',(-0.0294668652949273,-0.0503377150828611,0.0548980555602927));
#8211=CARTESIAN_POINT('',(-0.0275444544660269,-0.0503377150828611,0.0554497226745261));
#8212=CARTESIAN_POINT('',(-0.0292970416504617,-0.0503377150828611,0.0543062660468328));
#8213=CARTESIAN_POINT('',(-0.0273746308215613,-0.0503377150828611,0.0548579331610662));
#8214=CARTESIAN_POINT('',(-0.0291490952872537,-0.0505039471558728,0.0537907129471657));
#8215=CARTESIAN_POINT('',(-0.0272266844583534,-0.0505039471558728,0.0543423800613991));
#8216=CARTESIAN_POINT('',(-0.0290230262053034,-0.0508364113018963,0.0533513962612914));
#8217=CARTESIAN_POINT('',(-0.0271006153764031,-0.0508364113018963,0.0539030633755248));
#8218=CARTESIAN_POINT('',(-0.0294668652949273,-0.0503377150828611,0.0548980555602927));
#8219=CARTESIAN_POINT('',(-0.0294668652949273,-0.0503377150828611,0.0548980555602927));
#8220=CARTESIAN_POINT('',(-0.0294668652949273,-0.0503377150828611,0.0548980555602927));
#8221=CARTESIAN_POINT('',(-0.0292121298282289,-0.0503377150828611,0.0540103712901029));
#8222=CARTESIAN_POINT('',(-0.0290230262053034,-0.0508364113018963,0.0533513962612914));
#8223=CARTESIAN_POINT('',(-0.0300776310374346,-0.0512373239485717,0.0570264091398771));
#8224=CARTESIAN_POINT('',(-0.0281552202085343,-0.0512373239485717,0.0575780762541105));
#8225=CARTESIAN_POINT('',(-0.0299377762714042,-0.0506375847047646,0.056539053069969));
#8226=CARTESIAN_POINT('',(-0.0280153654425039,-0.0506375847047646,0.0570907201842023));
#8227=CARTESIAN_POINT('',(-0.0297341876905684,-0.0503377150828611,0.0558296018767742));
#8228=CARTESIAN_POINT('',(-0.027811776861668,-0.0503377150828611,0.0563812689910075));
#8229=CARTESIAN_POINT('',(-0.0294668652949273,-0.0503377150828611,0.0548980555602927));
#8230=CARTESIAN_POINT('',(-0.0275444544660269,-0.0503377150828611,0.0554497226745261));
#8231=CARTESIAN_POINT('',(-0.0300776310374346,-0.0512373239485717,0.0570264091398771));
#8232=CARTESIAN_POINT('',(-0.0300776310374346,-0.0512373239485717,0.0570264091398771));
#8233=CARTESIAN_POINT('',(-0.0300776310374346,-0.0512373239485717,0.0570264091398771));
#8234=CARTESIAN_POINT('',(-0.0298678488883889,-0.0503377150828611,0.0562953750350149));
#8235=CARTESIAN_POINT('',(-0.0294668652949273,-0.0503377150828611,0.0548980555602927));
#8236=CARTESIAN_POINT('',(-0.0302874131864804,-0.0538079454174982,0.0577574432447392));
#8237=CARTESIAN_POINT('',(-0.02836500235758,-0.0538079454174982,0.0583091103589726));
#8238=CARTESIAN_POINT('',(-0.0302874131864804,-0.0526939370153542,0.0577574432447392));
#8239=CARTESIAN_POINT('',(-0.02836500235758,-0.0526939370153542,0.0583091103589726));
#8240=CARTESIAN_POINT('',(-0.0302174858034651,-0.0518370631923787,0.0575137652097852));
#8241=CARTESIAN_POINT('',(-0.0282950749745648,-0.0518370631923787,0.0580654323240185));
#8242=CARTESIAN_POINT('',(-0.0300776310374346,-0.0512373239485717,0.0570264091398771));
#8243=CARTESIAN_POINT('',(-0.0281552202085343,-0.0512373239485717,0.0575780762541105));
#8244=CARTESIAN_POINT('',(-0.0302874131864804,-0.0538079454174982,0.0577574432447392));
#8245=CARTESIAN_POINT('',(-0.0302874131864804,-0.0538079454174982,0.0577574432447392));
#8246=CARTESIAN_POINT('',(-0.0302874131864804,-0.0538079454174982,0.0577574432447392));
#8247=CARTESIAN_POINT('',(-0.0302874131864804,-0.0521369328142822,0.0577574432447392));
#8248=CARTESIAN_POINT('',(-0.0300776310374346,-0.0512373239485717,0.0570264091398771));
#8249=CARTESIAN_POINT('',(-0.0302874131864804,-0.0554441905283196,0.0577574432447392));
#8250=CARTESIAN_POINT('',(-0.0302874131864804,-0.057080435639141,0.0577574432447392));
#8251=CARTESIAN_POINT('',(-0.0302874131864804,-0.057080435639141,0.0577574432447392));
#8252=CARTESIAN_POINT('',(-0.0302874131864804,-0.0554441905283196,0.0577574432447392));
#8253=CARTESIAN_POINT('',(-0.0289238292176832,-0.057080435639141,0.0530057215631352));
#8254=CARTESIAN_POINT('',(-0.027560245248886,-0.057080435639141,0.0482539998815311));
#8255=CARTESIAN_POINT('',(-0.027560245248886,-0.057080435639141,0.0482539998815311));
#8256=CARTESIAN_POINT('',(-0.0289238292176832,-0.057080435639141,0.0530057215631352));
#8257=CARTESIAN_POINT('',(-0.027560245248886,-0.05642528570433,0.0482539998815311));
#8258=CARTESIAN_POINT('',(-0.027560245248886,-0.0557701357695191,0.0482539998815311));
#8259=CARTESIAN_POINT('',(-0.027560245248886,-0.0557701357695191,0.0482539998815311));
#8260=CARTESIAN_POINT('',(-0.027560245248886,-0.05642528570433,0.0482539998815311));
#8261=CARTESIAN_POINT('',(-0.0281119723008762,-0.0557701357695191,0.0501766195773186));
#8262=CARTESIAN_POINT('',(-0.0281119723008762,-0.0557701357695191,0.0501766195773186));
#8263=CARTESIAN_POINT('',(-0.0289573943615305,-0.0537666590202796,0.0531226870199131));
#8264=CARTESIAN_POINT('',(-0.0270349835326301,-0.0537666590202796,0.0536743541341465));
#8265=CARTESIAN_POINT('',(-0.0289573943615305,-0.05311911447443,0.0531226870199131));
#8266=CARTESIAN_POINT('',(-0.0270349835326301,-0.05311911447443,0.0536743541341465));
#8267=CARTESIAN_POINT('',(-0.029003646330582,-0.0526041209933348,0.0532838626344613));
#8268=CARTESIAN_POINT('',(-0.0270812355016817,-0.0526041209933348,0.0538355297486947));
#8269=CARTESIAN_POINT('',(-0.0290961502686851,-0.0522216785769941,0.0536062138635577));
#8270=CARTESIAN_POINT('',(-0.0271737394397847,-0.0522216785769941,0.0541578809777911));
#8271=CARTESIAN_POINT('',(-0.0270349835326301,-0.0537666590202796,0.0536743541341465));
#8272=CARTESIAN_POINT('',(-0.0270349835326301,-0.0527953422015052,0.0536743541341465));
#8273=CARTESIAN_POINT('',(-0.0271737394397847,-0.0522216785769941,0.054157880977791));
#8274=CARTESIAN_POINT('',(-0.0289573943615305,-0.0537666590202796,0.0531226870199131));
#8275=CARTESIAN_POINT('',(-0.0289573943615305,-0.0527953422015052,0.0531226870199131));
#8276=CARTESIAN_POINT('',(-0.0290961502686851,-0.0522216785769941,0.0536062138635577));
#8277=CARTESIAN_POINT('',(-0.0300125032728911,-0.0425,0.0567994564784072));
#8278=CARTESIAN_POINT('',(-0.0288084490357081,-0.0297944730141953,0.052603652805461));
#8279=CARTESIAN_POINT('',(-0.0280301572627484,-0.0307049467212792,0.0498915162764224));
#8280=CARTESIAN_POINT('',(-0.0280301572627484,-0.0307049467212792,0.0498915162764224));
#8281=CARTESIAN_POINT('',(-0.0288084490357081,-0.0297944730141953,0.052603652805461));
#8282=CARTESIAN_POINT('',(-0.0295867408086677,-0.0288839993071115,0.0553157893344996));
#8283=CARTESIAN_POINT('',(-0.0295867408086677,-0.0288839993071115,0.0553157893344996));
#8284=CARTESIAN_POINT('',(-0.0288084490357081,-0.0316382365952471,0.052603652805461));
#8285=CARTESIAN_POINT('',(-0.0295867408086677,-0.0325715264692149,0.0553157893344996));
#8286=CARTESIAN_POINT('',(-0.0295867408086677,-0.0325715264692149,0.0553157893344996));
#8287=CARTESIAN_POINT('',(-0.0288084490357081,-0.0316382365952471,0.052603652805461));
#8288=CARTESIAN_POINT('',(-0.0295867408086677,-0.0332136385943779,0.0553157893344996));
#8289=CARTESIAN_POINT('',(-0.0295867408086677,-0.0338557507195408,0.0553157893344996));
#8290=CARTESIAN_POINT('',(-0.0295867408086677,-0.0338557507195408,0.0553157893344996));
#8291=CARTESIAN_POINT('',(-0.0295867408086677,-0.0332136385943779,0.0553157893344996));
#8292=CARTESIAN_POINT('',(-0.0285734930287768,-0.0325248076513096,0.0517848946080154));
#8293=CARTESIAN_POINT('',(-0.027560245248886,-0.0311938645830784,0.0482539998815311));
#8294=CARTESIAN_POINT('',(-0.027560245248886,-0.0311938645830784,0.0482539998815311));
#8295=CARTESIAN_POINT('',(-0.0285734930287768,-0.0325248076513096,0.0517848946080154));
#8296=CARTESIAN_POINT('',(-0.027560245248886,-0.0307147250785152,0.0482539998815311));
#8297=CARTESIAN_POINT('',(-0.027560245248886,-0.0302355855739519,0.0482539998815311));
#8298=CARTESIAN_POINT('',(-0.027560245248886,-0.0302355855739519,0.0482539998815311));
#8299=CARTESIAN_POINT('',(-0.027560245248886,-0.0307147250785152,0.0482539998815311));
#8300=CARTESIAN_POINT('',(-0.0285734930287768,-0.0289187667995061,0.0517848946080154));
#8301=CARTESIAN_POINT('',(-0.0295867408086677,-0.0276019480250601,0.0553157893344996));
#8302=CARTESIAN_POINT('',(-0.0295867408086677,-0.0276019480250601,0.0553157893344996));
#8303=CARTESIAN_POINT('',(-0.0285734930287768,-0.0289187667995061,0.0517848946080154));
#8304=CARTESIAN_POINT('',(-0.0295867408086677,-0.0282429736660858,0.0553157893344996));
#8305=CARTESIAN_POINT('',(-0.0295867408086677,-0.0282429736660858,0.0553157893344996));
#8306=CARTESIAN_POINT('',(-0.0300125032728911,-0.0425,0.0567994564784072));
#8307=CARTESIAN_POINT('',(-0.0293415953830685,-0.0395315438529611,0.0544615237662464));
#8308=CARTESIAN_POINT('',(-0.0274191845541681,-0.0395315438529611,0.0550131908804798));
#8309=CARTESIAN_POINT('',(-0.0295301995246868,-0.0389752639746473,0.0551187582376653));
#8310=CARTESIAN_POINT('',(-0.0276077886957864,-0.0389752639746473,0.0556704253518987));
#8311=CARTESIAN_POINT('',(-0.0296245015954959,-0.0382509412164262,0.0554473754733748));
#8312=CARTESIAN_POINT('',(-0.0277020907665955,-0.0382509412164262,0.0559990425876082));
#8313=CARTESIAN_POINT('',(-0.0296245015954959,-0.0373585755782979,0.0554473754733748));
#8314=CARTESIAN_POINT('',(-0.0277020907665955,-0.0373585755782979,0.0559990425876082));
#8315=CARTESIAN_POINT('',(-0.0293415953830685,-0.0395315438529611,0.0544615237662464));
#8316=CARTESIAN_POINT('',(-0.0293415953830685,-0.0395315438529611,0.0544615237662464));
#8317=CARTESIAN_POINT('',(-0.0293415953830685,-0.0395315438529611,0.0544615237662464));
#8318=CARTESIAN_POINT('',(-0.0296245015954959,-0.0386971240354904,0.0554473754733748));
#8319=CARTESIAN_POINT('',(-0.0296245015954959,-0.0373585755782979,0.0554473754733748));
#8320=CARTESIAN_POINT('',(-0.0296245015954959,-0.0373585755782979,0.0554473754733748));
#8321=CARTESIAN_POINT('',(-0.0296245015954959,-0.0373585755782979,0.0554473754733748));
#8322=CARTESIAN_POINT('',(-0.0298894264808622,-0.0395315438529611,0.0563705671143721));
#8323=CARTESIAN_POINT('',(-0.0304372575786559,-0.0395315438529611,0.0582796104624979));
#8324=CARTESIAN_POINT('',(-0.0304372575786559,-0.0395315438529611,0.0582796104624979));
#8325=CARTESIAN_POINT('',(-0.0298894264808622,-0.0395315438529611,0.0563705671143721));
#8326=CARTESIAN_POINT('',(-0.0304372575786559,-0.0401595316843388,0.0582796104624979));
#8327=CARTESIAN_POINT('',(-0.0304372575786559,-0.0407875195157164,0.0582796104624979));
#8328=CARTESIAN_POINT('',(-0.0304372575786559,-0.0407875195157164,0.0582796104624979));
#8329=CARTESIAN_POINT('',(-0.0304372575786559,-0.0401595316843388,0.0582796104624979));
#8330=CARTESIAN_POINT('',(-0.028998751413771,-0.0407875195157164,0.0532668051720145));
#8331=CARTESIAN_POINT('',(-0.027560245248886,-0.0407875195157164,0.0482539998815311));
#8332=CARTESIAN_POINT('',(-0.027560245248886,-0.0407875195157164,0.0482539998815311));
#8333=CARTESIAN_POINT('',(-0.028998751413771,-0.0407875195157164,0.0532668051720145));
#8334=CARTESIAN_POINT('',(-0.027560245248886,-0.0401595316843388,0.0482539998815311));
#8335=CARTESIAN_POINT('',(-0.027560245248886,-0.0395315438529611,0.0482539998815311));
#8336=CARTESIAN_POINT('',(-0.027560245248886,-0.0395315438529611,0.0482539998815311));
#8337=CARTESIAN_POINT('',(-0.027560245248886,-0.0401595316843388,0.0482539998815311));
#8338=CARTESIAN_POINT('',(-0.0282821955303877,-0.0395315438529611,0.0507698015366925));
#8339=CARTESIAN_POINT('',(-0.0290041458118892,-0.0395315438529611,0.0532856031918538));
#8340=CARTESIAN_POINT('',(-0.0290041037252885,-0.0395312197525916,0.0532854565314221));
#8341=CARTESIAN_POINT('',(-0.0282821955303877,-0.0395315438529611,0.0507698015366925));
#8342=CARTESIAN_POINT('',(-0.0287458817434076,-0.0375427046869736,0.0523856226978997));
#8343=CARTESIAN_POINT('',(-0.0292403005739579,-0.0388133778381849,0.0541085387270415));
#8344=CARTESIAN_POINT('',(-0.0292403005739579,-0.0388133778381849,0.0541085387270415));
#8345=CARTESIAN_POINT('',(-0.0287458817434072,-0.0375427046869736,0.0523856226978998));
#8346=CARTESIAN_POINT('',(-0.0293302072092632,-0.037738845026364,0.0544218390576967));
#8347=CARTESIAN_POINT('',(-0.0274077963803628,-0.037738845026364,0.0549735061719301));
#8348=CARTESIAN_POINT('',(-0.0293302072092632,-0.0381473630620006,0.0544218390576967));
#8349=CARTESIAN_POINT('',(-0.0274077963803628,-0.0381473630620006,0.0549735061719301));
#8350=CARTESIAN_POINT('',(-0.0293002383308281,-0.0385055406659409,0.054317405614145));
#8351=CARTESIAN_POINT('',(-0.0273778275019277,-0.0385055406659409,0.0548690727283783));
#8352=CARTESIAN_POINT('',(-0.0292403005739579,-0.0388133778381849,0.0541085387270415));
#8353=CARTESIAN_POINT('',(-0.0273178897450575,-0.0388133778381849,0.0546602058412749));
#8354=CARTESIAN_POINT('',(-0.0293302072092632,-0.037738845026364,0.0544218390576967));
#8355=CARTESIAN_POINT('',(-0.0293302072092632,-0.037738845026364,0.0544218390576967));
#8356=CARTESIAN_POINT('',(-0.0293302072092632,-0.037738845026364,0.0544218390576967));
#8357=CARTESIAN_POINT('',(-0.0293302072092632,-0.038351622079819,0.0544218390576967));
#8358=CARTESIAN_POINT('',(-0.0292403005739579,-0.0388133778381849,0.0541085387270415));
#8359=CARTESIAN_POINT('',(-0.0292253161347403,-0.0366284582380111,0.0540563220052657));
#8360=CARTESIAN_POINT('',(-0.02730290530584,-0.0366284582380111,0.0546079891194991));
#8361=CARTESIAN_POINT('',(-0.0292952435177556,-0.0368660361027075,0.0543000000402197));
#8362=CARTESIAN_POINT('',(-0.0273728326888552,-0.0368660361027075,0.0548516671544531));
#8363=CARTESIAN_POINT('',(-0.0293302072092632,-0.0372361650321585,0.0544218390576967));
#8364=CARTESIAN_POINT('',(-0.0274077963803628,-0.0372361650321585,0.0549735061719301));
#8365=CARTESIAN_POINT('',(-0.0293302072092632,-0.037738845026364,0.0544218390576967));
#8366=CARTESIAN_POINT('',(-0.0274077963803628,-0.037738845026364,0.0549735061719301));
#8367=CARTESIAN_POINT('',(-0.0292253161347403,-0.0366284582380111,0.0540563220052657));
#8368=CARTESIAN_POINT('',(-0.0292253161347403,-0.0366284582380111,0.0540563220052657));
#8369=CARTESIAN_POINT('',(-0.0292253161347403,-0.0366284582380111,0.0540563220052657));
#8370=CARTESIAN_POINT('',(-0.0293302072092632,-0.0369848250350558,0.0544218390576967));
#8371=CARTESIAN_POINT('',(-0.0293302072092632,-0.037738845026364,0.0544218390576967));
#8372=CARTESIAN_POINT('',(-0.0289016522476412,-0.0362655725361423,0.0529284408149069));
#8373=CARTESIAN_POINT('',(-0.0269792414187409,-0.0362655725361423,0.0534801079291403));
#8374=CARTESIAN_POINT('',(-0.0290475007893587,-0.0362699184726916,0.0534366835735254));
#8375=CARTESIAN_POINT('',(-0.0271250899604583,-0.0362699184726916,0.0539883506877587));
#8376=CARTESIAN_POINT('',(-0.0291553887517251,-0.0363908803733145,0.0538126439703116));
#8377=CARTESIAN_POINT('',(-0.0272329779228247,-0.0363908803733145,0.054364311084545));
#8378=CARTESIAN_POINT('',(-0.0292253161347403,-0.0366284582380111,0.0540563220052657));
#8379=CARTESIAN_POINT('',(-0.02730290530584,-0.0366284582380111,0.0546079891194991));
#8380=CARTESIAN_POINT('',(-0.0289016522476412,-0.0362655725361423,0.0529284408149069));
#8381=CARTESIAN_POINT('',(-0.0289016522476412,-0.0362655725361423,0.0529284408149069));
#8382=CARTESIAN_POINT('',(-0.0289016522476412,-0.0362655725361423,0.0529284408149069));
#8383=CARTESIAN_POINT('',(-0.0291204250602174,-0.0362720914409663,0.0536908049528346));
#8384=CARTESIAN_POINT('',(-0.0292253161347403,-0.0366284582380111,0.0540563220052657));
#8385=CARTESIAN_POINT('',(-0.0282309487482636,-0.0362655725361423,0.050591220348219));
#8386=CARTESIAN_POINT('',(-0.027560245248886,-0.0362655725361423,0.0482539998815312));
#8387=CARTESIAN_POINT('',(-0.027560245248886,-0.0362655725361423,0.0482539998815312));
#8388=CARTESIAN_POINT('',(-0.0282309487482636,-0.0362655725361423,0.050591220348219));
#8389=CARTESIAN_POINT('',(-0.027560245248886,-0.0356375847047646,0.0482539998815311));
#8390=CARTESIAN_POINT('',(-0.027560245248886,-0.035009596873387,0.0482539998815311));
#8391=CARTESIAN_POINT('',(-0.027560245248886,-0.035009596873387,0.0482539998815311));
#8392=CARTESIAN_POINT('',(-0.027560245248886,-0.0356375847047646,0.0482539998815311));
#8393=CARTESIAN_POINT('',(-0.0282297499931262,-0.035009596873387,0.0505870430104769));
#8394=CARTESIAN_POINT('',(-0.0288992547373664,-0.035009596873387,0.0529200861394228));
#8395=CARTESIAN_POINT('',(-0.0288992547373664,-0.035009596873387,0.0529200861394228));
#8396=CARTESIAN_POINT('',(-0.0282297499931262,-0.035009596873387,0.0505870430104769));
#8397=CARTESIAN_POINT('',(-0.0296245015954959,-0.0373585755782979,0.0554473754733748));
#8398=CARTESIAN_POINT('',(-0.0277020907665955,-0.0373585755782979,0.0559990425876082));
#8399=CARTESIAN_POINT('',(-0.0296245015954959,-0.0358056275846719,0.0554473754733748));
#8400=CARTESIAN_POINT('',(-0.0277020907665955,-0.0358056275846719,0.0559990425876082));
#8401=CARTESIAN_POINT('',(-0.0293827526427861,-0.035022634683035,0.0546049456953908));
#8402=CARTESIAN_POINT('',(-0.0274603418138857,-0.035022634683035,0.0551566128096242));
#8403=CARTESIAN_POINT('',(-0.0288992547373664,-0.035009596873387,0.0529200861394228));
#8404=CARTESIAN_POINT('',(-0.026976843908466,-0.035009596873387,0.0534717532536562));
#8405=CARTESIAN_POINT('',(-0.0296245015954959,-0.0373585755782979,0.0554473754733748));
#8406=CARTESIAN_POINT('',(-0.0296245015954959,-0.0350291535878589,0.0554473754733748));
#8407=CARTESIAN_POINT('',(-0.0288992547373664,-0.035009596873387,0.0529200861394228));
#8408=CARTESIAN_POINT('',(-0.0300125032728911,-0.0425,0.0567994564784072));
#8409=CARTESIAN_POINT('',(-0.0298321859230512,-0.0436275890507012,0.0561710992371883));
#8410=CARTESIAN_POINT('',(-0.0300776310374346,-0.0436275890507012,0.0570264091398771));
#8411=CARTESIAN_POINT('',(-0.0300776310374346,-0.0436275890507012,0.0570264091398771));
#8412=CARTESIAN_POINT('',(-0.0298321859230512,-0.0436275890507012,0.0561710992371883));
#8413=CARTESIAN_POINT('',(-0.0295867408086677,-0.0436275890507012,0.0553157893344996));
#8414=CARTESIAN_POINT('',(-0.0295867408086677,-0.0436275890507012,0.0553157893344996));
#8415=CARTESIAN_POINT('',(-0.0300776310374346,-0.0442555768820789,0.0570264091398771));
#8416=CARTESIAN_POINT('',(-0.0300776310374346,-0.0448835647134565,0.0570264091398771));
#8417=CARTESIAN_POINT('',(-0.0300776310374346,-0.0448835647134565,0.0570264091398771));
#8418=CARTESIAN_POINT('',(-0.0300776310374346,-0.0442555768820789,0.0570264091398771));
#8419=CARTESIAN_POINT('',(-0.0298321859230512,-0.0448835647134565,0.0561710992371883));
#8420=CARTESIAN_POINT('',(-0.0295867408086677,-0.0448835647134565,0.0553157893344996));
#8421=CARTESIAN_POINT('',(-0.0295867408086677,-0.0448835647134565,0.0553157893344996));
#8422=CARTESIAN_POINT('',(-0.0298321859230512,-0.0448835647134565,0.0561710992371883));
#8423=CARTESIAN_POINT('',(-0.0295867408086677,-0.0455528389420528,0.0553157893344996));
#8424=CARTESIAN_POINT('',(-0.0295867408086677,-0.046222113170649,0.0553157893344996));
#8425=CARTESIAN_POINT('',(-0.0295867408086677,-0.046222113170649,0.0553157893344996));
#8426=CARTESIAN_POINT('',(-0.0295867408086677,-0.0455528389420528,0.0553157893344996));
#8427=CARTESIAN_POINT('',(-0.0294527799220628,-0.046222113170649,0.0548489718418233));
#8428=CARTESIAN_POINT('',(-0.0293188190354578,-0.046222113170649,0.0543821543491471));
#8429=CARTESIAN_POINT('',(-0.0293188190354578,-0.046222113170649,0.0543821543491471));
#8430=CARTESIAN_POINT('',(-0.0294527799220628,-0.046222113170649,0.0548489718418233));
#8431=CARTESIAN_POINT('',(-0.0293188190354578,-0.0455528389420528,0.0543821543491471));
#8432=CARTESIAN_POINT('',(-0.0293188190354578,-0.0448835647134565,0.0543821543491471));
#8433=CARTESIAN_POINT('',(-0.0293188190354578,-0.0448835647134565,0.0543821543491471));
#8434=CARTESIAN_POINT('',(-0.0293188190354578,-0.0455528389420528,0.0543821543491471));
#8435=CARTESIAN_POINT('',(-0.0286906713434581,-0.0448835647134565,0.0521932293723027));
#8436=CARTESIAN_POINT('',(-0.0280625236514584,-0.0448835647134565,0.0500043043954583));
#8437=CARTESIAN_POINT('',(-0.0280625236514584,-0.0448835647134565,0.0500043043954583));
#8438=CARTESIAN_POINT('',(-0.0286906713434581,-0.0448835647134565,0.0521932293723027));
#8439=CARTESIAN_POINT('',(-0.0276630385019184,-0.0444554899633478,0.0486122065929136));
#8440=CARTESIAN_POINT('',(-0.025740627673018,-0.0444554899633478,0.049163873707147));
#8441=CARTESIAN_POINT('',(-0.0277567411951588,-0.0447408731300869,0.048938735159752));
#8442=CARTESIAN_POINT('',(-0.0258343303662585,-0.0447408731300869,0.0494904022739854));
#8443=CARTESIAN_POINT('',(-0.0278899029116721,-0.0448835647134565,0.0494027677606002));
#8444=CARTESIAN_POINT('',(-0.0259674920827718,-0.0448835647134565,0.0499544348748336));
#8445=CARTESIAN_POINT('',(-0.0280625236514584,-0.0448835647134565,0.0500043043954583));
#8446=CARTESIAN_POINT('',(-0.026140112822558,-0.0448835647134565,0.0505559715096917));
#8447=CARTESIAN_POINT('',(-0.0276630385019184,-0.0444554899633478,0.0486122065929136));
#8448=CARTESIAN_POINT('',(-0.0276630385019184,-0.0444554899633478,0.0486122065929136));
#8449=CARTESIAN_POINT('',(-0.0276630385019184,-0.0444554899633478,0.0486122065929136));
#8450=CARTESIAN_POINT('',(-0.0278035925417791,-0.0448835647134565,0.0491019994431712));
#8451=CARTESIAN_POINT('',(-0.0280625236514584,-0.0448835647134565,0.0500043043954583));
#8452=CARTESIAN_POINT('',(-0.0275224844620578,-0.0431864764909446,0.048122413742656));
#8453=CARTESIAN_POINT('',(-0.0256000736331574,-0.0431864764909446,0.0486740808568894));
#8454=CARTESIAN_POINT('',(-0.0275224844620578,-0.0437471023058077,0.048122413742656));
#8455=CARTESIAN_POINT('',(-0.0256000736331574,-0.0437471023058077,0.0486740808568894));
#8456=CARTESIAN_POINT('',(-0.027569335808678,-0.0441701067966087,0.0482856780260752));
#8457=CARTESIAN_POINT('',(-0.0256469249797776,-0.0441701067966087,0.0488373451403086));
#8458=CARTESIAN_POINT('',(-0.0276630385019184,-0.0444554899633478,0.0486122065929136));
#8459=CARTESIAN_POINT('',(-0.025740627673018,-0.0444554899633478,0.049163873707147));
#8460=CARTESIAN_POINT('',(-0.0275224844620578,-0.0431864764909446,0.048122413742656));
#8461=CARTESIAN_POINT('',(-0.0275224844620578,-0.0431864764909446,0.048122413742656));
#8462=CARTESIAN_POINT('',(-0.0275224844620578,-0.0431864764909446,0.048122413742656));
#8463=CARTESIAN_POINT('',(-0.0275224844620578,-0.0440274152132392,0.048122413742656));
#8464=CARTESIAN_POINT('',(-0.0276630385019184,-0.0444554899633478,0.0486122065929136));
#8465=CARTESIAN_POINT('',(-0.0285200459637795,-0.0432113799379206,0.0515986460282603));
#8466=CARTESIAN_POINT('',(-0.0275603971221538,-0.0422216785769941,0.0482545291188323));
#8467=CARTESIAN_POINT('',(-0.0275603971221538,-0.0422216785769941,0.0482545291188323));
#8468=CARTESIAN_POINT('',(-0.0285200459637796,-0.0432113799379206,0.0515986460282602));
#8469=CARTESIAN_POINT('',(-0.0277007992887466,-0.0422216785769941,0.0487437927317888));
#8470=CARTESIAN_POINT('',(-0.0278413533286073,-0.0422216785769941,0.0492335855820464));
#8471=CARTESIAN_POINT('',(-0.0278413533286073,-0.0422216785769941,0.0492335855820464));
#8472=CARTESIAN_POINT('',(-0.0277007992887466,-0.0422216785769941,0.0487437927317888));
#8473=CARTESIAN_POINT('',(-0.0278185769809966,-0.0428192448525265,0.0491542161649471));
#8474=CARTESIAN_POINT('',(-0.0258961661520962,-0.0428192448525265,0.0497058832791805));
#8475=CARTESIAN_POINT('',(-0.0278185769809966,-0.0426743803008823,0.0491542161649471));
#8476=CARTESIAN_POINT('',(-0.0258961661520962,-0.0426743803008823,0.0497058832791805));
#8477=CARTESIAN_POINT('',(-0.0278261690968668,-0.0424751915423715,0.0491806726373135));
#8478=CARTESIAN_POINT('',(-0.0259037582679665,-0.0424751915423715,0.0497323397515469));
#8479=CARTESIAN_POINT('',(-0.0278413533286073,-0.0422216785769941,0.0492335855820464));
#8480=CARTESIAN_POINT('',(-0.0259189424997069,-0.0422216785769941,0.0497852526962798));
#8481=CARTESIAN_POINT('',(-0.0278185769809966,-0.0428192448525265,0.0491542161649471));
#8482=CARTESIAN_POINT('',(-0.0278185769809966,-0.0428192448525265,0.0491542161649471));
#8483=CARTESIAN_POINT('',(-0.0278185769809966,-0.0428192448525265,0.0491542161649471));
#8484=CARTESIAN_POINT('',(-0.0278185769809966,-0.0426019480250601,0.0491542161649471));
#8485=CARTESIAN_POINT('',(-0.0278413533286073,-0.0422216785769941,0.0492335855820464));
#8486=CARTESIAN_POINT('',(-0.0278794138042198,-0.0434439732314921,0.0493662160553571));
#8487=CARTESIAN_POINT('',(-0.0259570029753195,-0.0434439732314921,0.0499178831695905));
#8488=CARTESIAN_POINT('',(-0.027838855922071,-0.0433215626853528,0.0492248827950838));
#8489=CARTESIAN_POINT('',(-0.0259164450931707,-0.0433215626853528,0.0497765499093171));
#8490=CARTESIAN_POINT('',(-0.0278185769809966,-0.0431133198923642,0.0491542161649471));
#8491=CARTESIAN_POINT('',(-0.0258961661520962,-0.0431133198923642,0.0497058832791805));
#8492=CARTESIAN_POINT('',(-0.0278185769809966,-0.0428192448525265,0.0491542161649471));
#8493=CARTESIAN_POINT('',(-0.0258961661520962,-0.0428192448525265,0.0497058832791805));
#8494=CARTESIAN_POINT('',(-0.0278794138042198,-0.0434439732314921,0.0493662160553571));
#8495=CARTESIAN_POINT('',(-0.0278794138042198,-0.0434439732314921,0.0493662160553571));
#8496=CARTESIAN_POINT('',(-0.0278794138042198,-0.0434439732314921,0.0493662160553571));
#8497=CARTESIAN_POINT('',(-0.0278185769809966,-0.0432603574122831,0.0491542161649471));
#8498=CARTESIAN_POINT('',(-0.0278185769809966,-0.0428192448525265,0.0491542161649471));
#8499=CARTESIAN_POINT('',(-0.0280625236514584,-0.0436275890507012,0.0500043043954583));
#8500=CARTESIAN_POINT('',(-0.026140112822558,-0.0436275890507012,0.0505559715096917));
#8501=CARTESIAN_POINT('',(-0.0279810083021149,-0.0436275890507012,0.0497202454289976));
#8502=CARTESIAN_POINT('',(-0.0260585974732145,-0.0436275890507012,0.0502719125432309));
#8503=CARTESIAN_POINT('',(-0.0279199716863687,-0.0435663837776315,0.0495075493156305));
#8504=CARTESIAN_POINT('',(-0.0259975608574683,-0.0435663837776315,0.0500592164298639));
#8505=CARTESIAN_POINT('',(-0.0278794138042198,-0.0434439732314921,0.0493662160553571));
#8506=CARTESIAN_POINT('',(-0.0259570029753195,-0.0434439732314921,0.0499178831695905));
#8507=CARTESIAN_POINT('',(-0.0280625236514584,-0.0436275890507012,0.0500043043954583));
#8508=CARTESIAN_POINT('',(-0.0280625236514584,-0.0436275890507012,0.0500043043954583));
#8509=CARTESIAN_POINT('',(-0.0280625236514584,-0.0436275890507012,0.0500043043954583));
#8510=CARTESIAN_POINT('',(-0.0279402506274431,-0.0436275890507012,0.0495782159457672));
#8511=CARTESIAN_POINT('',(-0.0278794138042198,-0.0434439732314921,0.0493662160553571));
#8512=CARTESIAN_POINT('',(-0.0286906713434581,-0.0436275890507012,0.0521932293723027));
#8513=CARTESIAN_POINT('',(-0.0293188190354578,-0.0436275890507012,0.0543821543491471));
#8514=CARTESIAN_POINT('',(-0.0293188190354578,-0.0436275890507012,0.0543821543491471));
#8515=CARTESIAN_POINT('',(-0.0286906713434581,-0.0436275890507012,0.0521932293723027));
#8516=CARTESIAN_POINT('',(-0.0293188190354578,-0.0429420175600449,0.0543821543491471));
#8517=CARTESIAN_POINT('',(-0.0293188190354578,-0.0422564460693887,0.0543821543491471));
#8518=CARTESIAN_POINT('',(-0.0293188190354578,-0.0422564460693887,0.0543821543491471));
#8519=CARTESIAN_POINT('',(-0.0293188190354578,-0.0429420175600449,0.0543821543491471));
#8520=CARTESIAN_POINT('',(-0.0294527799220628,-0.0422564460693887,0.0548489718418233));
#8521=CARTESIAN_POINT('',(-0.0295867408086677,-0.0422564460693887,0.0553157893344996));
#8522=CARTESIAN_POINT('',(-0.0295867408086677,-0.0422564460693887,0.0553157893344996));
#8523=CARTESIAN_POINT('',(-0.0294527799220628,-0.0422564460693887,0.0548489718418233));
#8524=CARTESIAN_POINT('',(-0.0295867408086677,-0.0429420175600449,0.0553157893344996));
#8525=CARTESIAN_POINT('',(-0.0295867408086677,-0.0429420175600449,0.0553157893344996));
#8526=CARTESIAN_POINT('',(-0.0300125032728911,-0.0425,0.0567994564784072));
#8527=CARTESIAN_POINT('',(-0.0301243824877934,-0.0486992970037651,0.0571893253118178));
#8528=CARTESIAN_POINT('',(-0.0282019716588931,-0.0486992970037651,0.0577409924260512));
#8529=CARTESIAN_POINT('',(-0.0301807239792514,-0.0486992970037651,0.0573856601856951));
#8530=CARTESIAN_POINT('',(-0.0282583131503511,-0.0486992970037651,0.0579373272999284));
#8531=CARTESIAN_POINT('',(-0.0302282745997018,-0.0486370052465581,0.0575513612494638));
#8532=CARTESIAN_POINT('',(-0.0283058637708014,-0.0486370052465581,0.0581030283636972));
#8533=CARTESIAN_POINT('',(-0.0302670343491445,-0.048512421732144,0.057686428503124));
#8534=CARTESIAN_POINT('',(-0.0283446235202442,-0.048512421732144,0.0582380956173574));
#8535=CARTESIAN_POINT('',(-0.0301243824877934,-0.0486992970037651,0.0571893253118178));
#8536=CARTESIAN_POINT('',(-0.0301243824877934,-0.0486992970037651,0.0571893253118178));
#8537=CARTESIAN_POINT('',(-0.0301243824877934,-0.0486992970037651,0.0571893253118178));
#8538=CARTESIAN_POINT('',(-0.0302088947249804,-0.0486992970037651,0.0574838276226337));
#8539=CARTESIAN_POINT('',(-0.0302670343491445,-0.048512421732144,0.057686428503124));
#8540=CARTESIAN_POINT('',(-0.0302670343491445,-0.048512421732144,0.057686428503124));
#8541=CARTESIAN_POINT('',(-0.0302670343491445,-0.048512421732144,0.057686428503124));
#8542=CARTESIAN_POINT('',(-0.0299841281367172,-0.048512421732144,0.0567005767959956));
#8543=CARTESIAN_POINT('',(-0.0280617173078167,-0.048512421732144,0.057252243910229));
#8544=CARTESIAN_POINT('',(-0.0300216891310225,-0.0486370052465581,0.0568314667119138));
#8545=CARTESIAN_POINT('',(-0.0280992783021221,-0.0486370052465581,0.0573831338261472));
#8546=CARTESIAN_POINT('',(-0.0300684405813812,-0.0486992970037651,0.0569943828838545));
#8547=CARTESIAN_POINT('',(-0.0281460297524808,-0.0486992970037651,0.0575460499980879));
#8548=CARTESIAN_POINT('',(-0.0301243824877934,-0.0486992970037651,0.0571893253118178));
#8549=CARTESIAN_POINT('',(-0.028201971658893,-0.0486992970037651,0.0577409924260512));
#8550=CARTESIAN_POINT('',(-0.0299841281367172,-0.048512421732144,0.0567005767959956));
#8551=CARTESIAN_POINT('',(-0.0299841281367172,-0.048512421732144,0.0567005767959956));
#8552=CARTESIAN_POINT('',(-0.0299841281367172,-0.048512421732144,0.0567005767959956));
#8553=CARTESIAN_POINT('',(-0.0300404696281752,-0.0486992970037651,0.0568969116698729));
#8554=CARTESIAN_POINT('',(-0.0301243824877934,-0.0486992970037651,0.0571893253118178));
#8555=CARTESIAN_POINT('',(-0.0299277866452591,-0.0479594013062423,0.0565042419221184));
#8556=CARTESIAN_POINT('',(-0.0280053758163588,-0.0479594013062423,0.0570559090363518));
#8557=CARTESIAN_POINT('',(-0.0299277866452591,-0.0482034980757628,0.0565042419221184));
#8558=CARTESIAN_POINT('',(-0.0280053758163588,-0.0482034980757628,0.0570559090363518));
#8559=CARTESIAN_POINT('',(-0.0299465671424118,-0.04838783821773,0.0565696868800775));
#8560=CARTESIAN_POINT('',(-0.0280241563135114,-0.04838783821773,0.0571213539943108));
#8561=CARTESIAN_POINT('',(-0.0299841281367172,-0.048512421732144,0.0567005767959956));
#8562=CARTESIAN_POINT('',(-0.0280617173078168,-0.048512421732144,0.057252243910229));
#8563=CARTESIAN_POINT('',(-0.0299277866452591,-0.0479594013062423,0.0565042419221184));
#8564=CARTESIAN_POINT('',(-0.0299277866452591,-0.0479594013062423,0.0565042419221184));
#8565=CARTESIAN_POINT('',(-0.0299277866452591,-0.0479594013062423,0.0565042419221184));
#8566=CARTESIAN_POINT('',(-0.0299277866452591,-0.048325546460523,0.0565042419221184));
#8567=CARTESIAN_POINT('',(-0.0299841281367172,-0.048512421732144,0.0567005767959956));
#8568=CARTESIAN_POINT('',(-0.0299841281367172,-0.0474031214279285,0.0567005767959956));
#8569=CARTESIAN_POINT('',(-0.0280617173078167,-0.0474031214279285,0.057252243910229));
#8570=CARTESIAN_POINT('',(-0.0299465671424118,-0.0475298779106172,0.0565696868800775));
#8571=CARTESIAN_POINT('',(-0.0280241563135114,-0.0475298779106172,0.0571213539943108));
#8572=CARTESIAN_POINT('',(-0.0299277866452591,-0.0477153045367218,0.0565042419221184));
#8573=CARTESIAN_POINT('',(-0.0280053758163587,-0.0477153045367218,0.0570559090363518));
#8574=CARTESIAN_POINT('',(-0.0299277866452591,-0.0479594013062423,0.0565042419221184));
#8575=CARTESIAN_POINT('',(-0.0280053758163587,-0.0479594013062423,0.0570559090363518));
#8576=CARTESIAN_POINT('',(-0.0299841281367172,-0.0474031214279285,0.0567005767959956));
#8577=CARTESIAN_POINT('',(-0.0299841281367172,-0.0474031214279285,0.0567005767959956));
#8578=CARTESIAN_POINT('',(-0.0299841281367172,-0.0474031214279285,0.0567005767959956));
#8579=CARTESIAN_POINT('',(-0.0299277866452591,-0.0475932561519615,0.0565042419221184));
#8580=CARTESIAN_POINT('',(-0.0299277866452591,-0.0479594013062423,0.0565042419221184));
#8581=CARTESIAN_POINT('',(-0.0301246821765778,-0.0472129867038955,0.0571903696462533));
#8582=CARTESIAN_POINT('',(-0.0282022713476774,-0.0472129867038955,0.0577420367604867));
#8583=CARTESIAN_POINT('',(-0.0300685404776427,-0.0472129867038955,0.056994730995333));
#8584=CARTESIAN_POINT('',(-0.0281461296487423,-0.0472129867038955,0.0575463981095664));
#8585=CARTESIAN_POINT('',(-0.0300216891310225,-0.0472763649452398,0.0568314667119138));
#8586=CARTESIAN_POINT('',(-0.0280992783021221,-0.0472763649452398,0.0573831338261472));
#8587=CARTESIAN_POINT('',(-0.0299841281367172,-0.0474031214279285,0.0567005767959956));
#8588=CARTESIAN_POINT('',(-0.0280617173078168,-0.0474031214279285,0.057252243910229));
#8589=CARTESIAN_POINT('',(-0.0301246821765778,-0.0472129867038955,0.0571903696462533));
#8590=CARTESIAN_POINT('',(-0.0301246821765778,-0.0472129867038955,0.0571903696462533));
#8591=CARTESIAN_POINT('',(-0.0301246821765778,-0.0472129867038955,0.0571903696462533));
#8592=CARTESIAN_POINT('',(-0.0300404696281752,-0.0472129867038955,0.0568969116698729));
#8593=CARTESIAN_POINT('',(-0.0299841281367172,-0.0474031214279285,0.0567005767959956));
#8594=CARTESIAN_POINT('',(-0.0302670343491445,-0.0474031214279285,0.057686428503124));
#8595=CARTESIAN_POINT('',(-0.0283446235202441,-0.0474031214279285,0.0582380956173574));
#8596=CARTESIAN_POINT('',(-0.0302282745997018,-0.0472763649452398,0.0575513612494638));
#8597=CARTESIAN_POINT('',(-0.0283058637708014,-0.0472763649452398,0.0581030283636972));
#8598=CARTESIAN_POINT('',(-0.0301808238755129,-0.0472129867038955,0.0573860082971736));
#8599=CARTESIAN_POINT('',(-0.0282584130466125,-0.0472129867038955,0.0579376754114069));
#8600=CARTESIAN_POINT('',(-0.0301246821765778,-0.0472129867038955,0.0571903696462533));
#8601=CARTESIAN_POINT('',(-0.0282022713476774,-0.0472129867038955,0.0577420367604867));
#8602=CARTESIAN_POINT('',(-0.0302670343491445,-0.0474031214279285,0.057686428503124));
#8603=CARTESIAN_POINT('',(-0.0302670343491445,-0.0474031214279285,0.057686428503124));
#8604=CARTESIAN_POINT('',(-0.0302670343491445,-0.0474031214279285,0.057686428503124));
#8605=CARTESIAN_POINT('',(-0.0302088947249804,-0.0472129867038955,0.0574838276226337));
#8606=CARTESIAN_POINT('',(-0.0301246821765778,-0.0472129867038955,0.0571903696462533));
#8607=CARTESIAN_POINT('',(-0.0303251739733086,-0.0479594013062423,0.0578890293836144));
#8608=CARTESIAN_POINT('',(-0.0284027631444082,-0.0479594013062423,0.0584406964978478));
#8609=CARTESIAN_POINT('',(-0.0303251739733086,-0.0477153045367218,0.0578890293836144));
#8610=CARTESIAN_POINT('',(-0.0284027631444082,-0.0477153045367218,0.0584406964978478));
#8611=CARTESIAN_POINT('',(-0.0303057940985872,-0.0475298779106172,0.0578214957567843));
#8612=CARTESIAN_POINT('',(-0.0283833832696869,-0.0475298779106172,0.0583731628710176));
#8613=CARTESIAN_POINT('',(-0.0302670343491445,-0.0474031214279285,0.057686428503124));
#8614=CARTESIAN_POINT('',(-0.0283446235202441,-0.0474031214279285,0.0582380956173574));
#8615=CARTESIAN_POINT('',(-0.0303251739733086,-0.0479594013062423,0.0578890293836144));
#8616=CARTESIAN_POINT('',(-0.0303251739733086,-0.0479594013062423,0.0578890293836144));
#8617=CARTESIAN_POINT('',(-0.0303251739733086,-0.0479594013062423,0.0578890293836144));
#8618=CARTESIAN_POINT('',(-0.0303251739733086,-0.0475932561519615,0.0578890293836144));
#8619=CARTESIAN_POINT('',(-0.0302670343491445,-0.0474031214279285,0.057686428503124));
#8620=CARTESIAN_POINT('',(-0.0302670343491445,-0.048512421732144,0.057686428503124));
#8621=CARTESIAN_POINT('',(-0.0283446235202441,-0.048512421732144,0.0582380956173574));
#8622=CARTESIAN_POINT('',(-0.0303057940985872,-0.04838783821773,0.0578214957567843));
#8623=CARTESIAN_POINT('',(-0.0283833832696869,-0.04838783821773,0.0583731628710176));
#8624=CARTESIAN_POINT('',(-0.0303251739733086,-0.0482034980757628,0.0578890293836144));
#8625=CARTESIAN_POINT('',(-0.0284027631444082,-0.0482034980757628,0.0584406964978478));
#8626=CARTESIAN_POINT('',(-0.0303251739733086,-0.0479594013062423,0.0578890293836144));
#8627=CARTESIAN_POINT('',(-0.0284027631444082,-0.0479594013062423,0.0584406964978478));
#8628=CARTESIAN_POINT('',(-0.0302670343491445,-0.048512421732144,0.057686428503124));
#8629=CARTESIAN_POINT('',(-0.0303251739733086,-0.048325546460523,0.0578890293836144));
#8630=CARTESIAN_POINT('',(-0.0303251739733086,-0.0479594013062423,0.0578890293836144));
#8631=CARTESIAN_POINT('',(-0.0300125032728911,-0.0425,0.0567994564784072));
#8632=CARTESIAN_POINT('',(-0.0288273294291221,-0.0674009484596538,0.0526694458748986));
#8633=CARTESIAN_POINT('',(-0.0280679180495766,-0.0682560114757338,0.0500231024152976));
#8634=CARTESIAN_POINT('',(-0.0280679180495766,-0.0682560114757338,0.0500231024152976));
#8635=CARTESIAN_POINT('',(-0.0288273294291221,-0.0674009484596538,0.0526694458748986));
#8636=CARTESIAN_POINT('',(-0.0295867408086677,-0.0665458854435738,0.0553157893344996));
#8637=CARTESIAN_POINT('',(-0.0295867408086677,-0.0665458854435738,0.0553157893344996));
#8638=CARTESIAN_POINT('',(-0.0288273294291221,-0.0691730040876416,0.0526694458748986));
#8639=CARTESIAN_POINT('',(-0.0295867408086677,-0.0700899966995495,0.0553157893344996));
#8640=CARTESIAN_POINT('',(-0.0295867408086677,-0.0700899966995495,0.0553157893344996));
#8641=CARTESIAN_POINT('',(-0.0288273294291221,-0.0691730040876416,0.0526694458748986));
#8642=CARTESIAN_POINT('',(-0.0295867408086677,-0.0707755681902057,0.0553157893344996));
#8643=CARTESIAN_POINT('',(-0.0295867408086677,-0.071461139680862,0.0553157893344996));
#8644=CARTESIAN_POINT('',(-0.0295867408086677,-0.071461139680862,0.0553157893344996));
#8645=CARTESIAN_POINT('',(-0.0295867408086677,-0.0707755681902057,0.0553157893344996));
#8646=CARTESIAN_POINT('',(-0.0285848812025822,-0.0701508398112401,0.051824579316565));
#8647=CARTESIAN_POINT('',(-0.0275830215964967,-0.0688405399416182,0.0483333692986305));
#8648=CARTESIAN_POINT('',(-0.0275830215964967,-0.0688405399416182,0.0483333692986305));
#8649=CARTESIAN_POINT('',(-0.0285848812025822,-0.0701508398112401,0.051824579316565));
#8650=CARTESIAN_POINT('',(-0.0274799286546799,-0.0689796099111966,0.0479741182528125));
#8651=CARTESIAN_POINT('',(-0.0273768357128632,-0.0691186798807751,0.0476148672069945));
#8652=CARTESIAN_POINT('',(-0.0273768357128632,-0.0691186798807751,0.0476148672069945));
#8653=CARTESIAN_POINT('',(-0.0274799286546799,-0.0689796099111966,0.0479741182528125));
#8654=CARTESIAN_POINT('',(-0.0271164061592622,-0.0697053813149341,0.0467073405825299));
#8655=CARTESIAN_POINT('',(-0.0251939953303618,-0.0697053813149341,0.0472590076967633));
#8656=CARTESIAN_POINT('',(-0.0271637569871896,-0.0694678034502376,0.0468723454233416));
#8657=CARTESIAN_POINT('',(-0.0252413461582893,-0.0694678034502376,0.047424012537575));
#8658=CARTESIAN_POINT('',(-0.02725056683839,-0.069272236305518,0.0471748542981632));
#8659=CARTESIAN_POINT('',(-0.0253281560094896,-0.069272236305518,0.0477265214123965));
#8660=CARTESIAN_POINT('',(-0.0273768357128632,-0.0691186798807751,0.0476148672069945));
#8661=CARTESIAN_POINT('',(-0.0254544248839628,-0.0691186798807751,0.0481665343212279));
#8662=CARTESIAN_POINT('',(-0.0271164061592622,-0.0697053813149341,0.0467073405825299));
#8663=CARTESIAN_POINT('',(-0.0271164061592622,-0.0697053813149341,0.0467073405825299));
#8664=CARTESIAN_POINT('',(-0.0271164061592622,-0.0697053813149341,0.0467073405825299));
#8665=CARTESIAN_POINT('',(-0.0271874324011534,-0.0693490145178894,0.0469548478437475));
#8666=CARTESIAN_POINT('',(-0.0273768357128632,-0.0691186798807751,0.0476148672069945));
#8667=CARTESIAN_POINT('',(-0.0270453799173709,-0.0707006007847299,0.0464598333213123));
#8668=CARTESIAN_POINT('',(-0.0251229690884706,-0.0707006007847299,0.0470115004355457));
#8669=CARTESIAN_POINT('',(-0.0270453799173709,-0.0702746990028959,0.0464598333213123));
#8670=CARTESIAN_POINT('',(-0.0251229690884706,-0.0702746990028959,0.0470115004355457));
#8671=CARTESIAN_POINT('',(-0.0270690553313347,-0.0699429591796306,0.0465423357417182));
#8672=CARTESIAN_POINT('',(-0.0251466445024343,-0.0699429591796306,0.0470940028559515));
#8673=CARTESIAN_POINT('',(-0.0271164061592622,-0.0697053813149341,0.0467073405825299));
#8674=CARTESIAN_POINT('',(-0.0251939953303618,-0.0697053813149341,0.0472590076967633));
#8675=CARTESIAN_POINT('',(-0.0270453799173709,-0.0707006007847299,0.0464598333213123));
#8676=CARTESIAN_POINT('',(-0.0270453799173709,-0.0707006007847299,0.0464598333213123));
#8677=CARTESIAN_POINT('',(-0.0270453799173709,-0.0707006007847299,0.0464598333213123));
#8678=CARTESIAN_POINT('',(-0.0270453799173709,-0.0700617481119789,0.0464598333213123));
#8679=CARTESIAN_POINT('',(-0.0271164061592622,-0.0697053813149341,0.0467073405825299));
#8680=CARTESIAN_POINT('',(-0.0270489761827831,-0.0708700923101536,0.0464723653345385));
#8681=CARTESIAN_POINT('',(-0.0270525724481954,-0.0710395838355773,0.0464848973477647));
#8682=CARTESIAN_POINT('',(-0.0270525724481954,-0.0710395838355773,0.0464848973477647));
#8683=CARTESIAN_POINT('',(-0.0270489761827831,-0.0708700923101536,0.0464723653345385));
#8684=CARTESIAN_POINT('',(-0.0269120184083348,-0.0710395838355773,0.0459951044975071));
#8685=CARTESIAN_POINT('',(-0.0267714643684741,-0.0710395838355773,0.0455053116472494));
#8686=CARTESIAN_POINT('',(-0.0267714643684741,-0.0710395838355773,0.0455053116472494));
#8687=CARTESIAN_POINT('',(-0.0269120184083348,-0.0710395838355773,0.0459951044975071));
#8688=CARTESIAN_POINT('',(-0.0267594768171001,-0.070805989746051,0.0454635382698287));
#8689=CARTESIAN_POINT('',(-0.026747489265726,-0.0705723956565247,0.045421764892408));
#8690=CARTESIAN_POINT('',(-0.026747489265726,-0.0705723956565247,0.045421764892408));
#8691=CARTESIAN_POINT('',(-0.0267594768171001,-0.070805989746051,0.0454635382698287));
#8692=CARTESIAN_POINT('',(-0.0267444923778825,-0.0704528824014183,0.0454113215480529));
#8693=CARTESIAN_POINT('',(-0.026741495490039,-0.0703333691463118,0.0454008782036977));
#8694=CARTESIAN_POINT('',(-0.026741495490039,-0.0703333691463118,0.0454008782036977));
#8695=CARTESIAN_POINT('',(-0.0267444923778825,-0.0704528824014183,0.0454113215480529));
#8696=CARTESIAN_POINT('',(-0.0272473701580236,-0.0681538819668246,0.047163714730851));
#8697=CARTESIAN_POINT('',(-0.0253249593291231,-0.0681538819668246,0.0477153818450844));
#8698=CARTESIAN_POINT('',(-0.0269101203793672,-0.0686116539500203,0.0459884903794155));
#8699=CARTESIAN_POINT('',(-0.0249877095504668,-0.0686116539500203,0.0465401574936488));
#8700=CARTESIAN_POINT('',(-0.026741495490039,-0.0693381496765161,0.0454008782036977));
#8701=CARTESIAN_POINT('',(-0.0248190846611386,-0.0693381496765161,0.0459525453179311));
#8702=CARTESIAN_POINT('',(-0.026741495490039,-0.0703333691463118,0.0454008782036977));
#8703=CARTESIAN_POINT('',(-0.0248190846611386,-0.0703333691463118,0.0459525453179311));
#8704=CARTESIAN_POINT('',(-0.0272473701580236,-0.0681538819668246,0.047163714730851));
#8705=CARTESIAN_POINT('',(-0.0272473701580236,-0.0681538819668246,0.047163714730851));
#8706=CARTESIAN_POINT('',(-0.0272473701580236,-0.0681538819668246,0.047163714730851));
#8707=CARTESIAN_POINT('',(-0.026741495490039,-0.0688405399416182,0.0454008782036977));
#8708=CARTESIAN_POINT('',(-0.026741495490039,-0.0703333691463118,0.0454008782036977));
#8709=CARTESIAN_POINT('',(-0.0284170554833456,-0.066677350024191,0.0512397520326753));
#8710=CARTESIAN_POINT('',(-0.0295867408086677,-0.0652008180815573,0.0553157893344996));
#8711=CARTESIAN_POINT('',(-0.0295867408086677,-0.0652008180815573,0.0553157893344996));
#8712=CARTESIAN_POINT('',(-0.0284170554833456,-0.066677350024191,0.0512397520326753));
#8713=CARTESIAN_POINT('',(-0.0295867408086677,-0.0658733517625656,0.0553157893344996));
#8714=CARTESIAN_POINT('',(-0.0295867408086677,-0.0658733517625656,0.0553157893344996));
#8715=CARTESIAN_POINT('',(-0.0300125032728911,-0.0425,0.0567994564784072));
#8716=CARTESIAN_POINT('',(-0.0277418566522027,-0.0641208528490497,0.0488868665494547));
#8717=CARTESIAN_POINT('',(-0.0258194458233024,-0.0641208528490497,0.0494385336636881));
#8718=CARTESIAN_POINT('',(-0.027801794409073,-0.0641208528490497,0.0490957334365582));
#8719=CARTESIAN_POINT('',(-0.0258793835801726,-0.0641208528490497,0.0496474005507915));
#8720=CARTESIAN_POINT('',(-0.0278517425397981,-0.064056388123568,0.0492697891758111));
#8721=CARTESIAN_POINT('',(-0.0259293317108977,-0.064056388123568,0.0498214562900444));
#8722=CARTESIAN_POINT('',(-0.0278917010443783,-0.0639274586726047,0.0494090337672134));
#8723=CARTESIAN_POINT('',(-0.0259692902154779,-0.0639274586726047,0.0499607008814468));
#8724=CARTESIAN_POINT('',(-0.0277418566522027,-0.0641208528490497,0.0488868665494547));
#8725=CARTESIAN_POINT('',(-0.0277418566522027,-0.0641208528490497,0.0488868665494547));
#8726=CARTESIAN_POINT('',(-0.0277418566522027,-0.0641208528490497,0.0488868665494547));
#8727=CARTESIAN_POINT('',(-0.0278317632875081,-0.0641208528490497,0.0492001668801099));
#8728=CARTESIAN_POINT('',(-0.0278917010443783,-0.0639274586726047,0.0494090337672134));
#8729=CARTESIAN_POINT('',(-0.0278917010443783,-0.0639274586726047,0.0494090337672134));
#8730=CARTESIAN_POINT('',(-0.0278917010443783,-0.0639274586726047,0.0494090337672134));
#8731=CARTESIAN_POINT('',(-0.0275977063469299,-0.0639274586726047,0.0483845416859708));
#8732=CARTESIAN_POINT('',(-0.0256752955180296,-0.0639274586726047,0.0489362088002042));
#8733=CARTESIAN_POINT('',(-0.0276362663038497,-0.064056388123568,0.0485189127166741));
#8734=CARTESIAN_POINT('',(-0.0257138554749494,-0.064056388123568,0.0490705798309074));
#8735=CARTESIAN_POINT('',(-0.0276843164056074,-0.0641208528490497,0.0486863543378354));
#8736=CARTESIAN_POINT('',(-0.025761905576707,-0.0641208528490497,0.0492380214520687));
#8737=CARTESIAN_POINT('',(-0.0277418566522027,-0.0641208528490497,0.0488868665494547));
#8738=CARTESIAN_POINT('',(-0.0258194458233024,-0.0641208528490497,0.0494385336636881));
#8739=CARTESIAN_POINT('',(-0.0275977063469299,-0.0639274586726047,0.0483845416859708));
#8740=CARTESIAN_POINT('',(-0.0275977063469299,-0.0639274586726047,0.0483845416859708));
#8741=CARTESIAN_POINT('',(-0.0275977063469299,-0.0639274586726047,0.0483845416859708));
#8742=CARTESIAN_POINT('',(-0.0276555462823096,-0.0641208528490497,0.0485860982320257));
#8743=CARTESIAN_POINT('',(-0.0277418566522027,-0.0641208528490497,0.0488868665494547));
#8744=CARTESIAN_POINT('',(-0.0275398664115502,-0.0633472761432696,0.048182985139916));
#8745=CARTESIAN_POINT('',(-0.0256174555826498,-0.0633472761432696,0.0487346522541494));
#8746=CARTESIAN_POINT('',(-0.0275398664115502,-0.0636051350451963,0.048182985139916));
#8747=CARTESIAN_POINT('',(-0.0256174555826498,-0.0636051350451963,0.0487346522541494));
#8748=CARTESIAN_POINT('',(-0.0275591463900101,-0.0637985292216414,0.0482501706552676));
#8749=CARTESIAN_POINT('',(-0.0256367355611097,-0.0637985292216414,0.048801837769501));
#8750=CARTESIAN_POINT('',(-0.0275977063469299,-0.0639274586726047,0.0483845416859708));
#8751=CARTESIAN_POINT('',(-0.0256752955180296,-0.0639274586726047,0.0489362088002042));
#8752=CARTESIAN_POINT('',(-0.0275398664115502,-0.0633472761432696,0.048182985139916));
#8753=CARTESIAN_POINT('',(-0.0275398664115502,-0.0633472761432696,0.048182985139916));
#8754=CARTESIAN_POINT('',(-0.0275398664115502,-0.0633472761432696,0.048182985139916));
#8755=CARTESIAN_POINT('',(-0.0275398664115502,-0.0637340644961597,0.048182985139916));
#8756=CARTESIAN_POINT('',(-0.0275977063469299,-0.0639274586726047,0.0483845416859708));
#8757=CARTESIAN_POINT('',(-0.0275977063469299,-0.0627594882249732,0.0483845416859708));
#8758=CARTESIAN_POINT('',(-0.0256752955180295,-0.0627594882249732,0.0489362088002042));
#8759=CARTESIAN_POINT('',(-0.0275591463900101,-0.0628934879352441,0.0482501706552676));
#8760=CARTESIAN_POINT('',(-0.0256367355611097,-0.0628934879352441,0.048801837769501));
#8761=CARTESIAN_POINT('',(-0.0275398664115502,-0.0630894172413429,0.048182985139916));
#8762=CARTESIAN_POINT('',(-0.0256174555826498,-0.0630894172413429,0.0487346522541494));
#8763=CARTESIAN_POINT('',(-0.0275398664115502,-0.0633472761432696,0.048182985139916));
#8764=CARTESIAN_POINT('',(-0.0256174555826498,-0.0633472761432696,0.0487346522541494));
#8765=CARTESIAN_POINT('',(-0.0275977063469299,-0.0627594882249732,0.0483845416859708));
#8766=CARTESIAN_POINT('',(-0.0275977063469299,-0.0627594882249732,0.0483845416859708));
#8767=CARTESIAN_POINT('',(-0.0275977063469299,-0.0627594882249732,0.0483845416859708));
#8768=CARTESIAN_POINT('',(-0.0275398664115502,-0.0629604877903796,0.048182985139916));
#8769=CARTESIAN_POINT('',(-0.0275398664115502,-0.0633472761432696,0.048182985139916));
#8770=CARTESIAN_POINT('',(-0.0277418566522027,-0.0625584886595669,0.0488868665494547));
#8771=CARTESIAN_POINT('',(-0.0258194458233024,-0.0625584886595669,0.0494385336636881));
#8772=CARTESIAN_POINT('',(-0.0276843164056074,-0.0625584886595669,0.0486863543378354));
#8773=CARTESIAN_POINT('',(-0.025761905576707,-0.0625584886595669,0.0492380214520687));
#8774=CARTESIAN_POINT('',(-0.0276362663038497,-0.0626254885147023,0.0485189127166741));
#8775=CARTESIAN_POINT('',(-0.0257138554749494,-0.0626254885147023,0.0490705798309074));
#8776=CARTESIAN_POINT('',(-0.0275977063469299,-0.0627594882249732,0.0483845416859708));
#8777=CARTESIAN_POINT('',(-0.0256752955180295,-0.0627594882249732,0.0489362088002042));
#8778=CARTESIAN_POINT('',(-0.0277418566522027,-0.0625584886595669,0.0488868665494547));
#8779=CARTESIAN_POINT('',(-0.0277418566522027,-0.0625584886595669,0.0488868665494547));
#8780=CARTESIAN_POINT('',(-0.0277418566522027,-0.0625584886595669,0.0488868665494547));
#8781=CARTESIAN_POINT('',(-0.0276555462823096,-0.0625584886595669,0.0485860982320257));
#8782=CARTESIAN_POINT('',(-0.0275977063469299,-0.0627594882249732,0.0483845416859708));
#8783=CARTESIAN_POINT('',(-0.0278917010443783,-0.0627594882249732,0.0494090337672134));
#8784=CARTESIAN_POINT('',(-0.0259692902154779,-0.0627594882249732,0.0499607008814468));
#8785=CARTESIAN_POINT('',(-0.0278517425397981,-0.0626254885147023,0.0492697891758111));
#8786=CARTESIAN_POINT('',(-0.0259293317108978,-0.0626254885147023,0.0498214562900444));
#8787=CARTESIAN_POINT('',(-0.027801794409073,-0.0625584886595669,0.0490957334365582));
#8788=CARTESIAN_POINT('',(-0.0258793835801726,-0.0625584886595669,0.0496474005507915));
#8789=CARTESIAN_POINT('',(-0.0277418566522027,-0.0625584886595669,0.0488868665494547));
#8790=CARTESIAN_POINT('',(-0.0258194458233024,-0.0625584886595669,0.0494385336636881));
#8791=CARTESIAN_POINT('',(-0.0278917010443783,-0.0627594882249732,0.0494090337672134));
#8792=CARTESIAN_POINT('',(-0.0278917010443783,-0.0627594882249732,0.0494090337672134));
#8793=CARTESIAN_POINT('',(-0.0278917010443783,-0.0627594882249732,0.0494090337672134));
#8794=CARTESIAN_POINT('',(-0.0278317632875081,-0.0625584886595669,0.0492001668801099));
#8795=CARTESIAN_POINT('',(-0.0277418566522027,-0.0625584886595669,0.0488868665494547));
#8796=CARTESIAN_POINT('',(-0.0279516388012485,-0.0633472761432696,0.0496179006543168));
#8797=CARTESIAN_POINT('',(-0.0260292279723481,-0.0633472761432696,0.0501695677685502));
#8798=CARTESIAN_POINT('',(-0.0279516388012484,-0.0630894172413429,0.0496179006543168));
#8799=CARTESIAN_POINT('',(-0.0260292279723481,-0.0630894172413429,0.0501695677685502));
#8800=CARTESIAN_POINT('',(-0.0279316595489584,-0.0628934879352441,0.0495482783586157));
#8801=CARTESIAN_POINT('',(-0.026009248720058,-0.0628934879352441,0.050099945472849));
#8802=CARTESIAN_POINT('',(-0.0278917010443783,-0.0627594882249732,0.0494090337672134));
#8803=CARTESIAN_POINT('',(-0.0259692902154779,-0.0627594882249732,0.0499607008814468));
#8804=CARTESIAN_POINT('',(-0.0279516388012485,-0.0633472761432696,0.0496179006543168));
#8805=CARTESIAN_POINT('',(-0.0279516388012485,-0.0633472761432696,0.0496179006543168));
#8806=CARTESIAN_POINT('',(-0.0279516388012485,-0.0633472761432696,0.0496179006543168));
#8807=CARTESIAN_POINT('',(-0.0279516388012485,-0.0629604877903796,0.0496179006543168));
#8808=CARTESIAN_POINT('',(-0.0278917010443783,-0.0627594882249732,0.0494090337672134));
#8809=CARTESIAN_POINT('',(-0.0278917010443783,-0.0639274586726047,0.0494090337672134));
#8810=CARTESIAN_POINT('',(-0.0259692902154779,-0.0639274586726047,0.0499607008814468));
#8811=CARTESIAN_POINT('',(-0.0279316595489584,-0.0637985292216414,0.0495482783586157));
#8812=CARTESIAN_POINT('',(-0.0260092487200581,-0.0637985292216414,0.050099945472849));
#8813=CARTESIAN_POINT('',(-0.0279516388012484,-0.0636051350451963,0.0496179006543168));
#8814=CARTESIAN_POINT('',(-0.0260292279723481,-0.0636051350451963,0.0501695677685502));
#8815=CARTESIAN_POINT('',(-0.0279516388012485,-0.0633472761432696,0.0496179006543168));
#8816=CARTESIAN_POINT('',(-0.0260292279723481,-0.0633472761432696,0.0501695677685502));
#8817=CARTESIAN_POINT('',(-0.0278917010443783,-0.0639274586726047,0.0494090337672134));
#8818=CARTESIAN_POINT('',(-0.0279516388012485,-0.0637340644961597,0.0496179006543168));
#8819=CARTESIAN_POINT('',(-0.0279516388012485,-0.0633472761432696,0.0496179006543168));
#8820=CARTESIAN_POINT('',(-0.0300125032728911,-0.0425,0.0567994564784072));
#8821=CARTESIAN_POINT('',(-0.0293955393642517,-0.0641143339442257,0.0546495039646395));
#8822=CARTESIAN_POINT('',(-0.0274731285353513,-0.0641143339442257,0.0552011710788729));
#8823=CARTESIAN_POINT('',(-0.0294554771211219,-0.0641143339442257,0.054858370851743));
#8824=CARTESIAN_POINT('',(-0.0275330662922216,-0.0641143339442257,0.0554100379659763));
#8825=CARTESIAN_POINT('',(-0.0295054252518471,-0.064049869218744,0.0550324265909959));
#8826=CARTESIAN_POINT('',(-0.0275830144229467,-0.064049869218744,0.0555840937052292));
#8827=CARTESIAN_POINT('',(-0.0295453837564272,-0.0639209397677807,0.0551716711823982));
#8828=CARTESIAN_POINT('',(-0.0276229729275269,-0.0639209397677807,0.0557233382966316));
#8829=CARTESIAN_POINT('',(-0.0293955393642517,-0.0641143339442257,0.0546495039646395));
#8830=CARTESIAN_POINT('',(-0.0293955393642517,-0.0641143339442257,0.0546495039646395));
#8831=CARTESIAN_POINT('',(-0.0293955393642517,-0.0641143339442257,0.0546495039646395));
#8832=CARTESIAN_POINT('',(-0.029485445999557,-0.0641143339442257,0.0549628042952947));
#8833=CARTESIAN_POINT('',(-0.0295453837564272,-0.0639209397677807,0.0551716711823982));
#8834=CARTESIAN_POINT('',(-0.0295453837564272,-0.0639209397677807,0.0551716711823982));
#8835=CARTESIAN_POINT('',(-0.0295453837564272,-0.0639209397677807,0.0551716711823982));
#8836=CARTESIAN_POINT('',(-0.0292513890589788,-0.0639209397677807,0.0541471791011557));
#8837=CARTESIAN_POINT('',(-0.0273289782300785,-0.0639209397677807,0.0546988462153891));
#8838=CARTESIAN_POINT('',(-0.0292899490158987,-0.064049869218744,0.0542815501318589));
#8839=CARTESIAN_POINT('',(-0.0273675381869983,-0.064049869218744,0.0548332172460923));
#8840=CARTESIAN_POINT('',(-0.0293379991176563,-0.0641143339442257,0.0544489917530202));
#8841=CARTESIAN_POINT('',(-0.027415588288756,-0.0641143339442257,0.0550006588672535));
#8842=CARTESIAN_POINT('',(-0.0293955393642517,-0.0641143339442257,0.0546495039646395));
#8843=CARTESIAN_POINT('',(-0.0274731285353514,-0.0641143339442257,0.0552011710788729));
#8844=CARTESIAN_POINT('',(-0.0292513890589788,-0.0639209397677807,0.0541471791011557));
#8845=CARTESIAN_POINT('',(-0.0292513890589788,-0.0639209397677807,0.0541471791011557));
#8846=CARTESIAN_POINT('',(-0.0292513890589788,-0.0639209397677807,0.0541471791011557));
#8847=CARTESIAN_POINT('',(-0.0293092289943586,-0.0641143339442257,0.0543487356472105));
#8848=CARTESIAN_POINT('',(-0.0293955393642517,-0.0641143339442257,0.0546495039646395));
#8849=CARTESIAN_POINT('',(-0.0291935491235991,-0.0633407572384456,0.0539456225551008));
#8850=CARTESIAN_POINT('',(-0.0272711382946987,-0.0633407572384456,0.0544972896693342));
#8851=CARTESIAN_POINT('',(-0.0291935491235991,-0.0635986161403723,0.0539456225551008));
#8852=CARTESIAN_POINT('',(-0.0272711382946987,-0.0635986161403723,0.0544972896693342));
#8853=CARTESIAN_POINT('',(-0.029212829102059,-0.0637920103168174,0.0540128080704524));
#8854=CARTESIAN_POINT('',(-0.0272904182731587,-0.0637920103168174,0.0545644751846858));
#8855=CARTESIAN_POINT('',(-0.0292513890589788,-0.0639209397677807,0.0541471791011557));
#8856=CARTESIAN_POINT('',(-0.0273289782300785,-0.0639209397677807,0.0546988462153891));
#8857=CARTESIAN_POINT('',(-0.0291935491235991,-0.0633407572384456,0.0539456225551008));
#8858=CARTESIAN_POINT('',(-0.0291935491235991,-0.0633407572384456,0.0539456225551008));
#8859=CARTESIAN_POINT('',(-0.0291935491235991,-0.0633407572384456,0.0539456225551008));
#8860=CARTESIAN_POINT('',(-0.0291935491235991,-0.0637275455913357,0.0539456225551008));
#8861=CARTESIAN_POINT('',(-0.0292513890589788,-0.0639209397677807,0.0541471791011557));
#8862=CARTESIAN_POINT('',(-0.0292513890589788,-0.0627529693201493,0.0541471791011557));
#8863=CARTESIAN_POINT('',(-0.0273289782300785,-0.0627529693201493,0.0546988462153891));
#8864=CARTESIAN_POINT('',(-0.029212829102059,-0.0628869690304202,0.0540128080704524));
#8865=CARTESIAN_POINT('',(-0.0272904182731587,-0.0628869690304202,0.0545644751846858));
#8866=CARTESIAN_POINT('',(-0.0291935491235991,-0.0630828983365189,0.0539456225551008));
#8867=CARTESIAN_POINT('',(-0.0272711382946988,-0.0630828983365189,0.0544972896693342));
#8868=CARTESIAN_POINT('',(-0.0291935491235991,-0.0633407572384456,0.0539456225551008));
#8869=CARTESIAN_POINT('',(-0.0272711382946988,-0.0633407572384456,0.0544972896693342));
#8870=CARTESIAN_POINT('',(-0.0292513890589788,-0.0627529693201493,0.0541471791011557));
#8871=CARTESIAN_POINT('',(-0.0292513890589788,-0.0627529693201493,0.0541471791011557));
#8872=CARTESIAN_POINT('',(-0.0292513890589788,-0.0627529693201493,0.0541471791011557));
#8873=CARTESIAN_POINT('',(-0.0291935491235991,-0.0629539688855556,0.0539456225551008));
#8874=CARTESIAN_POINT('',(-0.0291935491235991,-0.0633407572384456,0.0539456225551008));
#8875=CARTESIAN_POINT('',(-0.0293955393642517,-0.0625519697547429,0.0546495039646395));
#8876=CARTESIAN_POINT('',(-0.0274731285353513,-0.0625519697547429,0.0552011710788729));
#8877=CARTESIAN_POINT('',(-0.0293379991176563,-0.0625519697547429,0.0544489917530202));
#8878=CARTESIAN_POINT('',(-0.0274155882887559,-0.0625519697547429,0.0550006588672535));
#8879=CARTESIAN_POINT('',(-0.0292899490158987,-0.0626189696098784,0.0542815501318589));
#8880=CARTESIAN_POINT('',(-0.0273675381869983,-0.0626189696098784,0.0548332172460923));
#8881=CARTESIAN_POINT('',(-0.0292513890589788,-0.0627529693201493,0.0541471791011557));
#8882=CARTESIAN_POINT('',(-0.0273289782300785,-0.0627529693201493,0.0546988462153891));
#8883=CARTESIAN_POINT('',(-0.0293955393642517,-0.0625519697547429,0.0546495039646395));
#8884=CARTESIAN_POINT('',(-0.0293955393642517,-0.0625519697547429,0.0546495039646395));
#8885=CARTESIAN_POINT('',(-0.0293955393642517,-0.0625519697547429,0.0546495039646395));
#8886=CARTESIAN_POINT('',(-0.0293092289943586,-0.0625519697547429,0.0543487356472105));
#8887=CARTESIAN_POINT('',(-0.0292513890589788,-0.0627529693201493,0.0541471791011557));
#8888=CARTESIAN_POINT('',(-0.0295453837564272,-0.0627529693201493,0.0551716711823982));
#8889=CARTESIAN_POINT('',(-0.0276229729275268,-0.0627529693201493,0.0557233382966316));
#8890=CARTESIAN_POINT('',(-0.0295054252518471,-0.0626189696098784,0.0550324265909959));
#8891=CARTESIAN_POINT('',(-0.0275830144229467,-0.0626189696098784,0.0555840937052292));
#8892=CARTESIAN_POINT('',(-0.0294554771211219,-0.0625519697547429,0.054858370851743));
#8893=CARTESIAN_POINT('',(-0.0275330662922215,-0.0625519697547429,0.0554100379659763));
#8894=CARTESIAN_POINT('',(-0.0293955393642517,-0.0625519697547429,0.0546495039646395));
#8895=CARTESIAN_POINT('',(-0.0274731285353513,-0.0625519697547429,0.0552011710788729));
#8896=CARTESIAN_POINT('',(-0.0295453837564272,-0.0627529693201493,0.0551716711823982));
#8897=CARTESIAN_POINT('',(-0.0295453837564272,-0.0627529693201493,0.0551716711823982));
#8898=CARTESIAN_POINT('',(-0.0295453837564272,-0.0627529693201493,0.0551716711823982));
#8899=CARTESIAN_POINT('',(-0.029485445999557,-0.0625519697547429,0.0549628042952947));
#8900=CARTESIAN_POINT('',(-0.0293955393642517,-0.0625519697547429,0.0546495039646395));
#8901=CARTESIAN_POINT('',(-0.0296053215132975,-0.0633407572384456,0.0553805380695017));
#8902=CARTESIAN_POINT('',(-0.027682910684397,-0.0633407572384456,0.0559322051837351));
#8903=CARTESIAN_POINT('',(-0.0296053215132975,-0.0630828983365189,0.0553805380695017));
#8904=CARTESIAN_POINT('',(-0.027682910684397,-0.0630828983365189,0.0559322051837351));
#8905=CARTESIAN_POINT('',(-0.0295853422610074,-0.0628869690304202,0.0553109157738005));
#8906=CARTESIAN_POINT('',(-0.027662931432107,-0.0628869690304202,0.0558625828880339));
#8907=CARTESIAN_POINT('',(-0.0295453837564272,-0.0627529693201493,0.0551716711823982));
#8908=CARTESIAN_POINT('',(-0.0276229729275268,-0.0627529693201493,0.0557233382966316));
#8909=CARTESIAN_POINT('',(-0.0296053215132975,-0.0633407572384456,0.0553805380695017));
#8910=CARTESIAN_POINT('',(-0.0296053215132975,-0.0633407572384456,0.0553805380695017));
#8911=CARTESIAN_POINT('',(-0.0296053215132975,-0.0633407572384456,0.0553805380695017));
#8912=CARTESIAN_POINT('',(-0.0296053215132975,-0.0629539688855556,0.0553805380695017));
#8913=CARTESIAN_POINT('',(-0.0295453837564272,-0.0627529693201493,0.0551716711823982));
#8914=CARTESIAN_POINT('',(-0.0295453837564272,-0.0639209397677807,0.0551716711823982));
#8915=CARTESIAN_POINT('',(-0.0276229729275268,-0.0639209397677807,0.0557233382966316));
#8916=CARTESIAN_POINT('',(-0.0295853422610074,-0.0637920103168174,0.0553109157738005));
#8917=CARTESIAN_POINT('',(-0.027662931432107,-0.0637920103168174,0.0558625828880339));
#8918=CARTESIAN_POINT('',(-0.0296053215132975,-0.0635986161403723,0.0553805380695017));
#8919=CARTESIAN_POINT('',(-0.027682910684397,-0.0635986161403723,0.0559322051837351));
#8920=CARTESIAN_POINT('',(-0.0296053215132975,-0.0633407572384456,0.0553805380695017));
#8921=CARTESIAN_POINT('',(-0.027682910684397,-0.0633407572384456,0.0559322051837351));
#8922=CARTESIAN_POINT('',(-0.0295453837564272,-0.0639209397677807,0.0551716711823982));
#8923=CARTESIAN_POINT('',(-0.0296053215132975,-0.0637275455913357,0.0553805380695017));
#8924=CARTESIAN_POINT('',(-0.0296053215132975,-0.0633407572384456,0.0553805380695017));
#8925=CARTESIAN_POINT('',(-0.0300125032728911,-0.0425,0.0567994564784072));
#8926=CARTESIAN_POINT('',(-0.027560245248886,-0.0479691796634782,0.0482539998815311));
#8927=CARTESIAN_POINT('',(-0.027560245248886,-0.0473411918321006,0.0482539998815311));
#8928=CARTESIAN_POINT('',(-0.027560245248886,-0.0473411918321006,0.0482539998815311));
#8929=CARTESIAN_POINT('',(-0.027560245248886,-0.0479691796634782,0.0482539998815311));
#8930=CARTESIAN_POINT('',(-0.027560245248886,-0.0485971674948559,0.0482539998815311));
#8931=CARTESIAN_POINT('',(-0.027560245248886,-0.0485971674948559,0.0482539998815311));
#8932=CARTESIAN_POINT('',(-0.0285734930287768,-0.0473411918321006,0.0517848946080154));
#8933=CARTESIAN_POINT('',(-0.0295867408086677,-0.0473411918321006,0.0553157893344996));
#8934=CARTESIAN_POINT('',(-0.0295867408086677,-0.0473411918321006,0.0553157893344996));
#8935=CARTESIAN_POINT('',(-0.0285734930287768,-0.0473411918321006,0.0517848946080154));
#8936=CARTESIAN_POINT('',(-0.0295867408086677,-0.0479691796634782,0.0553157893344996));
#8937=CARTESIAN_POINT('',(-0.0295867408086677,-0.0485971674948559,0.0553157893344996));
#8938=CARTESIAN_POINT('',(-0.0295867408086677,-0.0485971674948559,0.0553157893344996));
#8939=CARTESIAN_POINT('',(-0.0295867408086677,-0.0479691796634782,0.0553157893344996));
#8940=CARTESIAN_POINT('',(-0.0285734930287768,-0.0485971674948559,0.0517848946080154));
#8941=CARTESIAN_POINT('',(-0.0285734930287768,-0.0485971674948559,0.0517848946080154));
#8942=CARTESIAN_POINT('',(-0.0300125032728911,-0.0425,0.0567994564784072));
#8943=CARTESIAN_POINT('',(-0.0277418566522027,-0.00769103972432136,0.0488868665494547));
#8944=CARTESIAN_POINT('',(-0.0258194458233024,-0.00769103972432136,0.0494385336636881));
#8945=CARTESIAN_POINT('',(-0.027801794409073,-0.00769103972432136,0.0490957334365582));
#8946=CARTESIAN_POINT('',(-0.0258793835801726,-0.00769103972432136,0.0496474005507915));
#8947=CARTESIAN_POINT('',(-0.0278517425397981,-0.00762657499883969,0.0492697891758111));
#8948=CARTESIAN_POINT('',(-0.0259293317108977,-0.00762657499883969,0.0498214562900444));
#8949=CARTESIAN_POINT('',(-0.0278917010443783,-0.00749764554787634,0.0494090337672134));
#8950=CARTESIAN_POINT('',(-0.0259692902154779,-0.00749764554787634,0.0499607008814468));
#8951=CARTESIAN_POINT('',(-0.0277418566522027,-0.00769103972432136,0.0488868665494547));
#8952=CARTESIAN_POINT('',(-0.0277418566522027,-0.00769103972432136,0.0488868665494547));
#8953=CARTESIAN_POINT('',(-0.0277418566522027,-0.00769103972432136,0.0488868665494547));
#8954=CARTESIAN_POINT('',(-0.0278317632875081,-0.00769103972432136,0.0492001668801099));
#8955=CARTESIAN_POINT('',(-0.0278917010443783,-0.00749764554787634,0.0494090337672134));
#8956=CARTESIAN_POINT('',(-0.0278917010443783,-0.00749764554787634,0.0494090337672134));
#8957=CARTESIAN_POINT('',(-0.0278917010443783,-0.00749764554787634,0.0494090337672134));
#8958=CARTESIAN_POINT('',(-0.0275977063469299,-0.00749764554787634,0.0483845416859708));
#8959=CARTESIAN_POINT('',(-0.0256752955180296,-0.00749764554787634,0.0489362088002042));
#8960=CARTESIAN_POINT('',(-0.0276362663038497,-0.00762657499883969,0.0485189127166741));
#8961=CARTESIAN_POINT('',(-0.0257138554749494,-0.00762657499883969,0.0490705798309074));
#8962=CARTESIAN_POINT('',(-0.0276843164056074,-0.00769103972432136,0.0486863543378354));
#8963=CARTESIAN_POINT('',(-0.025761905576707,-0.00769103972432136,0.0492380214520687));
#8964=CARTESIAN_POINT('',(-0.0277418566522027,-0.00769103972432136,0.0488868665494547));
#8965=CARTESIAN_POINT('',(-0.0258194458233024,-0.00769103972432136,0.0494385336636881));
#8966=CARTESIAN_POINT('',(-0.0275977063469299,-0.00749764554787634,0.0483845416859708));
#8967=CARTESIAN_POINT('',(-0.0275977063469299,-0.00749764554787634,0.0483845416859708));
#8968=CARTESIAN_POINT('',(-0.0275977063469299,-0.00749764554787634,0.0483845416859708));
#8969=CARTESIAN_POINT('',(-0.0276555462823096,-0.00769103972432136,0.0485860982320257));
#8970=CARTESIAN_POINT('',(-0.0277418566522027,-0.00769103972432136,0.0488868665494547));
#8971=CARTESIAN_POINT('',(-0.0275398664115502,-0.00691746301854126,0.048182985139916));
#8972=CARTESIAN_POINT('',(-0.0256174555826498,-0.00691746301854126,0.0487346522541494));
#8973=CARTESIAN_POINT('',(-0.0275398664115502,-0.00717532192046796,0.048182985139916));
#8974=CARTESIAN_POINT('',(-0.0256174555826498,-0.00717532192046796,0.0487346522541494));
#8975=CARTESIAN_POINT('',(-0.0275591463900101,-0.00736871609691299,0.0482501706552676));
#8976=CARTESIAN_POINT('',(-0.0256367355611097,-0.00736871609691299,0.048801837769501));
#8977=CARTESIAN_POINT('',(-0.0275977063469299,-0.00749764554787634,0.0483845416859708));
#8978=CARTESIAN_POINT('',(-0.0256752955180296,-0.00749764554787634,0.0489362088002042));
#8979=CARTESIAN_POINT('',(-0.0275398664115502,-0.00691746301854126,0.048182985139916));
#8980=CARTESIAN_POINT('',(-0.0275398664115502,-0.00691746301854126,0.048182985139916));
#8981=CARTESIAN_POINT('',(-0.0275398664115502,-0.00691746301854126,0.048182985139916));
#8982=CARTESIAN_POINT('',(-0.0275398664115502,-0.00730425137143131,0.048182985139916));
#8983=CARTESIAN_POINT('',(-0.0275977063469299,-0.00749764554787634,0.0483845416859708));
#8984=CARTESIAN_POINT('',(-0.0275977063469299,-0.00632967510024488,0.0483845416859708));
#8985=CARTESIAN_POINT('',(-0.0256752955180295,-0.00632967510024488,0.0489362088002042));
#8986=CARTESIAN_POINT('',(-0.0275591463900101,-0.00646367481051577,0.0482501706552676));
#8987=CARTESIAN_POINT('',(-0.0256367355611097,-0.00646367481051577,0.048801837769501));
#8988=CARTESIAN_POINT('',(-0.0275398664115502,-0.00665960411661457,0.048182985139916));
#8989=CARTESIAN_POINT('',(-0.0256174555826498,-0.00665960411661457,0.0487346522541494));
#8990=CARTESIAN_POINT('',(-0.0275398664115502,-0.00691746301854126,0.048182985139916));
#8991=CARTESIAN_POINT('',(-0.0256174555826498,-0.00691746301854126,0.0487346522541494));
#8992=CARTESIAN_POINT('',(-0.0275977063469299,-0.00632967510024488,0.0483845416859708));
#8993=CARTESIAN_POINT('',(-0.0275977063469299,-0.00632967510024488,0.0483845416859708));
#8994=CARTESIAN_POINT('',(-0.0275977063469299,-0.00632967510024488,0.0483845416859708));
#8995=CARTESIAN_POINT('',(-0.0275398664115502,-0.00653067466565122,0.048182985139916));
#8996=CARTESIAN_POINT('',(-0.0275398664115502,-0.00691746301854126,0.048182985139916));
#8997=CARTESIAN_POINT('',(-0.0277418566522027,-0.00612867553483852,0.0488868665494547));
#8998=CARTESIAN_POINT('',(-0.0258194458233024,-0.00612867553483852,0.0494385336636881));
#8999=CARTESIAN_POINT('',(-0.0276843164056074,-0.00612867553483852,0.0486863543378354));
#9000=CARTESIAN_POINT('',(-0.025761905576707,-0.00612867553483852,0.0492380214520687));
#9001=CARTESIAN_POINT('',(-0.0276362663038497,-0.00619567538997397,0.0485189127166741));
#9002=CARTESIAN_POINT('',(-0.0257138554749494,-0.00619567538997397,0.0490705798309074));
#9003=CARTESIAN_POINT('',(-0.0275977063469299,-0.00632967510024488,0.0483845416859708));
#9004=CARTESIAN_POINT('',(-0.0256752955180295,-0.00632967510024488,0.0489362088002042));
#9005=CARTESIAN_POINT('',(-0.0277418566522027,-0.00612867553483852,0.0488868665494547));
#9006=CARTESIAN_POINT('',(-0.0277418566522027,-0.00612867553483852,0.0488868665494547));
#9007=CARTESIAN_POINT('',(-0.0277418566522027,-0.00612867553483852,0.0488868665494547));
#9008=CARTESIAN_POINT('',(-0.0276555462823096,-0.00612867553483852,0.0485860982320257));
#9009=CARTESIAN_POINT('',(-0.0275977063469299,-0.00632967510024488,0.0483845416859708));
#9010=CARTESIAN_POINT('',(-0.0278917010443783,-0.00632967510024488,0.0494090337672134));
#9011=CARTESIAN_POINT('',(-0.0259692902154779,-0.00632967510024488,0.0499607008814468));
#9012=CARTESIAN_POINT('',(-0.0278517425397981,-0.00619567538997397,0.0492697891758111));
#9013=CARTESIAN_POINT('',(-0.0259293317108978,-0.00619567538997397,0.0498214562900444));
#9014=CARTESIAN_POINT('',(-0.027801794409073,-0.00612867553483852,0.0490957334365582));
#9015=CARTESIAN_POINT('',(-0.0258793835801726,-0.00612867553483852,0.0496474005507915));
#9016=CARTESIAN_POINT('',(-0.0277418566522027,-0.00612867553483852,0.0488868665494547));
#9017=CARTESIAN_POINT('',(-0.0258194458233024,-0.00612867553483852,0.0494385336636881));
#9018=CARTESIAN_POINT('',(-0.0278917010443783,-0.00632967510024488,0.0494090337672134));
#9019=CARTESIAN_POINT('',(-0.0278917010443783,-0.00632967510024488,0.0494090337672134));
#9020=CARTESIAN_POINT('',(-0.0278917010443783,-0.00632967510024488,0.0494090337672134));
#9021=CARTESIAN_POINT('',(-0.0278317632875081,-0.00612867553483852,0.0492001668801099));
#9022=CARTESIAN_POINT('',(-0.0277418566522027,-0.00612867553483852,0.0488868665494547));
#9023=CARTESIAN_POINT('',(-0.0279516388012485,-0.00691746301854126,0.0496179006543168));
#9024=CARTESIAN_POINT('',(-0.0260292279723481,-0.00691746301854126,0.0501695677685502));
#9025=CARTESIAN_POINT('',(-0.0279516388012484,-0.00665960411661457,0.0496179006543168));
#9026=CARTESIAN_POINT('',(-0.0260292279723481,-0.00665960411661457,0.0501695677685502));
#9027=CARTESIAN_POINT('',(-0.0279316595489584,-0.00646367481051577,0.0495482783586157));
#9028=CARTESIAN_POINT('',(-0.026009248720058,-0.00646367481051577,0.050099945472849));
#9029=CARTESIAN_POINT('',(-0.0278917010443783,-0.00632967510024488,0.0494090337672134));
#9030=CARTESIAN_POINT('',(-0.0259692902154779,-0.00632967510024488,0.0499607008814468));
#9031=CARTESIAN_POINT('',(-0.0279516388012485,-0.00691746301854126,0.0496179006543168));
#9032=CARTESIAN_POINT('',(-0.0279516388012485,-0.00691746301854126,0.0496179006543168));
#9033=CARTESIAN_POINT('',(-0.0279516388012485,-0.00691746301854126,0.0496179006543168));
#9034=CARTESIAN_POINT('',(-0.0279516388012485,-0.00653067466565122,0.0496179006543168));
#9035=CARTESIAN_POINT('',(-0.0278917010443783,-0.00632967510024488,0.0494090337672134));
#9036=CARTESIAN_POINT('',(-0.0278917010443783,-0.00749764554787634,0.0494090337672134));
#9037=CARTESIAN_POINT('',(-0.0259692902154779,-0.00749764554787634,0.0499607008814468));
#9038=CARTESIAN_POINT('',(-0.0279316595489584,-0.00736871609691299,0.0495482783586157));
#9039=CARTESIAN_POINT('',(-0.0260092487200581,-0.00736871609691299,0.050099945472849));
#9040=CARTESIAN_POINT('',(-0.0279516388012484,-0.00717532192046796,0.0496179006543168));
#9041=CARTESIAN_POINT('',(-0.0260292279723481,-0.00717532192046796,0.0501695677685502));
#9042=CARTESIAN_POINT('',(-0.0279516388012485,-0.00691746301854126,0.0496179006543168));
#9043=CARTESIAN_POINT('',(-0.0260292279723481,-0.00691746301854126,0.0501695677685502));
#9044=CARTESIAN_POINT('',(-0.0278917010443783,-0.00749764554787634,0.0494090337672134));
#9045=CARTESIAN_POINT('',(-0.0279516388012485,-0.00730425137143131,0.0496179006543168));
#9046=CARTESIAN_POINT('',(-0.0279516388012485,-0.00691746301854126,0.0496179006543168));
#9047=CARTESIAN_POINT('',(-0.0300125032728911,-0.0425,0.0567994564784072));
#9048=CARTESIAN_POINT('',(-0.0334235717876986,-0.062928830681294,0.0686861085586199));
#9049=CARTESIAN_POINT('',(-0.0315011609587982,-0.062928830681294,0.0692377756728532));
#9050=CARTESIAN_POINT('',(-0.0315011609587982,-0.0653762978184434,0.0692377756728532));
#9051=CARTESIAN_POINT('',(-0.0315011609587982,-0.0604813635441445,0.0692377756728532));
#9052=CARTESIAN_POINT('',(-0.0334235717876986,-0.0653762978184434,0.0686861085586198));
#9053=CARTESIAN_POINT('',(-0.0334235717876986,-0.0653762978184434,0.0686861085586198));
#9054=CARTESIAN_POINT('',(-0.0334235717876986,-0.062928830681294,0.0686861085586199));
#9055=CARTESIAN_POINT('',(-0.0334235717876986,-0.0604813635441445,0.0686861085586198));
#9056=CARTESIAN_POINT('',(-0.0334235717876986,-0.0604813635441445,0.0686861085586198));
#9057=CARTESIAN_POINT('',(-0.0343522072817044,-0.0641549373595686,0.0719221523316097));
#9058=CARTESIAN_POINT('',(-0.0324297964528041,-0.0641549373595686,0.0724738194458431));
#9059=CARTESIAN_POINT('',(-0.03335843194681,-0.0629335769006938,0.0757098632188329));
#9060=CARTESIAN_POINT('',(-0.0352808427757103,-0.0629335769006938,0.0751581961045995));
#9061=CARTESIAN_POINT('',(-0.0352808427757103,-0.0629335769006938,0.0751581961045995));
#9062=CARTESIAN_POINT('',(-0.0343522072817044,-0.0641549373595686,0.0719221523316097));
#9063=CARTESIAN_POINT('',(-0.0329932923717729,-0.062935158973827,0.0671867010585409));
#9064=CARTESIAN_POINT('',(-0.0329932923717729,-0.0599181455087048,0.0671867010585409));
#9065=CARTESIAN_POINT('',(-0.0329932923717729,-0.0599181455087048,0.0671867010585409));
#9066=CARTESIAN_POINT('',(-0.0329932923717729,-0.062935158973827,0.0671867010585409));
#9067=CARTESIAN_POINT('',(-0.0329932923717729,-0.0659521724389492,0.0671867010585409));
#9068=CARTESIAN_POINT('',(-0.0329932923717729,-0.0659521724389492,0.0671867010585409));
#9069=CARTESIAN_POINT('',(-0.0324748624061343,-0.0592315257688711,0.0653801127115898));
#9070=CARTESIAN_POINT('',(-0.0319564324404956,-0.0585449060290373,0.0635735243646387));
#9071=CARTESIAN_POINT('',(-0.0319564324404956,-0.0585449060290373,0.0635735243646387));
#9072=CARTESIAN_POINT('',(-0.0324748624061343,-0.0592315257688711,0.0653801127115898));
#9073=CARTESIAN_POINT('',(-0.0319564324404956,-0.0575703489789506,0.0635735243646387));
#9074=CARTESIAN_POINT('',(-0.0319564324404956,-0.056595791928864,0.0635735243646387));
#9075=CARTESIAN_POINT('',(-0.0319564324404956,-0.056595791928864,0.0635735243646387));
#9076=CARTESIAN_POINT('',(-0.0319564324404956,-0.0575703489789506,0.0635735243646387));
#9077=CARTESIAN_POINT('',(-0.0339420017533372,-0.0593501812538654,0.070492696905571));
#9078=CARTESIAN_POINT('',(-0.0359275710661787,-0.0621045705788668,0.0774118694465032));
#9079=CARTESIAN_POINT('',(-0.0359275710661787,-0.0621045705788668,0.0774118694465032));
#9080=CARTESIAN_POINT('',(-0.0339420017533372,-0.0593501812538654,0.070492696905571));
#9081=CARTESIAN_POINT('',(-0.0359275710661787,-0.062935158973827,0.0774118694465032));
#9082=CARTESIAN_POINT('',(-0.0359275710661787,-0.0637657473687872,0.0774118694465032));
#9083=CARTESIAN_POINT('',(-0.0359275710661787,-0.0637657473687872,0.0774118694465032));
#9084=CARTESIAN_POINT('',(-0.0359275710661787,-0.062935158973827,0.0774118694465032));
#9085=CARTESIAN_POINT('',(-0.0339420017533372,-0.0665138084012556,0.070492696905571));
#9086=CARTESIAN_POINT('',(-0.0319564324404956,-0.069261869433724,0.0635735243646387));
#9087=CARTESIAN_POINT('',(-0.0319564324404956,-0.069261869433724,0.0635735243646387));
#9088=CARTESIAN_POINT('',(-0.0339420017533372,-0.0665138084012556,0.070492696905571));
#9089=CARTESIAN_POINT('',(-0.0319564324404956,-0.0682841482373709,0.0635735243646387));
#9090=CARTESIAN_POINT('',(-0.0319564324404956,-0.0673064270410177,0.0635735243646387));
#9091=CARTESIAN_POINT('',(-0.0319564324404956,-0.0673064270410177,0.0635735243646387));
#9092=CARTESIAN_POINT('',(-0.0319564324404956,-0.0682841482373709,0.0635735243646387));
#9093=CARTESIAN_POINT('',(-0.0324748624061343,-0.0666292997399834,0.0653801127115898));
#9094=CARTESIAN_POINT('',(-0.0324748624061343,-0.0666292997399834,0.0653801127115898));
#9095=CARTESIAN_POINT('',(-0.0343522072817044,-0.0617074702224192,0.0719221523316097));
#9096=CARTESIAN_POINT('',(-0.0324297964528041,-0.0617074702224192,0.0724738194458431));
#9097=CARTESIAN_POINT('',(-0.0343522072817044,-0.0617074702224192,0.0719221523316097));
#9098=CARTESIAN_POINT('',(-0.0300125032728911,-0.0425,0.0567994564784072));
#9099=CARTESIAN_POINT('',(-0.0339908773056533,-0.0381709682189464,0.0706630149988862));
#9100=CARTESIAN_POINT('',(-0.0320684664767529,-0.0381709682189464,0.0712146821131196));
#9101=CARTESIAN_POINT('',(-0.0320684664767529,-0.0396296396478099,0.0712146821131196));
#9102=CARTESIAN_POINT('',(-0.0320684664767529,-0.0367122967900829,0.0712146821131196));
#9103=CARTESIAN_POINT('',(-0.0339908773056533,-0.0396296396478099,0.0706630149988862));
#9104=CARTESIAN_POINT('',(-0.0339908773056533,-0.0396296396478099,0.0706630149988862));
#9105=CARTESIAN_POINT('',(-0.0339908773056533,-0.0381709682189464,0.0706630149988862));
#9106=CARTESIAN_POINT('',(-0.0339908773056533,-0.0367122967900829,0.0706630149988862));
#9107=CARTESIAN_POINT('',(-0.0339908773056533,-0.0367122967900829,0.0706630149988862));
#9108=CARTESIAN_POINT('',(-0.0347436480890932,-0.0396296396478099,0.0732862177753935));
#9109=CARTESIAN_POINT('',(-0.0328212372601928,-0.0396296396478099,0.0738378848896268));
#9110=CARTESIAN_POINT('',(-0.0335740080436328,-0.0396296396478099,0.0764610876661341));
#9111=CARTESIAN_POINT('',(-0.0354964188725332,-0.0396296396478099,0.0759094205519007));
#9112=CARTESIAN_POINT('',(-0.0354964188725332,-0.0396296396478099,0.0759094205519007));
#9113=CARTESIAN_POINT('',(-0.0347436480890932,-0.0396296396478099,0.0732862177753935));
#9114=CARTESIAN_POINT('',(-0.0354964188725332,-0.0381757144383462,0.0759094205519007));
#9115=CARTESIAN_POINT('',(-0.0335740080436328,-0.0381757144383462,0.0764610876661341));
#9116=CARTESIAN_POINT('',(-0.0335740080436328,-0.0367217892288825,0.0764610876661341));
#9117=CARTESIAN_POINT('',(-0.0354964188725332,-0.0367217892288825,0.0759094205519007));
#9118=CARTESIAN_POINT('',(-0.0354964188725332,-0.0367217892288825,0.0759094205519007));
#9119=CARTESIAN_POINT('',(-0.0354964188725332,-0.0381757144383462,0.0759094205519007));
#9120=CARTESIAN_POINT('',(-0.035297425552389,-0.0344230369662592,0.0752159826005458));
#9121=CARTESIAN_POINT('',(-0.0333750147234886,-0.0344230369662592,0.0757676497147792));
#9122=CARTESIAN_POINT('',(-0.0354283422103786,-0.0349535588236116,0.0756721917790688));
#9123=CARTESIAN_POINT('',(-0.0335059313814782,-0.0349535588236116,0.0762238588933022));
#9124=CARTESIAN_POINT('',(-0.0354946733170933,-0.0357198095778193,0.0759033377628538));
#9125=CARTESIAN_POINT('',(-0.0335722624881929,-0.0357198095778193,0.0764550048770871));
#9126=CARTESIAN_POINT('',(-0.0354964188725332,-0.0367217892288825,0.0759094205519007));
#9127=CARTESIAN_POINT('',(-0.0335740080436328,-0.0367217892288825,0.0764610876661341));
#9128=CARTESIAN_POINT('',(-0.0333750147234886,-0.0344230369662592,0.0757676497147792));
#9129=CARTESIAN_POINT('',(-0.033571389710473,-0.0352188197522878,0.0764519634825637));
#9130=CARTESIAN_POINT('',(-0.0335740080436328,-0.0367217892288825,0.0764610876661341));
#9131=CARTESIAN_POINT('',(-0.0333750147234886,-0.0344230369662592,0.0757676497147792));
#9132=CARTESIAN_POINT('',(-0.035297425552389,-0.0344230369662592,0.0752159826005458));
#9133=CARTESIAN_POINT('',(-0.035297425552389,-0.0344230369662592,0.0752159826005458));
#9134=CARTESIAN_POINT('',(-0.035297425552389,-0.0344230369662592,0.0752159826005458));
#9135=CARTESIAN_POINT('',(-0.0354938005393734,-0.0352188197522878,0.0759002963683303));
#9136=CARTESIAN_POINT('',(-0.0354964188725332,-0.0367217892288825,0.0759094205519007));
#9137=CARTESIAN_POINT('',(-0.0347327383675941,-0.0336272541802306,0.0732482003438499));
#9138=CARTESIAN_POINT('',(-0.0328103275386937,-0.0336272541802306,0.0737998674580833));
#9139=CARTESIAN_POINT('',(-0.0349782798328012,-0.0336272541802306,0.0741038460031242));
#9140=CARTESIAN_POINT('',(-0.0330558690039008,-0.0336272541802306,0.0746555131173575));
#9141=CARTESIAN_POINT('',(-0.0351665088943995,-0.0338925151089068,0.0747597734220228));
#9142=CARTESIAN_POINT('',(-0.0332440980654991,-0.0338925151089068,0.0753114405362562));
#9143=CARTESIAN_POINT('',(-0.035297425552389,-0.0344230369662592,0.0752159826005458));
#9144=CARTESIAN_POINT('',(-0.0333750147234886,-0.0344230369662592,0.0757676497147792));
#9145=CARTESIAN_POINT('',(-0.0328103275386937,-0.0336272541802306,0.0737998674580833));
#9146=CARTESIAN_POINT('',(-0.0331786397365043,-0.0336272541802306,0.0750833359469947));
#9147=CARTESIAN_POINT('',(-0.0333750147234886,-0.0344230369662592,0.0757676497147792));
#9148=CARTESIAN_POINT('',(-0.0328103275386937,-0.0336272541802306,0.0737998674580833));
#9149=CARTESIAN_POINT('',(-0.0347327383675941,-0.0336272541802306,0.0732482003438499));
#9150=CARTESIAN_POINT('',(-0.0347327383675941,-0.0336272541802306,0.0732482003438499));
#9151=CARTESIAN_POINT('',(-0.0347327383675941,-0.0336272541802306,0.0732482003438499));
#9152=CARTESIAN_POINT('',(-0.0351010505654047,-0.0336272541802306,0.0745316688327613));
#9153=CARTESIAN_POINT('',(-0.035297425552389,-0.0344230369662592,0.0752159826005458));
#9154=CARTESIAN_POINT('',(-0.0341929253478172,-0.0344625887945906,0.0713670978310734));
#9155=CARTESIAN_POINT('',(-0.0322705145189168,-0.0344625887945906,0.0719187649453068));
#9156=CARTESIAN_POINT('',(-0.0343276240425931,-0.033905699051684,0.0718364863858648));
#9157=CARTESIAN_POINT('',(-0.0324052132136927,-0.033905699051684,0.0723881535000982));
#9158=CARTESIAN_POINT('',(-0.0345075617158521,-0.0336272541802306,0.0724635205567903));
#9159=CARTESIAN_POINT('',(-0.0325851508869517,-0.0336272541802306,0.0730151876710237));
#9160=CARTESIAN_POINT('',(-0.0347327383675941,-0.0336272541802306,0.0732482003438499));
#9161=CARTESIAN_POINT('',(-0.0328103275386937,-0.0336272541802306,0.0737998674580833));
#9162=CARTESIAN_POINT('',(-0.0322705145189168,-0.0344625887945906,0.0719187649453068));
#9163=CARTESIAN_POINT('',(-0.0324725625610807,-0.0336272541802306,0.0726228477774939));
#9164=CARTESIAN_POINT('',(-0.0328103275386937,-0.0336272541802306,0.0737998674580833));
#9165=CARTESIAN_POINT('',(-0.0322705145189168,-0.0344625887945906,0.0719187649453068));
#9166=CARTESIAN_POINT('',(-0.0341929253478172,-0.0344625887945906,0.0713670978310734));
#9167=CARTESIAN_POINT('',(-0.0341929253478172,-0.0344625887945906,0.0713670978310734));
#9168=CARTESIAN_POINT('',(-0.0341929253478172,-0.0344625887945906,0.0713670978310734));
#9169=CARTESIAN_POINT('',(-0.034394973389981,-0.0336272541802306,0.0720711806632605));
#9170=CARTESIAN_POINT('',(-0.0347327383675941,-0.0336272541802306,0.0732482003438499));
#9171=CARTESIAN_POINT('',(-0.0335632162228874,-0.0379384034683575,0.0691727316823777));
#9172=CARTESIAN_POINT('',(-0.0335632162228874,-0.0362471672889051,0.0691727316823777));
#9173=CARTESIAN_POINT('',(-0.0335632162228874,-0.0362471672889051,0.0691727316823777));
#9174=CARTESIAN_POINT('',(-0.0335632162228874,-0.0379384034683575,0.0691727316823777));
#9175=CARTESIAN_POINT('',(-0.0335632162228874,-0.0396296396478099,0.0691727316823777));
#9176=CARTESIAN_POINT('',(-0.0335632162228874,-0.0396296396478099,0.0691727316823777));
#9177=CARTESIAN_POINT('',(-0.0327598243316915,-0.03468566110638,0.0663731280235082));
#9178=CARTESIAN_POINT('',(-0.0319564324404956,-0.0331241549238547,0.0635735243646387));
#9179=CARTESIAN_POINT('',(-0.0319564324404956,-0.0331241549238547,0.0635735243646387));
#9180=CARTESIAN_POINT('',(-0.0327598243316915,-0.03468566110638,0.0663731280235082));
#9181=CARTESIAN_POINT('',(-0.0319564324404956,-0.0321052998260369,0.0635735243646387));
#9182=CARTESIAN_POINT('',(-0.0319564324404956,-0.031086444728219,0.0635735243646387));
#9183=CARTESIAN_POINT('',(-0.0319564324404956,-0.031086444728219,0.0635735243646387));
#9184=CARTESIAN_POINT('',(-0.0319564324404956,-0.0321052998260369,0.0635735243646387));
#9185=CARTESIAN_POINT('',(-0.0319730152171743,-0.031086444728219,0.063631310860585));
#9186=CARTESIAN_POINT('',(-0.031989597993853,-0.031086444728219,0.0636890973565312));
#9187=CARTESIAN_POINT('',(-0.031989597993853,-0.031086444728219,0.0636890973565312));
#9188=CARTESIAN_POINT('',(-0.0319730152171743,-0.031086444728219,0.063631310860585));
#9189=CARTESIAN_POINT('',(-0.0328322648824457,-0.0327776809076713,0.0666255637689576));
#9190=CARTESIAN_POINT('',(-0.0336749317710385,-0.0344689170871237,0.069562030181384));
#9191=CARTESIAN_POINT('',(-0.0336749317710385,-0.0344689170871237,0.069562030181384));
#9192=CARTESIAN_POINT('',(-0.0328322648824457,-0.0327776809076713,0.0666255637689576));
#9193=CARTESIAN_POINT('',(-0.0340864464659856,-0.0324454455496873,0.070996047699208));
#9194=CARTESIAN_POINT('',(-0.0321640356370853,-0.0324454455496873,0.0715477148134414));
#9195=CARTESIAN_POINT('',(-0.0339028722188936,-0.032929559928464,0.0703563410511013));
#9196=CARTESIAN_POINT('',(-0.0319804613899933,-0.032929559928464,0.0709080081653346));
#9197=CARTESIAN_POINT('',(-0.0337657006539113,-0.0336040504409428,0.0698783352118266));
#9198=CARTESIAN_POINT('',(-0.0318432898250109,-0.0336040504409428,0.07043000232606));
#9199=CARTESIAN_POINT('',(-0.0336749317710385,-0.0344689170871237,0.069562030181384));
#9200=CARTESIAN_POINT('',(-0.0317525209421381,-0.0344689170871237,0.0701136972956174));
#9201=CARTESIAN_POINT('',(-0.0340864464659856,-0.0324454455496873,0.070996047699208));
#9202=CARTESIAN_POINT('',(-0.0340864464659856,-0.0324454455496873,0.070996047699208));
#9203=CARTESIAN_POINT('',(-0.0340864464659856,-0.0324454455496873,0.070996047699208));
#9204=CARTESIAN_POINT('',(-0.0338110850953477,-0.0331716171178525,0.0700364877270479));
#9205=CARTESIAN_POINT('',(-0.0336749317710385,-0.0344689170871237,0.069562030181384));
#9206=CARTESIAN_POINT('',(-0.0347327383675941,-0.031719273981522,0.0732482003438499));
#9207=CARTESIAN_POINT('',(-0.0328103275386937,-0.031719273981522,0.0737998674580833));
#9208=CARTESIAN_POINT('',(-0.0344854513469472,-0.031719273981522,0.0723864718955287));
#9209=CARTESIAN_POINT('',(-0.0325630405180468,-0.031719273981522,0.0729381390097621));
#9210=CARTESIAN_POINT('',(-0.0342700207130777,-0.0319613311709104,0.0716357543473147));
#9211=CARTESIAN_POINT('',(-0.0323476098841773,-0.0319613311709104,0.0721874214615481));
#9212=CARTESIAN_POINT('',(-0.0340864464659856,-0.0324454455496873,0.070996047699208));
#9213=CARTESIAN_POINT('',(-0.0321640356370852,-0.0324454455496873,0.0715477148134414));
#9214=CARTESIAN_POINT('',(-0.0347327383675941,-0.031719273981522,0.0732482003438499));
#9215=CARTESIAN_POINT('',(-0.0347327383675941,-0.031719273981522,0.0732482003438499));
#9216=CARTESIAN_POINT('',(-0.0347327383675941,-0.031719273981522,0.0732482003438499));
#9217=CARTESIAN_POINT('',(-0.0343618078366237,-0.031719273981522,0.0719556076713681));
#9218=CARTESIAN_POINT('',(-0.0340864464659856,-0.0324454455496873,0.070996047699208));
#9219=CARTESIAN_POINT('',(-0.0356220988642031,-0.0330292305358593,0.0763473813632828));
#9220=CARTESIAN_POINT('',(-0.0336996880353027,-0.0330292305358593,0.0768990484775162));
#9221=CARTESIAN_POINT('',(-0.0354184507295527,-0.0321559261663011,0.0756377226411359));
#9222=CARTESIAN_POINT('',(-0.0334960399006523,-0.0321559261663011,0.0761893897553693));
#9223=CARTESIAN_POINT('',(-0.035121997230683,-0.031719273981522,0.074604662301325));
#9224=CARTESIAN_POINT('',(-0.0331995864017827,-0.031719273981522,0.0751563294155583));
#9225=CARTESIAN_POINT('',(-0.0347327383675941,-0.031719273981522,0.0732482003438499));
#9226=CARTESIAN_POINT('',(-0.0328103275386937,-0.031719273981522,0.0737998674580833));
#9227=CARTESIAN_POINT('',(-0.0356220988642031,-0.0330292305358593,0.0763473813632828));
#9228=CARTESIAN_POINT('',(-0.0356220988642031,-0.0330292305358593,0.0763473813632828));
#9229=CARTESIAN_POINT('',(-0.0356220988642031,-0.0330292305358593,0.0763473813632828));
#9230=CARTESIAN_POINT('',(-0.0353166266622275,-0.031719273981522,0.0752828932800625));
#9231=CARTESIAN_POINT('',(-0.0347327383675941,-0.031719273981522,0.0732482003438499));
#9232=CARTESIAN_POINT('',(-0.0359275710661787,-0.0367724155691466,0.0774118694465032));
#9233=CARTESIAN_POINT('',(-0.0340051602372784,-0.0367724155691466,0.0779635365607366));
#9234=CARTESIAN_POINT('',(-0.0359275710661787,-0.0351502632498466,0.0774118694465032));
#9235=CARTESIAN_POINT('',(-0.0340051602372784,-0.0351502632498466,0.0779635365607366));
#9236=CARTESIAN_POINT('',(-0.0358257469988535,-0.0339025349054175,0.0770570400854297));
#9237=CARTESIAN_POINT('',(-0.0339033361699532,-0.0339025349054175,0.0776087071996631));
#9238=CARTESIAN_POINT('',(-0.0356220988642031,-0.0330292305358593,0.0763473813632828));
#9239=CARTESIAN_POINT('',(-0.0336996880353027,-0.0330292305358593,0.0768990484775162));
#9240=CARTESIAN_POINT('',(-0.0359275710661787,-0.0367724155691466,0.0774118694465032));
#9241=CARTESIAN_POINT('',(-0.0359275710661787,-0.0367724155691466,0.0774118694465032));
#9242=CARTESIAN_POINT('',(-0.0359275710661787,-0.0367724155691466,0.0774118694465032));
#9243=CARTESIAN_POINT('',(-0.0359275710661787,-0.0343391870901966,0.0774118694465032));
#9244=CARTESIAN_POINT('',(-0.0356220988642031,-0.0330292305358593,0.0763473813632828));
#9245=CARTESIAN_POINT('',(-0.0359275710661787,-0.0391550177078325,0.0774118694465032));
#9246=CARTESIAN_POINT('',(-0.0359275710661787,-0.0415376198465185,0.0774118694465032));
#9247=CARTESIAN_POINT('',(-0.0359275710661787,-0.0415376198465185,0.0774118694465032));
#9248=CARTESIAN_POINT('',(-0.0359275710661787,-0.0391550177078325,0.0774118694465032));
#9249=CARTESIAN_POINT('',(-0.0339420017533372,-0.0415376198465185,0.070492696905571));
#9250=CARTESIAN_POINT('',(-0.0319564324404956,-0.0415376198465185,0.0635735243646387));
#9251=CARTESIAN_POINT('',(-0.0319564324404956,-0.0415376198465185,0.0635735243646387));
#9252=CARTESIAN_POINT('',(-0.0339420017533372,-0.0415376198465185,0.070492696905571));
#9253=CARTESIAN_POINT('',(-0.0319564324404956,-0.0405836297471641,0.0635735243646387));
#9254=CARTESIAN_POINT('',(-0.0319564324404956,-0.0396296396478099,0.0635735243646387));
#9255=CARTESIAN_POINT('',(-0.0319564324404956,-0.0396296396478099,0.0635735243646387));
#9256=CARTESIAN_POINT('',(-0.0319564324404956,-0.0405836297471641,0.0635735243646387));
#9257=CARTESIAN_POINT('',(-0.0327598243316915,-0.0396296396478099,0.0663731280235082));
#9258=CARTESIAN_POINT('',(-0.0327598243316915,-0.0396296396478099,0.0663731280235082));
#9259=CARTESIAN_POINT('',(-0.0339908773056533,-0.0367122967900829,0.0706630149988862));
#9260=CARTESIAN_POINT('',(-0.0320684664767529,-0.0367122967900829,0.0712146821131196));
#9261=CARTESIAN_POINT('',(-0.0339908773056533,-0.0357693812026614,0.0706630149988862));
#9262=CARTESIAN_POINT('',(-0.0320684664767529,-0.0357693812026614,0.0712146821131196));
#9263=CARTESIAN_POINT('',(-0.0340582266530413,-0.0350194785374973,0.0708977092762819));
#9264=CARTESIAN_POINT('',(-0.0321358158241409,-0.0350194785374973,0.0714493763905153));
#9265=CARTESIAN_POINT('',(-0.0341929253478172,-0.0344625887945906,0.0713670978310734));
#9266=CARTESIAN_POINT('',(-0.0322705145189168,-0.0344625887945906,0.0719187649453068));
#9267=CARTESIAN_POINT('',(-0.0320684664767529,-0.0367122967900829,0.0712146821131196));
#9268=CARTESIAN_POINT('',(-0.0320684664767529,-0.0352979234089506,0.0712146821131196));
#9269=CARTESIAN_POINT('',(-0.0322705145189168,-0.0344625887945906,0.0719187649453068));
#9270=CARTESIAN_POINT('',(-0.0339908773056533,-0.0367122967900829,0.0706630149988862));
#9271=CARTESIAN_POINT('',(-0.0339908773056533,-0.0352979234089506,0.0706630149988862));
#9272=CARTESIAN_POINT('',(-0.0341929253478172,-0.0344625887945906,0.0713670978310734));
#9273=CARTESIAN_POINT('',(-0.0300125032728911,-0.0425,0.0567994564784072));
#9274=CARTESIAN_POINT('',(-0.0334235717876986,-0.0241174125762194,0.0686861085586199));
#9275=CARTESIAN_POINT('',(-0.0315011609587982,-0.0241174125762194,0.0692377756728532));
#9276=CARTESIAN_POINT('',(-0.0315011609587982,-0.0265648797133688,0.0692377756728532));
#9277=CARTESIAN_POINT('',(-0.0315011609587982,-0.02166994543907,0.0692377756728532));
#9278=CARTESIAN_POINT('',(-0.0334235717876986,-0.0265648797133688,0.0686861085586198));
#9279=CARTESIAN_POINT('',(-0.0334235717876986,-0.0265648797133688,0.0686861085586198));
#9280=CARTESIAN_POINT('',(-0.0334235717876986,-0.0241174125762194,0.0686861085586199));
#9281=CARTESIAN_POINT('',(-0.0334235717876986,-0.02166994543907,0.0686861085586198));
#9282=CARTESIAN_POINT('',(-0.0334235717876986,-0.02166994543907,0.0686861085586198));
#9283=CARTESIAN_POINT('',(-0.0343522072817044,-0.025343519254494,0.0719221523316097));
#9284=CARTESIAN_POINT('',(-0.0324297964528041,-0.025343519254494,0.0724738194458431));
#9285=CARTESIAN_POINT('',(-0.03335843194681,-0.0241221587956192,0.0757098632188329));
#9286=CARTESIAN_POINT('',(-0.0352808427757103,-0.0241221587956192,0.0751581961045995));
#9287=CARTESIAN_POINT('',(-0.0352808427757103,-0.0241221587956192,0.0751581961045995));
#9288=CARTESIAN_POINT('',(-0.0343522072817044,-0.025343519254494,0.0719221523316097));
#9289=CARTESIAN_POINT('',(-0.0329932923717729,-0.0241237408687525,0.0671867010585409));
#9290=CARTESIAN_POINT('',(-0.0329932923717729,-0.0211067274036302,0.0671867010585409));
#9291=CARTESIAN_POINT('',(-0.0329932923717729,-0.0211067274036302,0.0671867010585409));
#9292=CARTESIAN_POINT('',(-0.0329932923717729,-0.0241237408687525,0.0671867010585409));
#9293=CARTESIAN_POINT('',(-0.0329932923717729,-0.0271407543338746,0.0671867010585409));
#9294=CARTESIAN_POINT('',(-0.0329932923717729,-0.0271407543338746,0.0671867010585409));
#9295=CARTESIAN_POINT('',(-0.0324748624061343,-0.0204201076637965,0.0653801127115898));
#9296=CARTESIAN_POINT('',(-0.0319564324404956,-0.0197334879239627,0.0635735243646387));
#9297=CARTESIAN_POINT('',(-0.0319564324404956,-0.0197334879239627,0.0635735243646387));
#9298=CARTESIAN_POINT('',(-0.0324748624061343,-0.0204201076637965,0.0653801127115898));
#9299=CARTESIAN_POINT('',(-0.0319564324404956,-0.018758930873876,0.0635735243646387));
#9300=CARTESIAN_POINT('',(-0.0319564324404956,-0.0177843738237894,0.0635735243646387));
#9301=CARTESIAN_POINT('',(-0.0319564324404956,-0.0177843738237894,0.0635735243646387));
#9302=CARTESIAN_POINT('',(-0.0319564324404956,-0.018758930873876,0.0635735243646387));
#9303=CARTESIAN_POINT('',(-0.0339420017533372,-0.0205387631487908,0.070492696905571));
#9304=CARTESIAN_POINT('',(-0.0359275710661787,-0.0232931524737922,0.0774118694465032));
#9305=CARTESIAN_POINT('',(-0.0359275710661787,-0.0232931524737922,0.0774118694465032));
#9306=CARTESIAN_POINT('',(-0.0339420017533372,-0.0205387631487908,0.070492696905571));
#9307=CARTESIAN_POINT('',(-0.0359275710661787,-0.0241237408687525,0.0774118694465032));
#9308=CARTESIAN_POINT('',(-0.0359275710661787,-0.0249543292637126,0.0774118694465032));
#9309=CARTESIAN_POINT('',(-0.0359275710661787,-0.0249543292637126,0.0774118694465032));
#9310=CARTESIAN_POINT('',(-0.0359275710661787,-0.0241237408687525,0.0774118694465032));
#9311=CARTESIAN_POINT('',(-0.0339420017533372,-0.027702390296181,0.070492696905571));
#9312=CARTESIAN_POINT('',(-0.0319564324404956,-0.0304504513286495,0.0635735243646387));
#9313=CARTESIAN_POINT('',(-0.0319564324404956,-0.0304504513286495,0.0635735243646387));
#9314=CARTESIAN_POINT('',(-0.0339420017533372,-0.027702390296181,0.070492696905571));
#9315=CARTESIAN_POINT('',(-0.0319564324404956,-0.0294727301322962,0.0635735243646387));
#9316=CARTESIAN_POINT('',(-0.0319564324404956,-0.0284950089359431,0.0635735243646387));
#9317=CARTESIAN_POINT('',(-0.0319564324404956,-0.0284950089359431,0.0635735243646387));
#9318=CARTESIAN_POINT('',(-0.0319564324404956,-0.0294727301322962,0.0635735243646387));
#9319=CARTESIAN_POINT('',(-0.0324748624061343,-0.0278178816349089,0.0653801127115898));
#9320=CARTESIAN_POINT('',(-0.0324748624061343,-0.0278178816349089,0.0653801127115898));
#9321=CARTESIAN_POINT('',(-0.0343522072817044,-0.0228960521173446,0.0719221523316097));
#9322=CARTESIAN_POINT('',(-0.0324297964528041,-0.0228960521173446,0.0724738194458431));
#9323=CARTESIAN_POINT('',(-0.0343522072817044,-0.0228960521173446,0.0719221523316097));
#9324=CARTESIAN_POINT('',(-0.0300125032728911,-0.0425,0.0567994564784072));
#9325=CARTESIAN_POINT('',(-0.0287757829582138,-0.0128583582814704,0.0524898203519896));
#9326=CARTESIAN_POINT('',(-0.0268533721293134,-0.0128583582814704,0.053041487466223));
#9327=CARTESIAN_POINT('',(-0.0288644908383817,-0.0139767126201637,0.0527989433449027));
#9328=CARTESIAN_POINT('',(-0.0269420800094813,-0.0139767126201637,0.0533506104591361));
#9329=CARTESIAN_POINT('',(-0.028973477659624,-0.0147904892390251,0.0531787329679526));
#9330=CARTESIAN_POINT('',(-0.0270510668307236,-0.0147904892390251,0.053730400082186));
#9331=CARTESIAN_POINT('',(-0.0291027434219408,-0.0152996881380545,0.0536291892211391));
#9332=CARTESIAN_POINT('',(-0.0271803325930403,-0.0152996881380545,0.0541808563353725));
#9333=CARTESIAN_POINT('',(-0.0287757829582138,-0.0128583582814704,0.0524898203519896));
#9334=CARTESIAN_POINT('',(-0.0287757829582138,-0.0128583582814704,0.0524898203519896));
#9335=CARTESIAN_POINT('',(-0.0287757829582138,-0.0128583582814704,0.0524898203519896));
#9336=CARTESIAN_POINT('',(-0.0289088447784656,-0.0145358897895104,0.0529535048413593));
#9337=CARTESIAN_POINT('',(-0.0291027434219408,-0.0152996881380545,0.0536291892211391));
#9338=CARTESIAN_POINT('',(-0.0291027434219408,-0.0152996881380545,0.0536291892211391));
#9339=CARTESIAN_POINT('',(-0.0291027434219408,-0.0152996881380545,0.0536291892211391));
#9340=CARTESIAN_POINT('',(-0.0285594076559124,-0.011012421732144,0.0517358108895461));
#9341=CARTESIAN_POINT('',(-0.026636996827012,-0.011012421732144,0.0522874780037795));
#9342=CARTESIAN_POINT('',(-0.028632531719294,-0.0113521291057497,0.0519906284918123));
#9343=CARTESIAN_POINT('',(-0.0267101208903936,-0.0113521291057497,0.0525422956060457));
#9344=CARTESIAN_POINT('',(-0.0287046568200612,-0.0119674412888585,0.0522419649792935));
#9345=CARTESIAN_POINT('',(-0.0267822459911608,-0.0119674412888585,0.0527936320935268));
#9346=CARTESIAN_POINT('',(-0.0287757829582138,-0.0128583582814704,0.0524898203519896));
#9347=CARTESIAN_POINT('',(-0.0268533721293134,-0.0128583582814704,0.053041487466223));
#9348=CARTESIAN_POINT('',(-0.0285594076559124,-0.011012421732144,0.0517358108895461));
#9349=CARTESIAN_POINT('',(-0.0285594076559124,-0.011012421732144,0.0517358108895461));
#9350=CARTESIAN_POINT('',(-0.0285594076559124,-0.011012421732144,0.0517358108895461));
#9351=CARTESIAN_POINT('',(-0.0286690937509848,-0.0115219827925526,0.0521180372929454));
#9352=CARTESIAN_POINT('',(-0.0287757829582138,-0.0128583582814704,0.0524898203519896));
#9353=CARTESIAN_POINT('',(-0.0282495294528934,-0.0105028606717355,0.0506559690832211));
#9354=CARTESIAN_POINT('',(-0.026327118623993,-0.0105028606717355,0.0512076361974545));
#9355=CARTESIAN_POINT('',(-0.028382990858191,-0.0105028606717355,0.0511210460185048));
#9356=CARTESIAN_POINT('',(-0.0264605800292906,-0.0105028606717355,0.0516727131327382));
#9357=CARTESIAN_POINT('',(-0.0284862835925307,-0.0106727143585384,0.0514809932872798));
#9358=CARTESIAN_POINT('',(-0.0265638727636303,-0.0106727143585384,0.0520326604015132));
#9359=CARTESIAN_POINT('',(-0.0285594076559124,-0.011012421732144,0.0517358108895461));
#9360=CARTESIAN_POINT('',(-0.0266369968270119,-0.011012421732144,0.0522874780037795));
#9361=CARTESIAN_POINT('',(-0.0282495294528934,-0.0105028606717355,0.0506559690832211));
#9362=CARTESIAN_POINT('',(-0.0282495294528934,-0.0105028606717355,0.0506559690832211));
#9363=CARTESIAN_POINT('',(-0.0282495294528934,-0.0105028606717355,0.0506559690832211));
#9364=CARTESIAN_POINT('',(-0.0284497215608399,-0.0105028606717355,0.0513535844861467));
#9365=CARTESIAN_POINT('',(-0.0285594076559124,-0.011012421732144,0.0517358108895461));
#9366=CARTESIAN_POINT('',(-0.0279330580966187,-0.0110526216452253,0.0495531519193148));
#9367=CARTESIAN_POINT('',(-0.0260106472677184,-0.0110526216452253,0.0501048190335482));
#9368=CARTESIAN_POINT('',(-0.0280105775955042,-0.0106861143295655,0.0498232864266353));
#9369=CARTESIAN_POINT('',(-0.0260881667666038,-0.0106861143295655,0.0503749535408686));
#9370=CARTESIAN_POINT('',(-0.0281160680475957,-0.0105028606717355,0.0501908921479374));
#9371=CARTESIAN_POINT('',(-0.0261936572186954,-0.0105028606717355,0.0507425592621707));
#9372=CARTESIAN_POINT('',(-0.0282495294528934,-0.0105028606717355,0.0506559690832211));
#9373=CARTESIAN_POINT('',(-0.0263271186239931,-0.0105028606717355,0.0512076361974545));
#9374=CARTESIAN_POINT('',(-0.0279330580966187,-0.0110526216452253,0.0495531519193148));
#9375=CARTESIAN_POINT('',(-0.0279330580966187,-0.0110526216452253,0.0495531519193148));
#9376=CARTESIAN_POINT('',(-0.0279330580966187,-0.0110526216452253,0.0495531519193148));
#9377=CARTESIAN_POINT('',(-0.0280493373449469,-0.0105028606717355,0.0499583536802955));
#9378=CARTESIAN_POINT('',(-0.0282495294528934,-0.0105028606717355,0.0506559690832211));
#9379=CARTESIAN_POINT('',(-0.0278167788482905,-0.0126345425491801,0.049147950158334));
#9380=CARTESIAN_POINT('',(-0.0258943680193901,-0.0126345425491801,0.0496996172725674));
#9381=CARTESIAN_POINT('',(-0.0278167788482905,-0.0119464359288701,0.049147950158334));
#9382=CARTESIAN_POINT('',(-0.0258943680193901,-0.0119464359288701,0.0496996172725674));
#9383=CARTESIAN_POINT('',(-0.0278555385977332,-0.0114191289608852,0.0492830174119943));
#9384=CARTESIAN_POINT('',(-0.0259331277688328,-0.0114191289608852,0.0498346845262276));
#9385=CARTESIAN_POINT('',(-0.0279330580966187,-0.0110526216452253,0.0495531519193148));
#9386=CARTESIAN_POINT('',(-0.0260106472677183,-0.0110526216452253,0.0501048190335482));
#9387=CARTESIAN_POINT('',(-0.0278167788482905,-0.0126345425491801,0.049147950158334));
#9388=CARTESIAN_POINT('',(-0.0278167788482905,-0.0126345425491801,0.049147950158334));
#9389=CARTESIAN_POINT('',(-0.0278167788482905,-0.0126345425491801,0.049147950158334));
#9390=CARTESIAN_POINT('',(-0.0278167788482905,-0.0116023826187151,0.049147950158334));
#9391=CARTESIAN_POINT('',(-0.0279330580966187,-0.0110526216452253,0.0495531519193148));
#9392=CARTESIAN_POINT('',(-0.0279600300872103,-0.0144033387247559,0.0496471420185113));
#9393=CARTESIAN_POINT('',(-0.0260376192583099,-0.0144033387247559,0.0501988091327447));
#9394=CARTESIAN_POINT('',(-0.0278645292612638,-0.0139615018422411,0.0493143474450598));
#9395=CARTESIAN_POINT('',(-0.0259421184323634,-0.0139615018422411,0.0498660145592932));
#9396=CARTESIAN_POINT('',(-0.0278167788482905,-0.0133719031170492,0.049147950158334));
#9397=CARTESIAN_POINT('',(-0.0258943680193901,-0.0133719031170492,0.0496996172725674));
#9398=CARTESIAN_POINT('',(-0.0278167788482905,-0.0126345425491801,0.049147950158334));
#9399=CARTESIAN_POINT('',(-0.0258943680193901,-0.0126345425491801,0.0496996172725674));
#9400=CARTESIAN_POINT('',(-0.0279600300872103,-0.0144033387247559,0.0496471420185113));
#9401=CARTESIAN_POINT('',(-0.0279600300872103,-0.0144033387247559,0.0496471420185113));
#9402=CARTESIAN_POINT('',(-0.0279600300872103,-0.0144033387247559,0.0496471420185113));
#9403=CARTESIAN_POINT('',(-0.0278167788482905,-0.0137405834009837,0.049147950158334));
#9404=CARTESIAN_POINT('',(-0.0278167788482905,-0.0126345425491801,0.049147950158334));
#9405=CARTESIAN_POINT('',(-0.0283508242620041,-0.0150660940485282,0.051008954122426));
#9406=CARTESIAN_POINT('',(-0.0264284134331037,-0.0150660940485282,0.0515606212366594));
#9407=CARTESIAN_POINT('',(-0.0281857956380881,-0.0150660940485282,0.0504338739599344));
#9408=CARTESIAN_POINT('',(-0.0262633848091877,-0.0150660940485282,0.0509855410741678));
#9409=CARTESIAN_POINT('',(-0.0280555309131568,-0.0148451756072708,0.0499799365919628));
#9410=CARTESIAN_POINT('',(-0.0261331200842565,-0.0148451756072708,0.0505316037061962));
#9411=CARTESIAN_POINT('',(-0.0279600300872103,-0.0144033387247559,0.0496471420185113));
#9412=CARTESIAN_POINT('',(-0.0260376192583099,-0.0144033387247559,0.0501988091327447));
#9413=CARTESIAN_POINT('',(-0.0283508242620041,-0.0150660940485282,0.051008954122426));
#9414=CARTESIAN_POINT('',(-0.0283508242620041,-0.0150660940485282,0.051008954122426));
#9415=CARTESIAN_POINT('',(-0.0283508242620041,-0.0150660940485282,0.051008954122426));
#9416=CARTESIAN_POINT('',(-0.0281032813261301,-0.0150660940485282,0.0501463338786886));
#9417=CARTESIAN_POINT('',(-0.0279600300872103,-0.0144033387247559,0.0496471420185113));
#9418=CARTESIAN_POINT('',(-0.0283508242620041,-0.0157212439833392,0.051008954122426));
#9419=CARTESIAN_POINT('',(-0.0283508242620041,-0.0163763939181501,0.051008954122426));
#9420=CARTESIAN_POINT('',(-0.0283508242620041,-0.0163763939181501,0.051008954122426));
#9421=CARTESIAN_POINT('',(-0.0283508242620041,-0.0157212439833392,0.051008954122426));
#9422=CARTESIAN_POINT('',(-0.0279255658770099,-0.0158972544135869,0.0495270435584268));
#9423=CARTESIAN_POINT('',(-0.0260031550481096,-0.0158972544135869,0.0500787106726602));
#9424=CARTESIAN_POINT('',(-0.0280504362038228,-0.0162166807499624,0.0499621829065591));
#9425=CARTESIAN_POINT('',(-0.0261280253749225,-0.0162166807499624,0.0505138500207924));
#9426=CARTESIAN_POINT('',(-0.0281921889988209,-0.0163763939181501,0.0504561530945588));
#9427=CARTESIAN_POINT('',(-0.0262697781699205,-0.0163763939181501,0.0510078202087922));
#9428=CARTESIAN_POINT('',(-0.0283508242620041,-0.0163763939181501,0.051008954122426));
#9429=CARTESIAN_POINT('',(-0.0264284134331037,-0.0163763939181501,0.0515606212366594));
#9430=CARTESIAN_POINT('',(-0.0279255658770099,-0.0158972544135869,0.0495270435584268));
#9431=CARTESIAN_POINT('',(-0.0279255658770099,-0.0158972544135869,0.0495270435584268));
#9432=CARTESIAN_POINT('',(-0.0279255658770099,-0.0158972544135869,0.0495270435584268));
#9433=CARTESIAN_POINT('',(-0.0281128713672293,-0.0163763939181501,0.0501797525806252));
#9434=CARTESIAN_POINT('',(-0.0283508242620041,-0.0163763939181501,0.051008954122426));
#9435=CARTESIAN_POINT('',(-0.0276303724244241,-0.0145358897895104,0.0484983741394422));
#9436=CARTESIAN_POINT('',(-0.0257079615955238,-0.0145358897895104,0.0490500412536756));
#9437=CARTESIAN_POINT('',(-0.0277022977326684,-0.0151240398691859,0.0487490144039664));
#9438=CARTESIAN_POINT('',(-0.0257798869037681,-0.0151240398691859,0.0493006815181998));
#9439=CARTESIAN_POINT('',(-0.027800695550197,-0.0155778280772114,0.0490919042102946));
#9440=CARTESIAN_POINT('',(-0.0258782847212966,-0.0155778280772114,0.049643571324528));
#9441=CARTESIAN_POINT('',(-0.0279255658770099,-0.0158972544135869,0.0495270435584268));
#9442=CARTESIAN_POINT('',(-0.0260031550481095,-0.0158972544135869,0.0500787106726602));
#9443=CARTESIAN_POINT('',(-0.0276303724244241,-0.0145358897895104,0.0484983741394422));
#9444=CARTESIAN_POINT('',(-0.0276303724244241,-0.0145358897895104,0.0484983741394422));
#9445=CARTESIAN_POINT('',(-0.0276303724244241,-0.0145358897895104,0.0484983741394422));
#9446=CARTESIAN_POINT('',(-0.0277382603867906,-0.0154181149090236,0.0488743345362285));
#9447=CARTESIAN_POINT('',(-0.0279255658770099,-0.0158972544135869,0.0495270435584268));
#9448=CARTESIAN_POINT('',(-0.0275224844620578,-0.0126345425491801,0.048122413742656));
#9449=CARTESIAN_POINT('',(-0.0256000736331574,-0.0126345425491801,0.0486740808568894));
#9450=CARTESIAN_POINT('',(-0.0275224844620578,-0.0133139572963915,0.048122413742656));
#9451=CARTESIAN_POINT('',(-0.0256000736331574,-0.0133139572963915,0.0486740808568894));
#9452=CARTESIAN_POINT('',(-0.0275584471161799,-0.0139477397098349,0.0482477338749181));
#9453=CARTESIAN_POINT('',(-0.0256360362872795,-0.0139477397098349,0.0487994009891514));
#9454=CARTESIAN_POINT('',(-0.0276303724244241,-0.0145358897895104,0.0484983741394422));
#9455=CARTESIAN_POINT('',(-0.0257079615955238,-0.0145358897895104,0.0490500412536756));
#9456=CARTESIAN_POINT('',(-0.0275224844620578,-0.0126345425491801,0.048122413742656));
#9457=CARTESIAN_POINT('',(-0.0275224844620578,-0.0126345425491801,0.048122413742656));
#9458=CARTESIAN_POINT('',(-0.0275224844620578,-0.0126345425491801,0.048122413742656));
#9459=CARTESIAN_POINT('',(-0.0275224844620578,-0.0136536646699971,0.048122413742656));
#9460=CARTESIAN_POINT('',(-0.0276303724244241,-0.0145358897895104,0.0484983741394422));
#9461=CARTESIAN_POINT('',(-0.0277220771924356,-0.0101291101284935,0.0488179404767105));
#9462=CARTESIAN_POINT('',(-0.0257996663635352,-0.0101291101284935,0.0493696075909439));
#9463=CARTESIAN_POINT('',(-0.0275890153721837,-0.01075347634608,0.0483542559873408));
#9464=CARTESIAN_POINT('',(-0.0256666045432833,-0.01075347634608,0.0489059231015742));
#9465=CARTESIAN_POINT('',(-0.0275224844620578,-0.0115886204863089,0.048122413742656));
#9466=CARTESIAN_POINT('',(-0.0256000736331574,-0.0115886204863089,0.0486740808568894));
#9467=CARTESIAN_POINT('',(-0.0275224844620578,-0.0126345425491801,0.048122413742656));
#9468=CARTESIAN_POINT('',(-0.0256000736331574,-0.0126345425491801,0.0486740808568894));
#9469=CARTESIAN_POINT('',(-0.0277220771924356,-0.0101291101284935,0.0488179404767105));
#9470=CARTESIAN_POINT('',(-0.0277220771924356,-0.0101291101284935,0.0488179404767105));
#9471=CARTESIAN_POINT('',(-0.0277220771924356,-0.0101291101284935,0.0488179404767105));
#9472=CARTESIAN_POINT('',(-0.0275224844620578,-0.0110656594548733,0.048122413742656));
#9473=CARTESIAN_POINT('',(-0.0275224844620578,-0.0126345425491801,0.048122413742656));
#9474=CARTESIAN_POINT('',(-0.0282531257183056,-0.00919256080211363,0.0506685010964473));
#9475=CARTESIAN_POINT('',(-0.0263307148894052,-0.00919256080211363,0.0512201682106807));
#9476=CARTESIAN_POINT('',(-0.0280321551879774,-0.00919256080211363,0.0498984785059925));
#9477=CARTESIAN_POINT('',(-0.026109744359077,-0.00919256080211363,0.0504501456202259));
#9478=CARTESIAN_POINT('',(-0.0278551390126874,-0.00950474391090691,0.0492816249660802));
#9479=CARTESIAN_POINT('',(-0.025932728183787,-0.00950474391090691,0.0498332920803136));
#9480=CARTESIAN_POINT('',(-0.0277220771924356,-0.0101291101284935,0.0488179404767105));
#9481=CARTESIAN_POINT('',(-0.0257996663635352,-0.0101291101284935,0.0493696075909439));
#9482=CARTESIAN_POINT('',(-0.0282531257183056,-0.00919256080211363,0.0506685010964473));
#9483=CARTESIAN_POINT('',(-0.0282531257183056,-0.00919256080211363,0.0506685010964473));
#9484=CARTESIAN_POINT('',(-0.0282531257183056,-0.00919256080211363,0.0506685010964473));
#9485=CARTESIAN_POINT('',(-0.0279216699228133,-0.00919256080211363,0.0495134672107651));
#9486=CARTESIAN_POINT('',(-0.0277220771924356,-0.0101291101284935,0.0488179404767105));
#9487=CARTESIAN_POINT('',(-0.0286148500810173,-0.00952828440054909,0.0519290127601168));
#9488=CARTESIAN_POINT('',(-0.0266924392521169,-0.00952828440054909,0.0524806798743502));
#9489=CARTESIAN_POINT('',(-0.0285123565167692,-0.00930446866825878,0.0515718503831699));
#9490=CARTESIAN_POINT('',(-0.0265899456878689,-0.00930446866825878,0.0521235174974032));
#9491=CARTESIAN_POINT('',(-0.0283917817291987,-0.00919256080211363,0.0511516798286134));
#9492=CARTESIAN_POINT('',(-0.0264693709002983,-0.00919256080211363,0.0517033469428467));
#9493=CARTESIAN_POINT('',(-0.0282531257183056,-0.00919256080211363,0.0506685010964473));
#9494=CARTESIAN_POINT('',(-0.0263307148894052,-0.00919256080211363,0.0512201682106807));
#9495=CARTESIAN_POINT('',(-0.0286148500810173,-0.00952828440054909,0.0519290127601168));
#9496=CARTESIAN_POINT('',(-0.0286148500810173,-0.00952828440054909,0.0519290127601168));
#9497=CARTESIAN_POINT('',(-0.0286148500810173,-0.00952828440054909,0.0519290127601168));
#9498=CARTESIAN_POINT('',(-0.0284611097346452,-0.00919256080211363,0.0513932691946964));
#9499=CARTESIAN_POINT('',(-0.0282531257183056,-0.00919256080211363,0.0506685010964473));
#9500=CARTESIAN_POINT('',(-0.0288836709205801,-0.0105604443310141,0.0528657807487759));
#9501=CARTESIAN_POINT('',(-0.0269612600916798,-0.0105604443310141,0.0534174478630093));
#9502=CARTESIAN_POINT('',(-0.0288069505917863,-0.0100961534429944,0.0525984311332834));
#9503=CARTESIAN_POINT('',(-0.026884539762886,-0.0100961534429944,0.0531500982475168));
#9504=CARTESIAN_POINT('',(-0.0287173436452653,-0.00975210013283939,0.0522861751370637));
#9505=CARTESIAN_POINT('',(-0.026794932816365,-0.00975210013283939,0.0528378422512971));
#9506=CARTESIAN_POINT('',(-0.0286148500810173,-0.00952828440054909,0.0519290127601168));
#9507=CARTESIAN_POINT('',(-0.026692439252117,-0.00952828440054909,0.0524806798743502));
#9508=CARTESIAN_POINT('',(-0.0288836709205801,-0.0105604443310141,0.0528657807487759));
#9509=CARTESIAN_POINT('',(-0.0288836709205801,-0.0105604443310141,0.0528657807487759));
#9510=CARTESIAN_POINT('',(-0.0288836709205801,-0.0105604443310141,0.0528657807487759));
#9511=CARTESIAN_POINT('',(-0.0287685904273893,-0.00986400799898454,0.0524647563255372));
#9512=CARTESIAN_POINT('',(-0.0286148500810173,-0.00952828440054909,0.0519290127601168));
#9513=CARTESIAN_POINT('',(-0.0290943521359789,-0.0124889536747777,0.0535999478569446));
#9514=CARTESIAN_POINT('',(-0.0271719413070786,-0.0124889536747777,0.054151614971178));
#9515=CARTESIAN_POINT('',(-0.0290306183211736,-0.011667571666955,0.0533778527336579));
#9516=CARTESIAN_POINT('',(-0.0271082074922732,-0.011667571666955,0.0539295198478912));
#9517=CARTESIAN_POINT('',(-0.028960391249374,-0.0110247352190338,0.0531331303642683));
#9518=CARTESIAN_POINT('',(-0.0270379804204736,-0.0110247352190338,0.0536847974785017));
#9519=CARTESIAN_POINT('',(-0.0288836709205801,-0.0105604443310141,0.0528657807487759));
#9520=CARTESIAN_POINT('',(-0.0269612600916798,-0.0105604443310141,0.0534174478630093));
#9521=CARTESIAN_POINT('',(-0.0290943521359789,-0.0124889536747777,0.0535999478569446));
#9522=CARTESIAN_POINT('',(-0.0290943521359789,-0.0124889536747777,0.0535999478569446));
#9523=CARTESIAN_POINT('',(-0.0290943521359789,-0.0124889536747777,0.0535999478569446));
#9524=CARTESIAN_POINT('',(-0.028998751413771,-0.0112568806630437,0.0532668051720145));
#9525=CARTESIAN_POINT('',(-0.0288836709205801,-0.0105604443310141,0.0528657807487759));
#9526=CARTESIAN_POINT('',(-0.0293050333513777,-0.0142338471993322,0.0543341149651133));
#9527=CARTESIAN_POINT('',(-0.0273826225224774,-0.0142338471993322,0.0548857820793467));
#9528=CARTESIAN_POINT('',(-0.0292283130225838,-0.0138919668574519,0.0540667653496208));
#9529=CARTESIAN_POINT('',(-0.0273059021936835,-0.0138919668574519,0.0546184324638542));
#9530=CARTESIAN_POINT('',(-0.0291580859507842,-0.0133103356826004,0.0538220429802313));
#9531=CARTESIAN_POINT('',(-0.0272356751218839,-0.0133103356826004,0.0543737100944646));
#9532=CARTESIAN_POINT('',(-0.0290943521359789,-0.0124889536747777,0.0535999478569446));
#9533=CARTESIAN_POINT('',(-0.0271719413070786,-0.0124889536747777,0.054151614971178));
#9534=CARTESIAN_POINT('',(-0.0293050333513777,-0.0142338471993322,0.0543341149651133));
#9535=CARTESIAN_POINT('',(-0.0293050333513777,-0.0142338471993322,0.0543341149651133));
#9536=CARTESIAN_POINT('',(-0.0293050333513777,-0.0142338471993322,0.0543341149651133));
#9537=CARTESIAN_POINT('',(-0.0291899528581869,-0.0137210266865117,0.0539330905418746));
#9538=CARTESIAN_POINT('',(-0.0290943521359789,-0.0124889536747777,0.0535999478569446));
#9539=CARTESIAN_POINT('',(-0.0295867408086677,-0.0147466677121527,0.0553157893344996));
#9540=CARTESIAN_POINT('',(-0.0276643299797673,-0.0147466677121527,0.055867456448733));
#9541=CARTESIAN_POINT('',(-0.0294756561659349,-0.0147466677121527,0.0549286893704011));
#9542=CARTESIAN_POINT('',(-0.0275532453370345,-0.0147466677121527,0.0554803564846345));
#9543=CARTESIAN_POINT('',(-0.0293817536801716,-0.0145757275412126,0.0546014645806057));
#9544=CARTESIAN_POINT('',(-0.0274593428512712,-0.0145757275412126,0.0551531316948391));
#9545=CARTESIAN_POINT('',(-0.0293050333513777,-0.0142338471993322,0.0543341149651133));
#9546=CARTESIAN_POINT('',(-0.0273826225224773,-0.0142338471993322,0.0548857820793467));
#9547=CARTESIAN_POINT('',(-0.0295867408086677,-0.0147466677121527,0.0553157893344996));
#9548=CARTESIAN_POINT('',(-0.0295867408086677,-0.0147466677121527,0.0553157893344996));
#9549=CARTESIAN_POINT('',(-0.0295867408086677,-0.0147466677121527,0.0553157893344996));
#9550=CARTESIAN_POINT('',(-0.0294201138445685,-0.0147466677121527,0.0547351393883519));
#9551=CARTESIAN_POINT('',(-0.0293050333513777,-0.0142338471993322,0.0543341149651133));
#9552=CARTESIAN_POINT('',(-0.0299119031396886,-0.0142066850958989,0.0564488921970359));
#9553=CARTESIAN_POINT('',(-0.0279894923107881,-0.0142066850958989,0.0570005593112693));
#9554=CARTESIAN_POINT('',(-0.0298337842632344,-0.0145666735067348,0.0561766690208444));
#9555=CARTESIAN_POINT('',(-0.027911373434334,-0.0145666735067348,0.0567283361350778));
#9556=CARTESIAN_POINT('',(-0.0297253968195608,-0.0147466677121527,0.0557989680666657));
#9557=CARTESIAN_POINT('',(-0.0278029859906603,-0.0147466677121527,0.056350635180899));
#9558=CARTESIAN_POINT('',(-0.0295867408086677,-0.0147466677121527,0.0553157893344996));
#9559=CARTESIAN_POINT('',(-0.0276643299797672,-0.0147466677121527,0.055867456448733));
#9560=CARTESIAN_POINT('',(-0.0299119031396886,-0.0142066850958989,0.0564488921970359));
#9561=CARTESIAN_POINT('',(-0.0299119031396886,-0.0142066850958989,0.0564488921970359));
#9562=CARTESIAN_POINT('',(-0.0299119031396886,-0.0142066850958989,0.0564488921970359));
#9563=CARTESIAN_POINT('',(-0.0297947248250073,-0.0147466677121527,0.0560405574327487));
#9564=CARTESIAN_POINT('',(-0.0295867408086677,-0.0147466677121527,0.0553157893344996));
#9565=CARTESIAN_POINT('',(-0.0300290814543698,-0.0127019045656947,0.0568572269613232));
#9566=CARTESIAN_POINT('',(-0.0281066706254694,-0.0127019045656947,0.0574088940755566));
#9567=CARTESIAN_POINT('',(-0.0300290814543698,-0.013345103174995,0.0568572269613232));
#9568=CARTESIAN_POINT('',(-0.0281066706254694,-0.013345103174995,0.0574088940755566));
#9569=CARTESIAN_POINT('',(-0.0299900220161427,-0.0138466966850631,0.0567211153732274));
#9570=CARTESIAN_POINT('',(-0.0280676111872423,-0.0138466966850631,0.0572727824874608));
#9571=CARTESIAN_POINT('',(-0.0299119031396886,-0.0142066850958989,0.0564488921970359));
#9572=CARTESIAN_POINT('',(-0.0279894923107881,-0.0142066850958989,0.0570005593112693));
#9573=CARTESIAN_POINT('',(-0.0300290814543698,-0.0127019045656947,0.0568572269613232));
#9574=CARTESIAN_POINT('',(-0.0300290814543698,-0.0127019045656947,0.0568572269613232));
#9575=CARTESIAN_POINT('',(-0.0300290814543698,-0.0127019045656947,0.0568572269613232));
#9576=CARTESIAN_POINT('',(-0.0300290814543698,-0.0136667024796451,0.0568572269613232));
#9577=CARTESIAN_POINT('',(-0.0299119031396886,-0.0142066850958989,0.0564488921970359));
#9578=CARTESIAN_POINT('',(-0.0298876283481561,-0.0110928215583066,0.056364301107759));
#9579=CARTESIAN_POINT('',(-0.0279652175192557,-0.0110928215583066,0.0569159682219924));
#9580=CARTESIAN_POINT('',(-0.0299819304189652,-0.0114730910063726,0.0566929183434685));
#9581=CARTESIAN_POINT('',(-0.0280595195900649,-0.0114730910063726,0.0572445854577018));
#9582=CARTESIAN_POINT('',(-0.0300290814543698,-0.0120094520088353,0.0568572269613232));
#9583=CARTESIAN_POINT('',(-0.0281066706254694,-0.0120094520088353,0.0574088940755566));
#9584=CARTESIAN_POINT('',(-0.0300290814543698,-0.0127019045656947,0.0568572269613232));
#9585=CARTESIAN_POINT('',(-0.0281066706254694,-0.0127019045656947,0.0574088940755566));
#9586=CARTESIAN_POINT('',(-0.0298876283481561,-0.0110928215583066,0.056364301107759));
#9587=CARTESIAN_POINT('',(-0.0298876283481561,-0.0110928215583066,0.056364301107759));
#9588=CARTESIAN_POINT('',(-0.0298876283481561,-0.0110928215583066,0.056364301107759));
#9589=CARTESIAN_POINT('',(-0.0300290814543698,-0.0116632257304057,0.0568572269613232));
#9590=CARTESIAN_POINT('',(-0.0300290814543698,-0.0127019045656947,0.0568572269613232));
#9591=CARTESIAN_POINT('',(-0.0294986323060685,-0.0105224173862075,0.0550087550104575));
#9592=CARTESIAN_POINT('',(-0.0275762214771681,-0.0105224173862075,0.0555604221246909));
#9593=CARTESIAN_POINT('',(-0.0296636609299844,-0.0105224173862075,0.055583835172949));
#9594=CARTESIAN_POINT('',(-0.0277412501010841,-0.0105224173862075,0.0561355022871824));
#9595=CARTESIAN_POINT('',(-0.029793326277347,-0.0107125521102405,0.0560356838720495));
#9596=CARTESIAN_POINT('',(-0.0278709154484466,-0.0107125521102405,0.0565873509862829));
#9597=CARTESIAN_POINT('',(-0.0298876283481561,-0.0110928215583066,0.056364301107759));
#9598=CARTESIAN_POINT('',(-0.0279652175192557,-0.0110928215583066,0.0569159682219924));
#9599=CARTESIAN_POINT('',(-0.0294986323060685,-0.0105224173862075,0.0550087550104575));
#9600=CARTESIAN_POINT('',(-0.0294986323060685,-0.0105224173862075,0.0550087550104575));
#9601=CARTESIAN_POINT('',(-0.0294986323060685,-0.0105224173862075,0.0550087550104575));
#9602=CARTESIAN_POINT('',(-0.0297461752419424,-0.0105224173862075,0.0558713752541948));
#9603=CARTESIAN_POINT('',(-0.0298876283481561,-0.0110928215583066,0.056364301107759));
#9604=CARTESIAN_POINT('',(-0.0294986323060685,-0.00986726745139654,0.0550087550104575));
#9605=CARTESIAN_POINT('',(-0.0294986323060685,-0.00921261408815169,0.0550087550104575));
#9606=CARTESIAN_POINT('',(-0.0294986323060685,-0.00921261408815169,0.0550087550104575));
#9607=CARTESIAN_POINT('',(-0.0294986323060685,-0.00986726745139654,0.0550087550104575));
#9608=CARTESIAN_POINT('',(-0.0295040033018734,-0.0119883334270523,0.0550274714795579));
#9609=CARTESIAN_POINT('',(-0.0299166981602382,-0.00964997062393022,0.0564656015480042));
#9610=CARTESIAN_POINT('',(-0.0299166981602382,-0.00964997062393022,0.0564656015480042));
#9611=CARTESIAN_POINT('',(-0.0295040033018733,-0.0119883334270523,0.0550274714795579));
#9612=CARTESIAN_POINT('',(-0.0302163869445892,-0.0108863895722136,0.0575099359835216));
#9613=CARTESIAN_POINT('',(-0.0282939761156888,-0.0108863895722136,0.058061603097755));
#9614=CARTESIAN_POINT('',(-0.0301438622587762,-0.0103540123449211,0.0572572070501264));
#9615=CARTESIAN_POINT('',(-0.0282214514298758,-0.0103540123449211,0.0578088741643598));
#9616=CARTESIAN_POINT('',(-0.0300439659973259,-0.00994187269549331,0.0569090955716206));
#9617=CARTESIAN_POINT('',(-0.0281215551684255,-0.00994187269549331,0.057460762685854));
#9618=CARTESIAN_POINT('',(-0.0299166981602382,-0.00964997062393022,0.0564656015480042));
#9619=CARTESIAN_POINT('',(-0.0279942873313378,-0.00964997062393022,0.0570172686622376));
#9620=CARTESIAN_POINT('',(-0.0302163869445892,-0.0108863895722136,0.0575099359835216));
#9621=CARTESIAN_POINT('',(-0.0302163869445892,-0.0108863895722136,0.0575099359835216));
#9622=CARTESIAN_POINT('',(-0.0302163869445892,-0.0108863895722136,0.0575099359835216));
#9623=CARTESIAN_POINT('',(-0.0301075999158698,-0.0100878237312749,0.0571308425834288));
#9624=CARTESIAN_POINT('',(-0.0299166981602382,-0.00964997062393022,0.0564656015480042));
#9625=CARTESIAN_POINT('',(-0.0303251739733086,-0.0127019045656947,0.0578890293836144));
#9626=CARTESIAN_POINT('',(-0.0284027631444083,-0.0127019045656947,0.0584406964978478));
#9627=CARTESIAN_POINT('',(-0.0303251739733086,-0.0120239384639998,0.0578890293836144));
#9628=CARTESIAN_POINT('',(-0.0284027631444083,-0.0120239384639998,0.0584406964978478));
#9629=CARTESIAN_POINT('',(-0.0302889116304021,-0.0114187667995061,0.0577626649169168));
#9630=CARTESIAN_POINT('',(-0.0283665008015018,-0.0114187667995061,0.0583143320311502));
#9631=CARTESIAN_POINT('',(-0.0302163869445892,-0.0108863895722136,0.0575099359835216));
#9632=CARTESIAN_POINT('',(-0.0282939761156889,-0.0108863895722136,0.058061603097755));
#9633=CARTESIAN_POINT('',(-0.0303251739733086,-0.0127019045656947,0.0578890293836144));
#9634=CARTESIAN_POINT('',(-0.0303251739733086,-0.0127019045656947,0.0578890293836144));
#9635=CARTESIAN_POINT('',(-0.0303251739733086,-0.0127019045656947,0.0578890293836144));
#9636=CARTESIAN_POINT('',(-0.0303251739733086,-0.0116849554131523,0.0578890293836144));
#9637=CARTESIAN_POINT('',(-0.0302163869445892,-0.0108863895722136,0.0575099359835216));
#9638=CARTESIAN_POINT('',(-0.0301141930691255,-0.0151301966126308,0.0571538179410102));
#9639=CARTESIAN_POINT('',(-0.0281917822402251,-0.0151301966126308,0.0577054850552436));
#9640=CARTESIAN_POINT('',(-0.0302548470052476,-0.0145080033633189,0.0576439589027463));
#9641=CARTESIAN_POINT('',(-0.0283324361763472,-0.0145080033633189,0.0581956260169797));
#9642=CARTESIAN_POINT('',(-0.0303251739733086,-0.0136985726810068,0.0578890293836144));
#9643=CARTESIAN_POINT('',(-0.0284027631444082,-0.0136985726810068,0.0584406964978478));
#9644=CARTESIAN_POINT('',(-0.0303251739733086,-0.0127019045656947,0.0578890293836144));
#9645=CARTESIAN_POINT('',(-0.0284027631444082,-0.0127019045656947,0.0584406964978478));
#9646=CARTESIAN_POINT('',(-0.0301141930691255,-0.0151301966126308,0.0571538179410102));
#9647=CARTESIAN_POINT('',(-0.0301141930691255,-0.0151301966126308,0.0571538179410102));
#9648=CARTESIAN_POINT('',(-0.0301141930691255,-0.0151301966126308,0.0571538179410102));
#9649=CARTESIAN_POINT('',(-0.0303251739733086,-0.0141969067386629,0.0578890293836144));
#9650=CARTESIAN_POINT('',(-0.0303251739733086,-0.0127019045656947,0.0578890293836144));
#9651=CARTESIAN_POINT('',(-0.0295813464105493,-0.0160634864865986,0.0552969913146603));
#9652=CARTESIAN_POINT('',(-0.027658935581649,-0.0160634864865986,0.0558486584288937));
#9653=CARTESIAN_POINT('',(-0.0297959235801447,-0.0160634864865986,0.0560447347704907));
#9654=CARTESIAN_POINT('',(-0.0278735127512443,-0.0160634864865986,0.0565964018847241));
#9655=CARTESIAN_POINT('',(-0.0299735391330034,-0.0157523898619427,0.056663676979274));
#9656=CARTESIAN_POINT('',(-0.028051128304103,-0.0157523898619427,0.0572153440935074));
#9657=CARTESIAN_POINT('',(-0.0301141930691255,-0.0151301966126308,0.0571538179410102));
#9658=CARTESIAN_POINT('',(-0.0281917822402251,-0.0151301966126308,0.0577054850552436));
#9659=CARTESIAN_POINT('',(-0.0295813464105493,-0.0160634864865986,0.0552969913146603));
#9660=CARTESIAN_POINT('',(-0.0295813464105493,-0.0160634864865986,0.0552969913146603));
#9661=CARTESIAN_POINT('',(-0.0295813464105493,-0.0160634864865986,0.0552969913146603));
#9662=CARTESIAN_POINT('',(-0.0299032121649423,-0.0160634864865986,0.0564186064984059));
#9663=CARTESIAN_POINT('',(-0.0301141930691255,-0.0151301966126308,0.0571538179410102));
#9664=CARTESIAN_POINT('',(-0.0291027434219408,-0.0152996881380545,0.0536291892211391));
#9665=CARTESIAN_POINT('',(-0.0271803325930404,-0.0152996881380545,0.0541808563353725));
#9666=CARTESIAN_POINT('',(-0.0292320091842575,-0.0158088870370839,0.0540796454743256));
#9667=CARTESIAN_POINT('',(-0.0273095983553572,-0.0158088870370839,0.0546313125885589));
#9668=CARTESIAN_POINT('',(-0.0293915435137937,-0.0160634864865986,0.0546355795054993));
#9669=CARTESIAN_POINT('',(-0.0274691326848934,-0.0160634864865986,0.0551872466197327));
#9670=CARTESIAN_POINT('',(-0.0295813464105493,-0.0160634864865986,0.0552969913146603));
#9671=CARTESIAN_POINT('',(-0.027658935581649,-0.0160634864865986,0.0558486584288937));
#9672=CARTESIAN_POINT('',(-0.0291027434219408,-0.0152996881380545,0.0536291892211391));
#9673=CARTESIAN_POINT('',(-0.0292966420654159,-0.0160634864865986,0.0543048736009188));
#9674=CARTESIAN_POINT('',(-0.0295813464105493,-0.0160634864865986,0.0552969913146603));
#9675=CARTESIAN_POINT('',(-0.0300125032728911,-0.0425,0.0567994564784072));
#9676=CARTESIAN_POINT('',(-0.0283855881609887,-0.0213611831402275,0.051130096916946));
#9677=CARTESIAN_POINT('',(-0.0284988705214735,-0.0209678758825135,0.0515248553335715));
#9678=CARTESIAN_POINT('',(-0.0284988705214735,-0.0209678758825135,0.0515248553335715));
#9679=CARTESIAN_POINT('',(-0.0283855881609887,-0.0213611831402275,0.051130096916946));
#9680=CARTESIAN_POINT('',(-0.0282723058005041,-0.0217544903979415,0.0507353385003204));
#9681=CARTESIAN_POINT('',(-0.0282723058005041,-0.0217544903979415,0.0507353385003204));
#9682=CARTESIAN_POINT('',(-0.0280295578851797,-0.0196879975687369,0.0498894276075513));
#9683=CARTESIAN_POINT('',(-0.027560245248886,-0.0184081192549602,0.0482539998815312));
#9684=CARTESIAN_POINT('',(-0.027560245248886,-0.0184081192549602,0.0482539998815312));
#9685=CARTESIAN_POINT('',(-0.0280295578851797,-0.0196879975687369,0.0498894276075513));
#9686=CARTESIAN_POINT('',(-0.027560245248886,-0.017670396525712,0.0482539998815311));
#9687=CARTESIAN_POINT('',(-0.027560245248886,-0.0169326737964639,0.0482539998815311));
#9688=CARTESIAN_POINT('',(-0.027560245248886,-0.0169326737964639,0.0482539998815311));
#9689=CARTESIAN_POINT('',(-0.027560245248886,-0.017670396525712,0.0482539998815311));
#9690=CARTESIAN_POINT('',(-0.0281503324652732,-0.018528718994204,0.0503102943850648));
#9691=CARTESIAN_POINT('',(-0.0287404196816603,-0.0201247641919442,0.0523665888885985));
#9692=CARTESIAN_POINT('',(-0.0287404196816603,-0.0201247641919442,0.0523665888885985));
#9693=CARTESIAN_POINT('',(-0.0281503324652732,-0.018528718994204,0.0503102943850648));
#9694=CARTESIAN_POINT('',(-0.029163580245164,-0.0186960375513531,0.0538411891115491));
#9695=CARTESIAN_POINT('',(-0.0295867408086677,-0.0172673109107621,0.0553157893344996));
#9696=CARTESIAN_POINT('',(-0.0295867408086677,-0.0172673109107621,0.0553157893344996));
#9697=CARTESIAN_POINT('',(-0.029163580245164,-0.0186960375513531,0.0538411891115491));
#9698=CARTESIAN_POINT('',(-0.0295867408086677,-0.0180311092593061,0.0553157893344996));
#9699=CARTESIAN_POINT('',(-0.0295867408086677,-0.0187949076078503,0.0553157893344996));
#9700=CARTESIAN_POINT('',(-0.0295867408086677,-0.0187949076078503,0.0553157893344996));
#9701=CARTESIAN_POINT('',(-0.0295867408086677,-0.0180311092593061,0.0553157893344996));
#9702=CARTESIAN_POINT('',(-0.0292534868804693,-0.0199389754044604,0.0541544894422043));
#9703=CARTESIAN_POINT('',(-0.028920232952271,-0.0210830432010706,0.052993189549909));
#9704=CARTESIAN_POINT('',(-0.028920232952271,-0.0210830432010706,0.052993189549909));
#9705=CARTESIAN_POINT('',(-0.0292534868804693,-0.0199389754044604,0.0541544894422043));
#9706=CARTESIAN_POINT('',(-0.0288087487244924,-0.0214187667995061,0.0526046971398965));
#9707=CARTESIAN_POINT('',(-0.0286972644967138,-0.0217544903979415,0.052216204729884));
#9708=CARTESIAN_POINT('',(-0.0286972644967138,-0.0217544903979415,0.052216204729884));
#9709=CARTESIAN_POINT('',(-0.0288087487244924,-0.0214187667995061,0.0526046971398965));
#9710=CARTESIAN_POINT('',(-0.0295672610376848,-0.0217544903979415,0.055247907596191));
#9711=CARTESIAN_POINT('',(-0.0304372575786559,-0.0217544903979415,0.0582796104624979));
#9712=CARTESIAN_POINT('',(-0.0304372575786559,-0.0217544903979415,0.0582796104624979));
#9713=CARTESIAN_POINT('',(-0.0295672610376848,-0.0217544903979415,0.055247907596191));
#9714=CARTESIAN_POINT('',(-0.0304372575786559,-0.0223824782293192,0.0582796104624979));
#9715=CARTESIAN_POINT('',(-0.0304372575786559,-0.0230104660606969,0.0582796104624979));
#9716=CARTESIAN_POINT('',(-0.0304372575786559,-0.0230104660606969,0.0582796104624979));
#9717=CARTESIAN_POINT('',(-0.0304372575786559,-0.0223824782293192,0.0582796104624979));
#9718=CARTESIAN_POINT('',(-0.028998751413771,-0.0230104660606969,0.0532668051720145));
#9719=CARTESIAN_POINT('',(-0.027560245248886,-0.0230104660606969,0.0482539998815311));
#9720=CARTESIAN_POINT('',(-0.027560245248886,-0.0230104660606969,0.0482539998815311));
#9721=CARTESIAN_POINT('',(-0.028998751413771,-0.0230104660606969,0.0532668051720145));
#9722=CARTESIAN_POINT('',(-0.027560245248886,-0.0223824782293192,0.0482539998815311));
#9723=CARTESIAN_POINT('',(-0.027560245248886,-0.0217544903979415,0.0482539998815311));
#9724=CARTESIAN_POINT('',(-0.027560245248886,-0.0217544903979415,0.0482539998815311));
#9725=CARTESIAN_POINT('',(-0.027560245248886,-0.0223824782293192,0.0482539998815311));
#9726=CARTESIAN_POINT('',(-0.0279162755246951,-0.0217544903979415,0.0494946691909258));
#9727=CARTESIAN_POINT('',(-0.0279162755246951,-0.0217544903979415,0.0494946691909258));
#9728=CARTESIAN_POINT('',(-0.0300125032728911,-0.0425,0.0567994564784072));
#9729=CARTESIAN_POINT('',(-0.0301243824877934,-0.0263850857912488,0.0571893253118178));
#9730=CARTESIAN_POINT('',(-0.0282019716588931,-0.0263850857912488,0.0577409924260512));
#9731=CARTESIAN_POINT('',(-0.0301807239792514,-0.0263850857912488,0.0573856601856951));
#9732=CARTESIAN_POINT('',(-0.0282583131503511,-0.0263850857912488,0.0579373272999284));
#9733=CARTESIAN_POINT('',(-0.0302282745997018,-0.0263227940340418,0.0575513612494638));
#9734=CARTESIAN_POINT('',(-0.0283058637708014,-0.0263227940340418,0.0581030283636972));
#9735=CARTESIAN_POINT('',(-0.0302670343491445,-0.0261982105196278,0.057686428503124));
#9736=CARTESIAN_POINT('',(-0.0283446235202442,-0.0261982105196278,0.0582380956173574));
#9737=CARTESIAN_POINT('',(-0.0301243824877934,-0.0263850857912488,0.0571893253118178));
#9738=CARTESIAN_POINT('',(-0.0301243824877934,-0.0263850857912488,0.0571893253118178));
#9739=CARTESIAN_POINT('',(-0.0301243824877934,-0.0263850857912488,0.0571893253118178));
#9740=CARTESIAN_POINT('',(-0.0302088947249804,-0.0263850857912488,0.0574838276226337));
#9741=CARTESIAN_POINT('',(-0.0302670343491445,-0.0261982105196278,0.057686428503124));
#9742=CARTESIAN_POINT('',(-0.0302670343491445,-0.0261982105196278,0.057686428503124));
#9743=CARTESIAN_POINT('',(-0.0302670343491445,-0.0261982105196278,0.057686428503124));
#9744=CARTESIAN_POINT('',(-0.0299841281367172,-0.0261982105196278,0.0567005767959956));
#9745=CARTESIAN_POINT('',(-0.0280617173078167,-0.0261982105196278,0.057252243910229));
#9746=CARTESIAN_POINT('',(-0.0300216891310225,-0.0263227940340418,0.0568314667119138));
#9747=CARTESIAN_POINT('',(-0.0280992783021221,-0.0263227940340418,0.0573831338261472));
#9748=CARTESIAN_POINT('',(-0.0300684405813812,-0.0263850857912488,0.0569943828838545));
#9749=CARTESIAN_POINT('',(-0.0281460297524808,-0.0263850857912488,0.0575460499980879));
#9750=CARTESIAN_POINT('',(-0.0301243824877934,-0.0263850857912488,0.0571893253118178));
#9751=CARTESIAN_POINT('',(-0.028201971658893,-0.0263850857912488,0.0577409924260512));
#9752=CARTESIAN_POINT('',(-0.0299841281367172,-0.0261982105196278,0.0567005767959956));
#9753=CARTESIAN_POINT('',(-0.0299841281367172,-0.0261982105196278,0.0567005767959956));
#9754=CARTESIAN_POINT('',(-0.0299841281367172,-0.0261982105196278,0.0567005767959956));
#9755=CARTESIAN_POINT('',(-0.0300404696281752,-0.0263850857912488,0.0568969116698729));
#9756=CARTESIAN_POINT('',(-0.0301243824877934,-0.0263850857912488,0.0571893253118178));
#9757=CARTESIAN_POINT('',(-0.0299277866452591,-0.025645190093726,0.0565042419221184));
#9758=CARTESIAN_POINT('',(-0.0280053758163588,-0.025645190093726,0.0570559090363518));
#9759=CARTESIAN_POINT('',(-0.0299277866452591,-0.0258892868632464,0.0565042419221184));
#9760=CARTESIAN_POINT('',(-0.0280053758163588,-0.0258892868632464,0.0570559090363518));
#9761=CARTESIAN_POINT('',(-0.0299465671424118,-0.0260736270052137,0.0565696868800775));
#9762=CARTESIAN_POINT('',(-0.0280241563135114,-0.0260736270052137,0.0571213539943108));
#9763=CARTESIAN_POINT('',(-0.0299841281367172,-0.0261982105196278,0.0567005767959956));
#9764=CARTESIAN_POINT('',(-0.0280617173078168,-0.0261982105196278,0.057252243910229));
#9765=CARTESIAN_POINT('',(-0.0299277866452591,-0.025645190093726,0.0565042419221184));
#9766=CARTESIAN_POINT('',(-0.0299277866452591,-0.025645190093726,0.0565042419221184));
#9767=CARTESIAN_POINT('',(-0.0299277866452591,-0.025645190093726,0.0565042419221184));
#9768=CARTESIAN_POINT('',(-0.0299277866452591,-0.0260113352480067,0.0565042419221184));
#9769=CARTESIAN_POINT('',(-0.0299841281367172,-0.0261982105196278,0.0567005767959956));
#9770=CARTESIAN_POINT('',(-0.0299841281367172,-0.0250889102154122,0.0567005767959956));
#9771=CARTESIAN_POINT('',(-0.0280617173078167,-0.0250889102154122,0.057252243910229));
#9772=CARTESIAN_POINT('',(-0.0299465671424118,-0.0252156666981009,0.0565696868800775));
#9773=CARTESIAN_POINT('',(-0.0280241563135114,-0.0252156666981009,0.0571213539943108));
#9774=CARTESIAN_POINT('',(-0.0299277866452591,-0.0254010933242055,0.0565042419221184));
#9775=CARTESIAN_POINT('',(-0.0280053758163587,-0.0254010933242055,0.0570559090363518));
#9776=CARTESIAN_POINT('',(-0.0299277866452591,-0.025645190093726,0.0565042419221184));
#9777=CARTESIAN_POINT('',(-0.0280053758163587,-0.025645190093726,0.0570559090363518));
#9778=CARTESIAN_POINT('',(-0.0299841281367172,-0.0250889102154122,0.0567005767959956));
#9779=CARTESIAN_POINT('',(-0.0299841281367172,-0.0250889102154122,0.0567005767959956));
#9780=CARTESIAN_POINT('',(-0.0299841281367172,-0.0250889102154122,0.0567005767959956));
#9781=CARTESIAN_POINT('',(-0.0299277866452591,-0.0252790449394452,0.0565042419221184));
#9782=CARTESIAN_POINT('',(-0.0299277866452591,-0.025645190093726,0.0565042419221184));
#9783=CARTESIAN_POINT('',(-0.0301246821765778,-0.0248987754913792,0.0571903696462533));
#9784=CARTESIAN_POINT('',(-0.0282022713476774,-0.0248987754913792,0.0577420367604867));
#9785=CARTESIAN_POINT('',(-0.0300685404776427,-0.0248987754913792,0.056994730995333));
#9786=CARTESIAN_POINT('',(-0.0281461296487423,-0.0248987754913792,0.0575463981095664));
#9787=CARTESIAN_POINT('',(-0.0300216891310225,-0.0249621537327235,0.0568314667119138));
#9788=CARTESIAN_POINT('',(-0.0280992783021221,-0.0249621537327235,0.0573831338261472));
#9789=CARTESIAN_POINT('',(-0.0299841281367172,-0.0250889102154122,0.0567005767959956));
#9790=CARTESIAN_POINT('',(-0.0280617173078168,-0.0250889102154122,0.057252243910229));
#9791=CARTESIAN_POINT('',(-0.0301246821765778,-0.0248987754913792,0.0571903696462533));
#9792=CARTESIAN_POINT('',(-0.0301246821765778,-0.0248987754913792,0.0571903696462533));
#9793=CARTESIAN_POINT('',(-0.0301246821765778,-0.0248987754913792,0.0571903696462533));
#9794=CARTESIAN_POINT('',(-0.0300404696281752,-0.0248987754913792,0.0568969116698729));
#9795=CARTESIAN_POINT('',(-0.0299841281367172,-0.0250889102154122,0.0567005767959956));
#9796=CARTESIAN_POINT('',(-0.0302670343491445,-0.0250889102154122,0.057686428503124));
#9797=CARTESIAN_POINT('',(-0.0283446235202441,-0.0250889102154122,0.0582380956173574));
#9798=CARTESIAN_POINT('',(-0.0302282745997018,-0.0249621537327235,0.0575513612494638));
#9799=CARTESIAN_POINT('',(-0.0283058637708014,-0.0249621537327235,0.0581030283636972));
#9800=CARTESIAN_POINT('',(-0.0301808238755129,-0.0248987754913792,0.0573860082971736));
#9801=CARTESIAN_POINT('',(-0.0282584130466125,-0.0248987754913792,0.0579376754114069));
#9802=CARTESIAN_POINT('',(-0.0301246821765778,-0.0248987754913792,0.0571903696462533));
#9803=CARTESIAN_POINT('',(-0.0282022713476774,-0.0248987754913792,0.0577420367604867));
#9804=CARTESIAN_POINT('',(-0.0302670343491445,-0.0250889102154122,0.057686428503124));
#9805=CARTESIAN_POINT('',(-0.0302670343491445,-0.0250889102154122,0.057686428503124));
#9806=CARTESIAN_POINT('',(-0.0302670343491445,-0.0250889102154122,0.057686428503124));
#9807=CARTESIAN_POINT('',(-0.0302088947249804,-0.0248987754913792,0.0574838276226337));
#9808=CARTESIAN_POINT('',(-0.0301246821765778,-0.0248987754913792,0.0571903696462533));
#9809=CARTESIAN_POINT('',(-0.0303251739733086,-0.025645190093726,0.0578890293836144));
#9810=CARTESIAN_POINT('',(-0.0284027631444082,-0.025645190093726,0.0584406964978478));
#9811=CARTESIAN_POINT('',(-0.0303251739733086,-0.0254010933242055,0.0578890293836144));
#9812=CARTESIAN_POINT('',(-0.0284027631444082,-0.0254010933242055,0.0584406964978478));
#9813=CARTESIAN_POINT('',(-0.0303057940985872,-0.0252156666981009,0.0578214957567843));
#9814=CARTESIAN_POINT('',(-0.0283833832696869,-0.0252156666981009,0.0583731628710176));
#9815=CARTESIAN_POINT('',(-0.0302670343491445,-0.0250889102154122,0.057686428503124));
#9816=CARTESIAN_POINT('',(-0.0283446235202441,-0.0250889102154122,0.0582380956173574));
#9817=CARTESIAN_POINT('',(-0.0303251739733086,-0.025645190093726,0.0578890293836144));
#9818=CARTESIAN_POINT('',(-0.0303251739733086,-0.025645190093726,0.0578890293836144));
#9819=CARTESIAN_POINT('',(-0.0303251739733086,-0.025645190093726,0.0578890293836144));
#9820=CARTESIAN_POINT('',(-0.0303251739733086,-0.0252790449394452,0.0578890293836144));
#9821=CARTESIAN_POINT('',(-0.0302670343491445,-0.0250889102154122,0.057686428503124));
#9822=CARTESIAN_POINT('',(-0.0302670343491445,-0.0261982105196278,0.057686428503124));
#9823=CARTESIAN_POINT('',(-0.0283446235202441,-0.0261982105196278,0.0582380956173574));
#9824=CARTESIAN_POINT('',(-0.0303057940985872,-0.0260736270052137,0.0578214957567843));
#9825=CARTESIAN_POINT('',(-0.0283833832696869,-0.0260736270052137,0.0583731628710176));
#9826=CARTESIAN_POINT('',(-0.0303251739733086,-0.0258892868632464,0.0578890293836144));
#9827=CARTESIAN_POINT('',(-0.0284027631444082,-0.0258892868632464,0.0584406964978478));
#9828=CARTESIAN_POINT('',(-0.0303251739733086,-0.025645190093726,0.0578890293836144));
#9829=CARTESIAN_POINT('',(-0.0284027631444082,-0.025645190093726,0.0584406964978478));
#9830=CARTESIAN_POINT('',(-0.0302670343491445,-0.0261982105196278,0.057686428503124));
#9831=CARTESIAN_POINT('',(-0.0303251739733086,-0.0260113352480067,0.0578890293836144));
#9832=CARTESIAN_POINT('',(-0.0303251739733086,-0.025645190093726,0.0578890293836144));
#9833=CARTESIAN_POINT('',(-0.0300125032728911,-0.0425,0.0567994564784072));
#9834=CARTESIAN_POINT('',(-0.027560245248886,-0.0256549684509619,0.0482539998815311));
#9835=CARTESIAN_POINT('',(-0.027560245248886,-0.0250269806195843,0.0482539998815311));
#9836=CARTESIAN_POINT('',(-0.027560245248886,-0.0250269806195843,0.0482539998815311));
#9837=CARTESIAN_POINT('',(-0.027560245248886,-0.0256549684509619,0.0482539998815311));
#9838=CARTESIAN_POINT('',(-0.027560245248886,-0.0262829562823396,0.0482539998815311));
#9839=CARTESIAN_POINT('',(-0.027560245248886,-0.0262829562823396,0.0482539998815311));
#9840=CARTESIAN_POINT('',(-0.0285734930287768,-0.0250269806195843,0.0517848946080154));
#9841=CARTESIAN_POINT('',(-0.0295867408086677,-0.0250269806195843,0.0553157893344996));
#9842=CARTESIAN_POINT('',(-0.0295867408086677,-0.0250269806195843,0.0553157893344996));
#9843=CARTESIAN_POINT('',(-0.0285734930287768,-0.0250269806195843,0.0517848946080154));
#9844=CARTESIAN_POINT('',(-0.0295867408086677,-0.0256549684509619,0.0553157893344996));
#9845=CARTESIAN_POINT('',(-0.0295867408086677,-0.0262829562823396,0.0553157893344996));
#9846=CARTESIAN_POINT('',(-0.0295867408086677,-0.0262829562823396,0.0553157893344996));
#9847=CARTESIAN_POINT('',(-0.0295867408086677,-0.0256549684509619,0.0553157893344996));
#9848=CARTESIAN_POINT('',(-0.0285734930287768,-0.0262829562823396,0.0517848946080154));
#9849=CARTESIAN_POINT('',(-0.0285734930287768,-0.0262829562823396,0.0517848946080154));
#9850=CARTESIAN_POINT('',(-0.0300125032728911,-0.0425,0.0567994564784072));
#9851=CARTESIAN_POINT('',(-0.0288724816575927,-0.085,0.0600775385951616));
#9852=CARTESIAN_POINT('',(-0.0288724816575927,-0.085,0.0600775385951616));
#9853=CARTESIAN_POINT('',(-0.0288724816575927,-0.085,0.0600775385951616));
#9854=CARTESIAN_POINT('',(-0.0288724816575927,-0.085,0.0600775385951616));
#9855=CARTESIAN_POINT('',(-0.0288724816575927,-0.085,0.0600775385951616));
#9856=CARTESIAN_POINT('',(-0.0409741376903264,-0.0428419039961011,0.0875534579455406));
#9857=CARTESIAN_POINT('',(-0.0409741376903264,-0.0753419039961012,0.0875534579455406));
#9858=CARTESIAN_POINT('',(-0.0409741376903264,-0.0103419039961011,0.0875534579455407));
#9859=CARTESIAN_POINT('',(-0.0486297935541418,-0.0265919039961012,0.0693669685913656));
#9860=CARTESIAN_POINT('',(-0.0562854494179572,-0.0428419039961012,0.0511804792371905));
#9861=CARTESIAN_POINT('',(-0.0486297935541418,-0.0590919039961012,0.0693669685913656));
#9862=CARTESIAN_POINT('',(-0.0682365863999315,-0.0265919039961012,0.0227898058109897));
#9863=CARTESIAN_POINT('',(-0.0605809305361161,-0.0428419039961012,0.0409762951651647));
#9864=CARTESIAN_POINT('',(-0.0758922422637469,-0.0103419039961012,0.00460331645681458));
#9865=CARTESIAN_POINT('',(-0.0758922422637469,-0.0428419039961012,0.0046033164568146));
#9866=CARTESIAN_POINT('',(-0.0758922422637469,-0.0753419039961012,0.00460331645681457));
#9867=CARTESIAN_POINT('',(-0.0682365863999315,-0.0590919039961012,0.0227898058109897));
#9868=CARTESIAN_POINT('',(-0.0584331899770366,-0.0803419039961012,0.0460783872011776));
#9869=CARTESIAN_POINT('',(-0.0739523475652236,-0.0803419039961012,0.00921165765063269));
#9870=CARTESIAN_POINT('',(-0.0429140323888497,-0.0803419039961012,0.0829451167517225));
#9871=CARTESIAN_POINT('',(-0.0506736111829432,-0.0638713157608071,0.0645117519764501));
#9872=CARTESIAN_POINT('',(-0.0584331899770367,-0.047400727525513,0.0460783872011776));
#9873=CARTESIAN_POINT('',(-0.0661927687711301,-0.0638713157608071,0.0276450224259051));
#9874=CARTESIAN_POINT('',(-0.0506736111829432,-0.0218124922313953,0.0645117519764501));
#9875=CARTESIAN_POINT('',(-0.0584331899770367,-0.0382830804666894,0.0460783872011776));
#9876=CARTESIAN_POINT('',(-0.0429140323888497,-0.00534190399610118,0.0829451167517225));
#9877=CARTESIAN_POINT('',(-0.0584331899770367,-0.00534190399610118,0.0460783872011776));
#9878=CARTESIAN_POINT('',(-0.0739523475652236,-0.00534190399610118,0.0092116576506327));
#9879=CARTESIAN_POINT('',(-0.0661927687711301,-0.0218124922313953,0.0276450224259051));
#9880=CARTESIAN_POINT('',(-0.01391985608773,-0.002,0.0188478028919478));
#9881=CARTESIAN_POINT('',(-0.0100750344299293,-0.00200000000000003,0.0199511371204145));
#9882=CARTESIAN_POINT('',(-0.0177646777455308,-0.00200000000000003,0.017744468663481));
#9883=CARTESIAN_POINT('',(-0.0177646777455308,-0.085,0.017744468663481));
#9884=CARTESIAN_POINT('',(-0.0177646777455308,-0.083,0.017744468663481));
#9885=CARTESIAN_POINT('',(-0.0100750344299293,-0.085,0.0199511371204145));
#9886=CARTESIAN_POINT('',(-0.0100750344299293,-0.083,0.0199511371204145));
#9887=CARTESIAN_POINT('',(-0.0320854167792723,-0.083,0.0136348992323972));
#9888=CARTESIAN_POINT('',(-0.011748324046632,-0.085,0.0294074740026398));
#9889=MECHANICAL_DESIGN_GEOMETRIC_PRESENTATION_REPRESENTATION('',(#5712),
#9890);
#9890=(
GEOMETRIC_REPRESENTATION_CONTEXT(3)
GLOBAL_UNCERTAINTY_ASSIGNED_CONTEXT((#9891))
GLOBAL_UNIT_ASSIGNED_CONTEXT((#9894,#9893,#9892))
REPRESENTATION_CONTEXT('Part 1','TOP_LEVEL_ASSEMBLY_PART')
);
#9891=UNCERTAINTY_MEASURE_WITH_UNIT(LENGTH_MEASURE(2.E-5),#9894,
'DISTANCE_ACCURACY_VALUE','Maximum Tolerance applied to model');
#9892=(
NAMED_UNIT(*)
SI_UNIT($,.STERADIAN.)
SOLID_ANGLE_UNIT()
);
#9893=(
NAMED_UNIT(*)
PLANE_ANGLE_UNIT()
SI_UNIT($,.RADIAN.)
);
#9894=(
LENGTH_UNIT()
NAMED_UNIT(*)
SI_UNIT($,.METRE.)
);
#9895=PRODUCT_DEFINITION_SHAPE('','',#9896);
#9896=PRODUCT_DEFINITION('','',#9898,#9897);
#9897=PRODUCT_DEFINITION_CONTEXT('',#9904,'design');
#9898=PRODUCT_DEFINITION_FORMATION_WITH_SPECIFIED_SOURCE('','',#9900,
 .NOT_KNOWN.);
#9899=PRODUCT_RELATED_PRODUCT_CATEGORY('','',(#9900));
#9900=PRODUCT('Part 1','Part 1','Part 1',(#9902));
#9901=PRODUCT_CATEGORY('','');
#9902=PRODUCT_CONTEXT('',#9904,'mechanical');
#9903=APPLICATION_PROTOCOL_DEFINITION('international standard',
'ap242_managed_model_based_3d_engineering',2020,#9904);
#9904=APPLICATION_CONTEXT('managed model based 3d engineering');
ENDSEC;
END-ISO-10303-21;
